time,best,best bound,gap %,status
6.445441961288452,8.95249999999993,40.931000000000026,357.20189891092264,2
time,best,best bound,gap %,status
6.457103967666626,9.239499999999932,9.239499999999948,1.7303113322801419e-13,2
