time,best,best bound,gap %,status
413.04987478256226,3.247649999999316,12.68495,290.5885794344425,2
time,best,best bound,gap %,status
417.95962595939636,5.403000000000675,12.68495,134.77605034237308,2
time,best,best bound,gap %,status
1428.7197878360748,5.405100000000676,8.2894,53.362564984902484,2
