time,best,best bound,gap %,status
10.536344051361084,-79.87199999999946,1e+100,1.2520032051282137e+100,2
time,best,best bound,gap %,status
12.29476523399353,-59.431999999998986,282.959999999881,576.1071476643657,2
time,best,best bound,gap %,status
12.82645297050476,-23.539999999999797,-23.54000000000005,1.0715491554581043e-12,2
