time,best,best bound,gap %,status
503.01704502105713,5.159100000001527,18.96,267.5059603418113,2
time,best,best bound,gap %,status
510.44567608833313,9.852300000000154,18.96,92.44237386193787,2
