time,best,best bound,gap %,status
80.32080888748169,7.565000000001345,30.720150000000828,306.0826173165283,2
time,best,best bound,gap %,status
80.59676814079285,11.486249999998059,11.857133777271212,3.228937009669963,2
time,best,best bound,gap %,status
80.62759399414062,11.488549999998057,11.857133777271212,3.208270645757886,2
time,best,best bound,gap %,status
80.71218204498291,11.59479999999799,11.857133777271212,2.262512309597985,2
