time,best,best bound,gap %,status
24.250650882720947,4.362499999999923,14.17999999999973,225.04297994269297,2
time,best,best bound,gap %,status
24.33250594139099,6.993999999999675,7.282999999999808,4.132113239922024,2
