time,best,best bound,gap %,status
29.037708044052124,-33.37840000000458,1e+100,2.99594947630762e+100,2
time,best,best bound,gap %,status
38.71627497673035,-17.830399999998775,241.97689999916437,1457.1030375043802,2
time,best,best bound,gap %,status
44.016661167144775,8.901600000001887,8.901600000001887,0.0,2
