time,best,best bound,gap %,status
12.001329183578491,-51.61920000000252,1e+100,1.9372636538341377e+100,2
time,best,best bound,gap %,status
14.991315364837646,-42.13920000000016,185.63779999973326,540.5347040279183,2
time,best,best bound,gap %,status
16.5156352519989,-24.879200000000136,-24.879200000000136,0.0,2
