time,best,best bound,gap %,status
127.20080494880676,-0.4153333333333683,15.75975555555556,3894.483681112576,2
time,best,best bound,gap %,status
140.7745590209961,6.881188888888603,7.024878968462755,2.0881577572470875,2
time,best,best bound,gap %,status
152.32011604309082,6.881933333333047,6.9184145676169,0.5301015356710136,2
