time,best,best bound,gap %,status
2.7607240676879883,3.1534999999999656,12.073500000000022,282.8603139369004,2
time,best,best bound,gap %,status
2.7709970474243164,5.002499999999946,5.084999999999996,1.6491754122948743,2
