time,best,best bound,gap %,status
1.1319777965545654,-325.5840000000017,1e+100,3.071404000196554e+99,2
time,best,best bound,gap %,status
1.3165919780731201,-280.5040000000006,111.07600000000014,139.5987222998602,2
time,best,best bound,gap %,status
1.3721840381622314,-202.3239999999998,-202.32399999999987,2.8095242710112528e-14,2
