time,best,best bound,gap %,status
100.40953016281128,7.761011111111259,22.17786666666724,185.76001695082877,2
time,best,best bound,gap %,status
100.67348504066467,9.501722222223927,9.712712309832998,2.2205457355465352,2
