time,best,best bound,gap %,status
104.87964391708374,6.512444444444982,22.73712222222319,249.13345390021124,2
time,best,best bound,gap %,status
108.4708149433136,6.530255555556084,10.043721054929293,53.80287906778588,2
time,best,best bound,gap %,status
108.50320792198181,6.548222222222749,10.043721054929293,53.380882842427745,2
time,best,best bound,gap %,status
108.89187002182007,9.67985555555743,10.043721054929293,3.7589972007687646,2
