time,best,best bound,gap %,status
36.16157007217407,6.492499999999902,23.78599999999969,266.36118598382825,2
time,best,best bound,gap %,status
36.21771502494812,9.568500000000265,9.77199999999969,2.12677013115346,2
