time,best,best bound,gap %,status
79.04147982597351,8.712600000000508,27.603950000000857,216.8279273695481,2
time,best,best bound,gap %,status
79.1504487991333,11.347049999998177,11.623548367348244,2.4367423017446064,2
time,best,best bound,gap %,status
79.20755767822266,11.428749999998104,11.623548367348244,1.7044590821408503,2
