time,best,best bound,gap %,status
91.1688232421875,-0.4153333333333683,15.618533333333358,3860.481540930668,2
time,best,best bound,gap %,status
95.62235641479492,6.4513888888887525,7.101133655779485,10.071393587972812,2
time,best,best bound,gap %,status
98.41558337211609,6.72207777777755,6.822643851766971,1.496056387831182,2
