time,best,best bound,gap %,status
2.448153018951416,-61.75999999999949,1e+100,1.6191709844559719e+100,2
time,best,best bound,gap %,status
2.690855026245117,-44.62199999999969,119.91200000000059,368.728429922463,2
time,best,best bound,gap %,status
2.851392984390259,-30.72399999999974,-30.724000000000064,1.0522618954916297e-12,2
