time,best,best bound,gap %,status
1.052515983581543,-325.5840000000017,1e+100,3.071404000196554e+99,2
time,best,best bound,gap %,status
1.2194218635559082,-300.4040000000007,91.17600000000004,130.35112714877292,2
time,best,best bound,gap %,status
1.2850639820098877,-254.44400000000024,-254.44400000000024,0.0,2
