time,best,best bound,gap %,status
2.0175399780273438,-360.3600000000036,1e+100,2.775002775002747e+99,2
time,best,best bound,gap %,status
2.2537848949432373,-314.4400000000006,171.7160000000002,154.61010049612005,2
time,best,best bound,gap %,status
2.3302369117736816,-234.78,-234.78,0.0,2
