time,best,best bound,gap %,status
6.678932189941406,-56.39999999999892,1e+100,1.773049645390105e+100,2
time,best,best bound,gap %,status
7.154545068740845,-48.39999999999912,272.8639999999283,663.7685950411844,2
time,best,best bound,gap %,status
7.333791971206665,-45.59999999999917,-45.59999999999996,1.729610606784486e-12,2
