time,best,best bound,gap %,status
19.613484144210815,-23.27360000000015,1e+100,4.296713873229726e+100,2
time,best,best bound,gap %,status
21.43101215362549,-13.303599999998818,225.30599999924274,1793.5716648069904,2
time,best,best bound,gap %,status
23.911030054092407,-7.025599999998381,-7.025599999998381,0.0,2
