time,best,best bound,gap %,status
12.390418291091919,-24.864000000000058,1e+100,4.0218790218790126e+100,2
time,best,best bound,gap %,status
13.634088039398193,-11.200399999999318,146.74719999962988,1410.1960644230458,2
time,best,best bound,gap %,status
16.580755949020386,-0.6279999999984576,-0.6279999999984576,0.0,2
