time,best,best bound,gap %,status
6.485525846481323,9.218999999999932,40.77350000000002,342.276819611675,2
time,best,best bound,gap %,status
6.49576997756958,9.239499999999932,9.239499999999948,1.7303113322801419e-13,2
