time,best,best bound,gap %,status
12.079758644104004,-51.61920000000252,1e+100,1.9372636538341377e+100,2
time,best,best bound,gap %,status
14.84264087677002,-35.04320000000018,192.73379999970106,649.9891562405832,2
time,best,best bound,gap %,status
16.264195680618286,-6.819200000000333,-6.819200000000333,0.0,2
