time,best,best bound,gap %,status
14.001186847686768,-42.56124444444571,1e+100,2.3495553597011917e+100,2
time,best,best bound,gap %,status
18.302865982055664,-27.745244444444385,156.51937777779816,664.1304696060772,2
time,best,best bound,gap %,status
21.191580057144165,-2.842577777777744,-2.842577777777744,0.0,2
