time,best,best bound,gap %,status
16.02487277984619,2.5069999999998456,8.895999999999775,254.84642999602409,2
time,best,best bound,gap %,status
16.533050775527954,3.876499999999771,4.517999999999979,16.54843286470389,2
time,best,best bound,gap %,status
16.693829774856567,4.06099999999978,4.517999999999979,11.253385865555884,2
