time,best,best bound,gap %,status
130.21755862236023,10.208022222225466,31.458822222222576,208.17744649623413,2
time,best,best bound,gap %,status
130.44787573814392,12.347455555560122,12.528790787947027,1.4686040502105626,2
time,best,best bound,gap %,status
130.46543979644775,12.368877777782348,12.528790787947027,1.2928659579119115,2
time,best,best bound,gap %,status
130.47734379768372,12.369622222226793,12.528790787947027,1.286769820942686,2
