time,best,best bound,gap %,status
1.116466999053955,-249.81600000000086,1e+100,4.002946168379914e+99,2
time,best,best bound,gap %,status
1.1909897327423096,-229.49600000000066,226.8,198.82525185624124,2
time,best,best bound,gap %,status
1.2159318923950195,-226.17600000000053,-226.17600000000053,0.0,2
