time,best,best bound,gap %,status
6.983662843704224,6.360999999999887,49.89999999999992,684.4678509668418,2
time,best,best bound,gap %,status
6.984566926956177,10.127999999999924,49.89999999999992,392.693522906796,2
time,best,best bound,gap %,status
6.986963987350464,12.066499999999937,12.066499999999918,1.61935318720448e-13,2
