time,best,best bound,gap %,status
6.0297462940216064,-36.69120000000021,1e+100,2.7254491540205673e+100,2
time,best,best bound,gap %,status
6.616671085357666,-20.868999999999655,146.22879999992247,800.6986439212463,2
time,best,best bound,gap %,status
7.197822093963623,-9.995200000000189,-9.995200000000189,0.0,2
