time,best,best bound,gap %,status
129.65843510627747,-0.28619999999997664,13.183449999999212,4706.376659678647,2
time,best,best bound,gap %,status
144.34172320365906,5.246249999999665,5.361949999999858,2.2053847986695354,2
