time,best,best bound,gap %,status
67.11107921600342,6.866950000001225,27.21970000000018,296.38704228216784,2
time,best,best bound,gap %,status
67.38510727882385,9.758599999999536,9.996910594492682,2.442057205881559,2
time,best,best bound,gap %,status
67.4142210483551,9.760899999999534,9.996910594492682,2.4179183732356604,2
