time,best,best bound,gap %,status
17.82510805130005,-41.50346666666837,1e+100,2.4094372839536913e+100,2
time,best,best bound,gap %,status
23.227216243743896,-25.91413333333323,195.36182222242778,853.8813654676028,2
time,best,best bound,gap %,status
26.411156177520752,0.6658666666654294,0.6658666666654294,0.0,2
