time,best,best bound,gap %,status
66.00022792816162,7.740050000001192,24.794950000000266,220.34612179503293,2
time,best,best bound,gap %,status
66.11208391189575,9.426449999999829,9.67320057279371,2.6176404987443482,2
time,best,best bound,gap %,status
66.16894483566284,9.535249999999731,9.67320057279371,1.4467431141709266,2
time,best,best bound,gap %,status
66.17265391349792,9.53639999999973,9.67320057279371,1.434509592655343,2
