time,best,best bound,gap %,status
4.892645835876465,-36.8856000000002,1e+100,2.7110850846942833e+100,2
time,best,best bound,gap %,status
5.38823390007019,-25.77379999999978,121.70000000000425,572.1849319852147,2
time,best,best bound,gap %,status
5.986156940460205,-20.74960000000009,-20.74960000000009,0.0,2
