time,best,best bound,gap %,status
50.99928116798401,-0.5347499999999765,16.08454999999992,3107.86348761115,2
time,best,best bound,gap %,status
51.59380602836609,6.787000000000955,7.172935941830923,5.686399614408639,2
time,best,best bound,gap %,status
51.78322100639343,6.851050000000959,7.172935941830923,4.698344660014437,2
