time,best,best bound,gap %,status
18.469230890274048,-47.79600000000426,1e+100,2.0922252908191287e+100,2
time,best,best bound,gap %,status
22.184638023376465,-42.396000000000015,254.4695999994148,700.2207755434822,2
time,best,best bound,gap %,status
23.57861089706421,-33.223999999999904,-33.223999999999904,0.0,2
