time,best,best bound,gap %,status
9.518275260925293,-29.08888888888864,1e+100,3.4377387318564087e+100,2
time,best,best bound,gap %,status
10.47289228439331,-23.651555555555568,147.95413333331427,725.5577269993178,2
time,best,best bound,gap %,status
11.538406133651733,-20.854222222222106,-20.854222222222106,0.0,2
