time,best,best bound,gap %,status
6.335690021514893,8.958999999999929,33.239999999999974,271.0235517356875,2
time,best,best bound,gap %,status
6.343493223190308,8.979499999999929,8.979499999999943,1.5825886424858976e-13,2
