time,best,best bound,gap %,status
24.140180110931396,-22.27200000000043,1e+100,4.4899425287355465e+100,2
time,best,best bound,gap %,status
26.2097008228302,-16.825999999998903,260.2139999991563,1646.4994651086013,2
time,best,best bound,gap %,status
28.396952867507935,-13.84399999999895,-13.84399999999895,0.0,2
