time,best,best bound,gap %,status
14.838443994522095,3.5669999999997875,9.797499999999845,174.67059153351357,2
time,best,best bound,gap %,status
14.916211128234863,3.973999999999769,4.279999999999989,7.700050327132302,2
