time,best,best bound,gap %,status
12.279374837875366,-24.864000000000058,1e+100,4.0218790218790126e+100,2
time,best,best bound,gap %,status
13.500589847564697,-15.09889999999934,146.74719999962988,1071.9065627273264,2
time,best,best bound,gap %,status
16.024823904037476,-9.7119999999993,-9.7119999999993,0.0,2
