time,best,best bound,gap %,status
9.583760023117065,-53.630400000001835,1e+100,1.864614099465911e+100,2
time,best,best bound,gap %,status
11.940109968185425,-37.782400000000216,152.21519999989405,502.8732955023852,2
time,best,best bound,gap %,status
13.122634887695312,-11.102400000000284,-11.102400000000284,0.0,2
