time,best,best bound,gap %,status
7.346642017364502,10.085999999999917,47.15149999999997,367.49454689669204,2
time,best,best bound,gap %,status
7.347584962844849,12.06649999999992,47.15149999999997,290.7636845812811,2
time,best,best bound,gap %,status
7.354624032974243,12.086999999999918,12.086999999999918,0.0,2
