time,best,best bound,gap %,status
6.488530874252319,-87.00799999999953,1e+100,1.1493196027951514e+100,2
time,best,best bound,gap %,status
7.718309164047241,-75.69199999999907,176.32800000000006,332.9546055065294,2
time,best,best bound,gap %,status
8.277329206466675,-55.10799999999933,-55.107999999999734,7.349375034174023e-13,2
