time,best,best bound,gap %,status
27.949882745742798,-37.36817777777932,1e+100,2.6760737597289043e+100,2
time,best,best bound,gap %,status
34.37094283103943,-32.28017777777765,273.6587111116899,947.7608549606014,2
time,best,best bound,gap %,status
37.232112884521484,-23.62417777777781,-23.62417777777781,0.0,2
