time,best,best bound,gap %,status
7.6915178298950195,-83.2239999999992,1e+100,1.201576468326456e+100,2
time,best,best bound,gap %,status
9.122130870819092,-71.73999999999901,223.80600000000004,411.96821856705196,2
time,best,best bound,gap %,status
9.621902704238892,-50.731999999999275,-50.731999999999736,9.103776280140182e-13,2
