time,best,best bound,gap %,status
62.96914887428284,-0.3369333333333583,11.186777777777893,3420.1754385962795,2
time,best,best bound,gap %,status
64.5973436832428,4.446500000000001,5.200352502287514,16.95384015039948,2
time,best,best bound,gap %,status
65.80969071388245,4.651211111111049,4.980295156388358,7.075233469647857,2
time,best,best bound,gap %,status
65.83512759208679,4.922533333333184,4.980295156388358,1.1734165955573588,2
