time,best,best bound,gap %,status
7.973987817764282,-35.584800000000186,1e+100,2.8101886198601506e+100,2
time,best,best bound,gap %,status
8.639805793762207,-16.847399999999457,183.15679999974543,1187.1517266744502,2
time,best,best bound,gap %,status
9.491769790649414,-7.2848000000003,-7.2848000000003,0.0,2
