time,best,best bound,gap %,status
40.32440710067749,10.141000000000346,40.965999999999774,303.9641061039185,2
time,best,best bound,gap %,status
40.38019013404846,13.274500000001174,13.387999999999845,0.8550227880421967,2
time,best,best bound,gap %,status
40.40663504600525,13.293000000001177,13.387999999999845,0.7146618520925296,2
