time,best,best bound,gap %,status
21.04622793197632,3.4254999999997406,11.861999999999858,246.28521383741807,2
time,best,best bound,gap %,status
21.413039922714233,3.4854999999997376,5.468499999999956,56.892841773070366,2
time,best,best bound,gap %,status
21.573211908340454,5.065499999999736,5.468499999999956,7.955779291288932,2
