time,best,best bound,gap %,status
53.47107696533203,-0.5347499999999765,16.36639999999942,3160.5703599813255,2
time,best,best bound,gap %,status
54.70272207260132,6.78535000000096,7.1956555782894185,6.046933146976944,2
time,best,best bound,gap %,status
54.70919704437256,6.851050000000959,7.1956555782894185,5.02996735228047,2
