time,best,best bound,gap %,status
0.6511287689208984,-246.4560000000003,1e+100,4.057519394942703e+99,2
time,best,best bound,gap %,status
0.6985957622528076,-225.93600000000026,142.032,162.86381984278728,2
time,best,best bound,gap %,status
0.7203829288482666,-223.49600000000018,-223.49600000000018,0.0,2
