time,best,best bound,gap %,status
2.7973439693450928,3.8524999999999445,11.701500000000019,203.73783257625408,2
time,best,best bound,gap %,status
2.8050107955932617,4.591499999999943,4.694499999999994,2.2432756179909084,2
time,best,best bound,gap %,status
2.8069169521331787,4.666999999999944,4.694499999999994,0.5892436254564135,2
