time,best,best bound,gap %,status
2.545415163040161,-61.75999999999949,1e+100,1.6191709844559719e+100,2
time,best,best bound,gap %,status
2.770730972290039,-47.44999999999969,119.91200000000059,352.71232876712617,2
time,best,best bound,gap %,status
2.939911127090454,-42.47199999999974,-42.472000000000115,8.866727489942913e-13,2
