time,best,best bound,gap %,status
36.14449191093445,5.651999999999974,27.67949999999969,389.729299363054,2
time,best,best bound,gap %,status
36.26021981239319,9.78250000000037,10.116999999999688,3.4193713263409706,2
time,best,best bound,gap %,status
36.2765588760376,9.785000000000371,10.116999999999688,3.3929483903863487,2
