time,best,best bound,gap %,status
18.56738805770874,-41.50346666666837,1e+100,2.4094372839536913e+100,2
time,best,best bound,gap %,status
24.027065992355347,-32.53679999999982,188.7391555557282,680.0790352945871,2
time,best,best bound,gap %,status
27.318727016448975,-16.259466666665638,-16.259466666665638,0.0,2
