time,best,best bound,gap %,status
19.838228940963745,3.9364999999998167,10.858999999999863,175.85418518989886,2
time,best,best bound,gap %,status
19.89563298225403,4.918999999999756,5.202499999999969,5.763366537918813,2
