time,best,best bound,gap %,status
39.963645935058594,9.998500000000277,40.50799999999978,305.140771115654,2
time,best,best bound,gap %,status
40.00677514076233,13.104000000001138,13.388499999999844,2.1710927960827355,2
time,best,best bound,gap %,status
40.01732611656189,13.125000000001142,13.388499999999844,2.0076190476089835,2
time,best,best bound,gap %,status
40.03983211517334,13.293000000001177,13.388499999999844,0.7184232302614817,2
