time,best,best bound,gap %,status
7.916754722595215,-29.32159999999988,1e+100,3.4104550911273743e+100,2
time,best,best bound,gap %,status
8.694859743118286,-24.00960000000005,120.49742222214216,601.8718438547161,2
time,best,best bound,gap %,status
9.509456872940063,-21.31359999999992,-21.31359999999992,0.0,2
