time,best,best bound,gap %,status
16.510168075561523,-23.994400000000045,1e+100,4.167639115793677e+100,2
time,best,best bound,gap %,status
17.98649525642395,-18.32639999999929,189.97159999940973,1136.600750826224,2
time,best,best bound,gap %,status
20.567997217178345,-15.744399999999256,-15.744399999999256,0.0,2
