time,best,best bound,gap %,status
3.030945062637329,3.2574999999999648,10.932500000000038,235.61013046815523,2
time,best,best bound,gap %,status
3.032013177871704,3.2974999999999617,10.932500000000038,231.53904473086172,2
time,best,best bound,gap %,status
3.0437912940979004,4.6524999999999475,4.9133571428571425,5.606816611653907,2
