time,best,best bound,gap %,status
21.546279907226562,-0.28015555555557325,1e+100,3.569445546124943e+102,2
time,best,best bound,gap %,status
41.41618585586548,0.5342888888890264,23.23433333334199,4248.646175602547,2
time,best,best bound,gap %,status
3389.3740282058716,1.6161777779008824,4.527107686063628,180.11198693398126,2
time,best,best bound,gap %,status
6317.078535079956,2.539866666666476,3.8688962785599017,52.32674727912981,2
