time,best,best bound,gap %,status
59.896064043045044,0.03141111111109346,23.342666666675466,74213.40643798983,2
time,best,best bound,gap %,status
63.591761112213135,0.32325555555556734,23.342666666675466,7121.1184821115585,2
