time,best,best bound,gap %,status
1.1259889602661133,-1e+100,3.155999999999991,100.0,2
time,best,best bound,gap %,status
1.1269874572753906,3.1327499999999913,3.155999999999991,0.7421594445774355,2
time,best,best bound,gap %,status
1.128981590270996,3.1484999999999914,3.1484999999999914,0.0,2
