time,best,best bound,gap %,status
2.176408290863037,-1e+100,16.711111111111144,100.0,2
time,best,best bound,gap %,status
2.178403377532959,16.248333333333374,16.711111111111144,2.848155366362308,2
time,best,best bound,gap %,status
2.179399251937866,16.248333333333374,16.43486111111115,1.147980989503185,2
