time,best,best bound,gap %,status
1.4551079273223877,-1e+100,12.087916666666695,100.0,2
time,best,best bound,gap %,status
1.4562819004058838,11.00375000000002,12.087916666666695,9.852701730470734,2
time,best,best bound,gap %,status
1.4581339359283447,11.053750000000019,11.05375000000002,1.6070173826984033e-14,2
