time,best,best bound,gap %,status
1.1375477313995361,-1e+100,10.266527777777817,100.0,2
time,best,best bound,gap %,status
1.1385447978973389,9.367916666666698,10.266527777777817,9.592432801079388,2
time,best,best bound,gap %,status
1.140540361404419,9.45027777777781,9.45027777777781,0.0,2
