time,best,best bound,gap %,status
3.5789613723754883,-1e+100,4.151249999999986,100.0,2
time,best,best bound,gap %,status
3.588118314743042,3.929999999999985,4.151249999999986,5.6297709923664545,2
time,best,best bound,gap %,status
3.592613697052002,3.965749999999985,3.965749999999985,0.0,2
