time,best,best bound,gap %,status
2.4685444831848145,-1e+100,2.962388888888884,100.0,2
time,best,best bound,gap %,status
2.471536159515381,2.9523888888888843,2.962388888888884,0.3387087669119102,2
time,best,best bound,gap %,status
2.4745290279388428,2.9623888888888845,2.9623888888888845,0.0,2
