time,best,best bound,gap %,status
2.240633249282837,-1e+100,8.247200000000001,100.0,2
time,best,best bound,gap %,status
2.2415685653686523,7.858999999999995,8.247200000000001,4.939559740425077,2
time,best,best bound,gap %,status
2.243591070175171,7.858999999999995,7.858999999999995,0.0,2
