time,best,best bound,gap %,status
5.810333967208862,-1e+100,11.529944444444457,100.0,2
time,best,best bound,gap %,status
5.811329364776611,11.129222222222232,11.529944444444457,3.600630971516447,2
time,best,best bound,gap %,status
5.81332540512085,11.129222222222232,11.183166666666676,0.48470992282578473,2
