time,best,best bound,gap %,status
4.1826395988464355,-1e+100,7.025000000000044,100.0,2
time,best,best bound,gap %,status
4.183634281158447,6.852500000000041,7.025000000000044,2.517329441809587,2
time,best,best bound,gap %,status
4.186636686325073,6.868250000000041,6.868250000000041,0.0,2
