time,best,best bound,gap %,status
0.9165375232696533,-1e+100,4.192277777777768,100.0,2
time,best,best bound,gap %,status
0.9175348281860352,3.9821666666666578,4.192277777777768,5.276301287685371,2
time,best,best bound,gap %,status
0.9195303916931152,3.9821666666666578,3.992999999999991,0.2720462060017564,2
