time,best,best bound,gap %,status
0.8484025001525879,-1e+100,4.492799999999995,100.0,2
time,best,best bound,gap %,status
0.8493630886077881,4.397199999999994,4.492799999999995,2.1741107977804317,2
time,best,best bound,gap %,status
0.8513562679290771,4.409199999999994,4.409199999999994,0.0,2
