time,best,best bound,gap %,status
1.857421875,-1e+100,11.23847222222226,100.0,2
time,best,best bound,gap %,status
1.85941481590271,10.190833333333364,11.23847222222226,10.280208248153334,2
time,best,best bound,gap %,status
1.8627228736877441,10.190833333333364,10.190833333333364,0.0,2
