time,best,best bound,gap %,status
0.6642141342163086,-1e+100,3.4346111111111024,100.0,2
time,best,best bound,gap %,status
0.665259838104248,3.424611111111103,3.4346111111111024,0.29200395827586034,2
time,best,best bound,gap %,status
0.6672053337097168,3.434611111111103,3.434611111111103,0.0,2
