time,best,best bound,gap %,status
6.481739282608032,-1e+100,17.882000000000044,100.0,2
time,best,best bound,gap %,status
6.483763933181763,17.256500000000088,17.882000000000044,3.6247211195778575,2
time,best,best bound,gap %,status
6.48587441444397,17.264000000000088,17.264000000000088,0.0,2
