time,best,best bound,gap %,status
0.9566245079040527,-1e+100,2.9266666666666645,100.0,2
time,best,best bound,gap %,status
0.9576225280761719,2.745277777777776,2.9266666666666645,6.607305474046328,2
time,best,best bound,gap %,status
0.960613489151001,2.745277777777776,2.745277777777776,0.0,2
