time,best,best bound,gap %,status
1.4028079509735107,-1e+100,16.14513888888896,100.0,2
time,best,best bound,gap %,status
1.4038059711456299,14.85041666666673,16.14513888888896,8.718423538434228,2
time,best,best bound,gap %,status
1.4067866802215576,14.87541666666673,14.87541666666673,0.0,2
