time,best,best bound,gap %,status
3.400949001312256,-1e+100,7.985499999999998,100.0,2
time,best,best bound,gap %,status
3.4059414863586426,7.745666666666664,7.985499999999998,3.0963549511554977,2
time,best,best bound,gap %,status
3.410923480987549,7.745666666666664,7.756499999999997,0.13986314928777277,2
