time,best,best bound,gap %,status
4.403029203414917,-1e+100,7.885388888888896,100.0,2
time,best,best bound,gap %,status
4.404028415679932,7.621833333333338,7.885388888888896,3.4579023711122496,2
time,best,best bound,gap %,status
4.406020879745483,7.643111111111116,7.643111111111116,0.0,2
