time,best,best bound,gap %,status
0.5586690902709961,-1e+100,3.164861111111109,100.0,2
