time,best,best bound,gap %,status
2.0109190940856934,-1e+100,1.3835000000000006,100.0,2
