time,best,best bound,gap %,status
4.682477951049805,-1e+100,8.64475000000007,100.0,2
time,best,best bound,gap %,status
4.685469388961792,8.358250000000066,8.64475000000007,3.4277510244369513,2
time,best,best bound,gap %,status
4.68945837020874,8.413000000000064,8.413000000000066,2.1114428139786483e-14,2
