time,best,best bound,gap %,status
0.3497488498687744,-1e+100,3.8473611111111095,100.0,2
time,best,best bound,gap %,status
0.35170888900756836,3.368888888888888,3.8473611111111095,14.202671503957767,2
time,best,best bound,gap %,status
0.35370397567749023,3.368888888888888,3.368888888888888,0.0,2
