time,best,best bound,gap %,status
4.107147693634033,-1e+100,7.385800000000004,100.0,2
time,best,best bound,gap %,status
4.109142303466797,7.120600000000004,7.385800000000004,3.7244052467488684,2
time,best,best bound,gap %,status
4.113209009170532,7.120600000000004,7.144000000000005,0.3286239923602016,2
time,best,best bound,gap %,status
4.1241066455841064,7.120600000000004,7.144000000000005,0.3286239923602016,2
time,best,best bound,gap %,status
4.1251044273376465,7.120600000000004,7.125600000000004,0.07021880178636478,2
