time,best,best bound,gap %,status
1.798327922821045,-1e+100,3.013999999999999,100.0,2
time,best,best bound,gap %,status
1.8013205528259277,3.001999999999999,3.013999999999999,0.39973351099267207,2
time,best,best bound,gap %,status
1.805309772491455,3.013999999999999,3.013999999999999,0.0,2
