time,best,best bound,gap %,status
4.706387996673584,-1e+100,13.93633333333335,100.0,2
time,best,best bound,gap %,status
4.7073845863342285,13.400777777777789,13.93633333333335,3.9964512839221986,2
time,best,best bound,gap %,status
4.709378480911255,13.400777777777789,13.474523809523822,0.5503115786930265,2
