time,best,best bound,gap %,status
2.8224527835845947,-1e+100,6.470833333333338,100.0,2
time,best,best bound,gap %,status
2.823690176010132,6.28777777777778,6.470833333333338,2.9112917476586273,2
time,best,best bound,gap %,status
2.8254449367523193,6.29777777777778,6.29777777777778,0.0,2
