time,best,best bound,gap %,status
6.213383436203003,-1e+100,13.548500000000164,100.0,2
time,best,best bound,gap %,status
6.215378046035767,13.32525000000016,13.548500000000164,1.6753907056152868,2
time,best,best bound,gap %,status
6.217402219772339,13.340250000000161,13.340250000000161,0.0,2
