time,best,best bound,gap %,status
4.804020643234253,-1e+100,10.587750000000115,100.0,2
time,best,best bound,gap %,status
4.8060407638549805,10.547000000000114,10.587750000000115,0.38636579122025705,2
time,best,best bound,gap %,status
4.809027433395386,10.562000000000115,10.562000000000115,0.0,2
