time,best,best bound,gap %,status
0.5046517848968506,-1e+100,2.658472222222221,100.0,2
time,best,best bound,gap %,status
0.5056495666503906,2.2706944444444432,2.658472222222221,17.077497094623524,2
time,best,best bound,gap %,status
0.5086424350738525,2.295694444444443,2.295694444444443,0.0,2
