time,best,best bound,gap %,status
4.217647314071655,-1e+100,11.37800000000012,100.0,2
time,best,best bound,gap %,status
4.218644380569458,11.283500000000117,11.37800000000012,0.8375060929676149,2
time,best,best bound,gap %,status
4.220810174942017,11.283500000000117,11.299000000000119,0.13736872424337324,2
time,best,best bound,gap %,status
4.225626230239868,11.291000000000118,11.299000000000119,0.07085289168364903,2
time,best,best bound,gap %,status
4.226669549942017,11.291000000000118,11.29400000000012,0.026569834381382152,2
