time,best,best bound,gap %,status
3.3998801708221436,-1e+100,11.506000000000016,100.0,2
time,best,best bound,gap %,status
3.4008753299713135,11.277000000000012,11.506000000000016,2.0306819189501133,2
time,best,best bound,gap %,status
3.402869462966919,11.277000000000012,11.337800000000012,0.5391504832845646,2
