time,best,best bound,gap %,status
2.9905006885528564,-1e+100,3.168999999999993,100.0,2
time,best,best bound,gap %,status
2.993655204772949,3.1357499999999936,3.168999999999993,1.060352387785997,2
time,best,best bound,gap %,status
2.996483325958252,3.1432499999999934,3.1432499999999934,0.0,2
