time,best,best bound,gap %,status
1.7808465957641602,-1e+100,8.776800000000023,100.0,2
time,best,best bound,gap %,status
1.7818434238433838,8.400600000000024,8.776800000000023,4.478251553460442,2
time,best,best bound,gap %,status
1.7838389873504639,8.400600000000024,8.400600000000024,0.0,2
