time,best,best bound,gap %,status
4.579546689987183,-1e+100,8.703000000000022,100.0,2
time,best,best bound,gap %,status
4.5832719802856445,8.610750000000019,8.703000000000022,1.0713352495427608,2
time,best,best bound,gap %,status
4.585269927978516,8.62575000000002,8.62575000000002,0.0,2
