time,best,best bound,gap %,status
1.4072368144989014,-1e+100,12.161111111111138,100.0,2
time,best,best bound,gap %,status
1.4082682132720947,11.341666666666686,12.161111111111138,7.225079598334609,2
time,best,best bound,gap %,status
1.4102287292480469,11.366666666666687,11.366666666666687,0.0,2
