time,best,best bound,gap %,status
2.5558362007141113,-1e+100,11.090222222222224,100.0,2
time,best,best bound,gap %,status
2.5568344593048096,10.261666666666665,11.090222222222224,8.074278598884769,2
time,best,best bound,gap %,status
2.5598244667053223,10.261666666666665,10.374474358974357,1.0993116028035619,2
time,best,best bound,gap %,status
2.5688133239746094,10.276277777777775,10.374474358974357,0.9555656563598358,2
time,best,best bound,gap %,status
2.5688133239746094,10.276277777777775,10.336055555555554,0.5817065193298563,2
time,best,best bound,gap %,status
2.5731568336486816,10.31883333333333,10.336055555555554,0.16690086626934386,2
time,best,best bound,gap %,status
2.5731568336486816,10.31883333333333,10.31883333333333,0.0,2
