time,best,best bound,gap %,status
2.706955671310425,-1e+100,7.225600000000006,100.0,2
time,best,best bound,gap %,status
2.7089827060699463,6.946600000000005,7.225600000000006,4.016353323928261,2
time,best,best bound,gap %,status
2.7129364013671875,6.946600000000005,6.985400000000006,0.5585466271269417,2
time,best,best bound,gap %,status
2.725938558578491,6.972400000000006,6.985400000000006,0.18644942917789986,2
time,best,best bound,gap %,status
2.727933645248413,6.972400000000006,6.977400000000006,0.07171131891457588,2
time,best,best bound,gap %,status
2.729929208755493,6.972400000000006,6.977400000000006,0.07171131891457588,2
time,best,best bound,gap %,status
2.729929208755493,6.972400000000006,6.977400000000006,0.07171131891457588,2
