time,best,best bound,gap %,status
2.4503014087677,-1e+100,9.622400000000003,100.0,2
time,best,best bound,gap %,status
2.4513115882873535,9.1194,9.622400000000003,5.5157137530978115,2
time,best,best bound,gap %,status
2.4532930850982666,9.1194,9.276299679487181,1.720504413526991,2
time,best,best bound,gap %,status
2.4613139629364014,9.185200000000002,9.276299679487181,0.9918094269823109,2
time,best,best bound,gap %,status
2.4623115062713623,9.185200000000002,9.252530054405055,0.7330276358168902,2
time,best,best bound,gap %,status
2.4664077758789062,9.215000000000002,9.252530054405055,0.40727134460177083,2
time,best,best bound,gap %,status
2.4664077758789062,9.215000000000002,9.251653131328133,0.3977550876628513,2
time,best,best bound,gap %,status
2.470290422439575,9.215000000000002,9.251653131328133,0.3977550876628513,2
time,best,best bound,gap %,status
2.470290422439575,9.215000000000002,9.215000000000002,0.0,2
