time,best,best bound,gap %,status
3.6133830547332764,-1e+100,14.346600000000082,100.0,2
time,best,best bound,gap %,status
3.6153321266174316,13.874800000000075,14.346600000000082,3.400409375270307,2
time,best,best bound,gap %,status
3.6173272132873535,13.886800000000076,13.886800000000076,0.0,2
