time,best,best bound,gap %,status
0.28098106384277344,-1e+100,2.349166666666666,100.0,2
time,best,best bound,gap %,status
0.2829768657684326,2.027083333333333,2.349166666666666,15.889003083247674,2
time,best,best bound,gap %,status
0.284970760345459,2.077083333333333,2.077083333333333,0.0,2
