time,best,best bound,gap %,status
1.5374736785888672,-1e+100,6.257200000000045,100.0,2
time,best,best bound,gap %,status
1.5384712219238281,6.078000000000044,6.257200000000045,2.948338269167494,2
time,best,best bound,gap %,status
1.5413117408752441,6.090000000000044,6.090000000000044,0.0,2
