time,best,best bound,gap %,status
1.106851577758789,-1e+100,4.004999999999988,100.0,2
time,best,best bound,gap %,status
1.108846664428711,3.917999999999988,4.004999999999988,2.2205206738131813,2
time,best,best bound,gap %,status
1.1108415126800537,3.917999999999988,3.933624999999988,0.39880040837161934,2
time,best,best bound,gap %,status
1.118819236755371,3.925499999999988,3.933624999999988,0.2069800025474509,2
time,best,best bound,gap %,status
1.118819236755371,3.925499999999988,3.925499999999988,0.0,2
