time,best,best bound,gap %,status
2.7036869525909424,-1e+100,2.5432499999999933,100.0,2
time,best,best bound,gap %,status
2.7056884765625,2.425249999999994,2.5432499999999933,4.865477785795267,2
time,best,best bound,gap %,status
2.7096736431121826,2.440249999999994,2.440249999999994,0.0,2
