time,best,best bound,gap %,status
2.844595193862915,-1e+100,11.443400000000018,100.0,2
time,best,best bound,gap %,status
2.8453898429870605,11.20880000000002,11.443400000000018,2.0929983584326437,2
time,best,best bound,gap %,status
2.8473851680755615,11.20880000000002,11.24760000000002,0.34615659124973325,2
time,best,best bound,gap %,status
2.8544530868530273,11.23460000000002,11.24760000000002,0.11571395510298432,2
time,best,best bound,gap %,status
2.85540771484375,11.23460000000002,11.239600000000019,0.04450536734729315,2
time,best,best bound,gap %,status
2.8564484119415283,11.23460000000002,11.239600000000019,0.04450536734729315,2
time,best,best bound,gap %,status
2.8564484119415283,11.23460000000002,11.239600000000019,0.04450536734729315,2
time,best,best bound,gap %,status
2.8583548069000244,11.23460000000002,11.239600000000019,0.04450536734729315,2
