time,best,best bound,gap %,status
2.8134748935699463,-1e+100,8.220111111111114,100.0,2
time,best,best bound,gap %,status
2.8155429363250732,8.040388888888891,8.220111111111114,2.2352429056084966,2
time,best,best bound,gap %,status
2.8174636363983154,8.081666666666669,8.081666666666669,0.0,2
