time,best,best bound,gap %,status
0.6605026721954346,-1e+100,3.4013888888888846,100.0,2
time,best,best bound,gap %,status
0.6614995002746582,3.3513888888888848,3.4013888888888846,1.4919187733112274,2
time,best,best bound,gap %,status
0.663367748260498,3.4013888888888846,3.4013888888888846,0.0,2
