time,best,best bound,gap %,status
0.9623982906341553,-1e+100,1.9720000000000018,100.0,2
time,best,best bound,gap %,status
0.9644067287445068,1.9600000000000017,1.9720000000000018,0.6122448979591837,2
time,best,best bound,gap %,status
0.9663867950439453,1.9720000000000018,1.9720000000000018,0.0,2
