time,best,best bound,gap %,status
1.6594042778015137,-1e+100,14.307361111111138,100.0,2
time,best,best bound,gap %,status
1.6604032516479492,13.325416666666687,14.307361111111138,7.3689586525333155,2
time,best,best bound,gap %,status
1.6624670028686523,13.400416666666686,13.400416666666686,0.0,2
