time,best,best bound,gap %,status
2.3130736351013184,-1e+100,9.659277777777804,100.0,2
time,best,best bound,gap %,status
2.3151004314422607,9.262666666666693,9.659277777777804,4.281824288661764,2
time,best,best bound,gap %,status
2.3177969455718994,9.347777777777804,9.347777777777804,0.0,2
