time,best,best bound,gap %,status
3.517704725265503,-1e+100,13.551388888888766,100.0,2
time,best,best bound,gap %,status
3.519807815551758,13.185277777777653,13.551388888888766,2.776665894200224,2
time,best,best bound,gap %,status
3.521801710128784,13.185277777777653,13.237210317460192,0.39386761930845354,2
