time,best,best bound,gap %,status
1.0136985778808594,-1e+100,1.5691999999999988,100.0,2
