time,best,best bound,gap %,status
6.097885608673096,-1e+100,17.396888888888927,100.0,2
time,best,best bound,gap %,status
6.100080966949463,16.95155555555558,17.396888888888927,2.627094203088624,2
time,best,best bound,gap %,status
6.1010143756866455,17.01616666666669,17.01616666666669,0.0,2
