time,best,best bound,gap %,status
2.891092538833618,-1e+100,13.87959999999997,100.0,2
time,best,best bound,gap %,status
2.8931524753570557,13.186799999999964,13.87959999999997,5.253738587071976,2
time,best,best bound,gap %,status
2.895453929901123,13.210799999999963,13.210799999999963,0.0,2
