time,best,best bound,gap %,status
4.5982441902160645,-120.660000000001,1e+100,8.287750704458741e+99,2
time,best,best bound,gap %,status
5.043071031570435,-109.81600000000084,237.983,316.7106796823761,2
time,best,best bound,gap %,status
5.30392599105835,-106.59200000000074,-106.59200000000074,0.0,2
