time,best,best bound,gap %,status
1.9503579139709473,-626.2200000000004,1e+100,1.5968828846092418e+99,2
time,best,best bound,gap %,status
2.258708953857422,-603.1999999999983,199.5150000000004,133.0760941644564,2
time,best,best bound,gap %,status
2.329906940460205,-564.7399999999985,-564.7399999999996,1.8117745148113235e-13,2
