time,best,best bound,gap %,status
16.485100030899048,-138.36000000000146,1e+100,7.22752240531938e+99,2
time,best,best bound,gap %,status
19.652076959609985,-110.57600000000284,497.17599999887534,549.6237881627683,2
time,best,best bound,gap %,status
21.010648012161255,-61.05800000000165,-61.05800000000165,0.0,2
