time,best,best bound,gap %,status
20.879178047180176,-52.028666666664535,1e+100,1.9220173494100195e+100,2
time,best,best bound,gap %,status
23.076735019683838,-44.95799999999866,349.90000000093505,878.2819520462331,2
time,best,best bound,gap %,status
26.07072687149048,-41.82999999999879,-41.82999999999879,0.0,2
