time,best,best bound,gap %,status
8.65134310722351,-70.44750000000104,1e+100,1.4194967883884954e+100,2
time,best,best bound,gap %,status
9.539986848831177,-55.3500000000009,235.0959999995032,524.7443541093033,2
time,best,best bound,gap %,status
10.627295970916748,-48.851500000001124,-48.851500000001124,0.0,2
