time,best,best bound,gap %,status
5.36145806312561,-120.660000000001,1e+100,8.287750704458741e+99,2
time,best,best bound,gap %,status
5.83601188659668,-94.38100000000051,237.983,352.15138640192276,2
time,best,best bound,gap %,status
6.1977150440216064,-73.63000000000075,-73.63000000000075,0.0,2
