time,best,best bound,gap %,status
2.5424258708953857,-446.66999999999786,1e+100,2.2387892627667063e+99,2
time,best,best bound,gap %,status
2.719822883605957,-411.2499999999982,538.159999999751,230.85957446802513,2
time,best,best bound,gap %,status
2.7744598388671875,-408.16999999999825,-408.17,4.3171864289023105e-13,2
