time,best,best bound,gap %,status
23.458909034729004,-63.445500000002,1e+100,1.576155913342898e+100,2
time,best,best bound,gap %,status
25.46109890937805,-36.343500000000795,488.39199999830527,1443.8221415061691,2
time,best,best bound,gap %,status
28.001670837402344,-24.467500000000257,-24.467500000000257,0.0,2
