time,best,best bound,gap %,status
21.24103879928589,-99.66149999999438,1e+100,1.0033964971428852e+100,2
time,best,best bound,gap %,status
30.930545806884766,-78.38950000000152,368.53999999887554,570.1394957218357,2
time,best,best bound,gap %,status
35.16315174102783,-40.77550000000067,-40.77550000000067,0.0,2
