time,best,best bound,gap %,status
13.809434175491333,-55.21599999999879,1e+100,1.811069255288362e+100,2
time,best,best bound,gap %,status
15.290601015090942,-48.28399999999928,238.3810000004125,593.7059895626213,2
time,best,best bound,gap %,status
17.073756217956543,-45.10533333333259,-45.10533333333259,0.0,2
