time,best,best bound,gap %,status
4.407355308532715,-120.660000000001,1e+100,8.287750704458741e+99,2
time,best,best bound,gap %,status
4.844123125076294,-99.5260000000006,237.983,339.1164117918922,2
time,best,best bound,gap %,status
5.124012231826782,-92.99600000000059,-92.99600000000059,0.0,2
