time,best,best bound,gap %,status
829.3007910251617,3.0717499999994673,14.01975,356.4092129894175,2
time,best,best bound,gap %,status
838.4075090885162,5.9552999999999,14.01975,135.4163518210709,2
