time,best,best bound,gap %,status
213.69939875602722,2.1143999999998826,9.707333333335027,359.10581410024434,2
time,best,best bound,gap %,status
216.9246907234192,3.3884111111109316,9.707333333335027,186.48629151001575,2
