time,best,best bound,gap %,status
8.154762983322144,-162.2399999999999,1e+100,6.163708086785014e+99,2
time,best,best bound,gap %,status
9.888861894607544,-153.7640000000024,265.8719999999484,272.90913347724063,2
time,best,best bound,gap %,status
10.406262874603271,-139.55200000000207,-139.55200000000207,0.0,2
