time,best,best bound,gap %,status
2.8890926837921143,-425.8799999999986,1e+100,2.348079271156202e+99,2
time,best,best bound,gap %,status
3.0160629749298096,-390.49999999999875,404.41999999987314,203.5646606913891,2
time,best,best bound,gap %,status
3.060930013656616,-387.37999999999886,-387.38,2.9347627064282193e-13,2
