time,best,best bound,gap %,status
26.189846754074097,-93.50549999999396,1e+100,1.0694558074124673e+100,2
time,best,best bound,gap %,status
37.127896785736084,-71.77350000000212,435.08599999855943,706.1930935492161,2
time,best,best bound,gap %,status
41.53965187072754,-33.3635000000007,-33.3635000000007,0.0,2
