time,best,best bound,gap %,status
943.5138771533966,2.865499999999704,14.01925,389.2427150585045,2
time,best,best bound,gap %,status
952.0548071861267,6.522349999999077,14.01925,114.94170046075394,2
