time,best,best bound,gap %,status
13.651679039001465,-103.47749999999704,1e+100,9.663936604576151e+99,2
time,best,best bound,gap %,status
19.999788761138916,-91.72350000000158,225.87399999954704,346.2553217000476,2
time,best,best bound,gap %,status
22.686035871505737,-70.29550000000151,-70.29550000000151,0.0,2
