time,best,best bound,gap %,status
30.78048872947693,-75.43433333333019,1e+100,1.3256563103450353e+100,2
time,best,best bound,gap %,status
44.42193293571472,-69.49166666666446,352.0733333342428,606.6410840641621,2
time,best,best bound,gap %,status
49.53426671028137,-59.37299999999877,-59.37299999999877,0.0,2
