time,best,best bound,gap %,status
15.402456998825073,-100.55249999999627,1e+100,9.945053578976526e+99,2
time,best,best bound,gap %,status
22.2827250957489,-88.69450000000168,264.3319999993708,398.02524395465986,2
time,best,best bound,gap %,status
24.80353307723999,-66.93850000000148,-66.93850000000148,0.0,2
