time,best,best bound,gap %,status
355.4214379787445,1.8856000000002766,9.137499999996907,384.5937632581442,2
time,best,best bound,gap %,status
359.52609300613403,3.3972000000001006,9.137499999996907,168.9715059459742,2
