time,best,best bound,gap %,status
0.8573119640350342,-520.0649999999998,1e+100,1.9228365685058605e+99,2
time,best,best bound,gap %,status
0.933600902557373,-438.93499999999943,224.72,151.19664642828673,2
time,best,best bound,gap %,status
0.9647579193115234,-389.03499999999957,-389.035,1.1689111542315335e-13,2
