time,best,best bound,gap %,status
21.409574031829834,-52.028666666664535,1e+100,1.9220173494100195e+100,2
time,best,best bound,gap %,status
23.621633052825928,-38.45799999999954,349.90000000093505,1009.82370378319,2
time,best,best bound,gap %,status
27.518583059310913,-31.9353333333322,-31.9353333333322,0.0,2
