time,best,best bound,gap %,status
250.01800298690796,2.1115555555554337,9.707333333335027,359.7242685751436,2
time,best,best bound,gap %,status
253.09558081626892,3.4838777777775833,9.707333333335027,178.635875094547,2
