time,best,best bound,gap %,status
470.59953212738037,3.208933333333206,14.155000000005973,341.1123114640338,2
time,best,best bound,gap %,status
476.98056721687317,5.890600000000427,14.155000000005973,140.29810206099458,2
