time,best,best bound,gap %,status
326.51309084892273,3.7919500000003494,14.230999999999918,275.2950328986038,2
time,best,best bound,gap %,status
330.9355869293213,5.907800000000151,14.230999999999918,140.88493178509012,2
