time,best,best bound,gap %,status
7.169051170349121,-111.43500000000225,1e+100,8.973841252748058e+99,2
time,best,best bound,gap %,status
7.866130828857422,-100.4230000000019,345.0899999995892,443.6364179516472,2
time,best,best bound,gap %,status
8.20051908493042,-97.2790000000017,-97.2790000000017,0.0,2
