time,best,best bound,gap %,status
11.873276233673096,-97.98000000000266,1e+100,1.020616452337184e+100,2
time,best,best bound,gap %,status
12.826264142990112,-75.90000000000182,486.6239999989274,741.1383399195199,2
time,best,best bound,gap %,status
13.556158304214478,-69.34800000000178,-69.34800000000178,0.0,2
