time,best,best bound,gap %,status
331.3692321777344,2.3108888888887598,11.171000000003556,383.4070583711781,2
time,best,best bound,gap %,status
335.4950273036957,4.158433333333408,11.171000000003556,168.63482240916105,2
