time,best,best bound,gap %,status
67.65067219734192,-61.585500000002185,1e+100,1.6237588393371241e+100,2
time,best,best bound,gap %,status
97.72681331634521,-51.06550000000183,519.6580000025682,1117.6302983473179,2
time,best,best bound,gap %,status
110.41146516799927,-31.529500000000642,-31.529500000000642,0.0,2
