time,best,best bound,gap %,status
571.3012938499451,4.14880000000033,16.697999999997993,302.4778249131475,2
time,best,best bound,gap %,status
576.3443467617035,8.626900000000855,16.697999999997993,93.55736127689364,2
