time,best,best bound,gap %,status
2.684921979904175,-612.6750000000005,1e+100,1.632186722161014e+99,2
time,best,best bound,gap %,status
3.068747043609619,-589.7349999999981,259.70500000000044,144.03757619947964,2
time,best,best bound,gap %,status
3.2037549018859863,-551.2749999999983,-551.2749999999996,2.4747032835869513e-13,2
