time,best,best bound,gap %,status
28.065550804138184,-50.92266666666345,1e+100,1.9637620444073296e+100,2
time,best,best bound,gap %,status
30.75239086151123,-27.263666666665678,421.5316666679276,1646.1297697837522,2
time,best,best bound,gap %,status
35.64080095291138,-15.76733333333452,-15.76733333333452,0.0,2
