time,best,best bound,gap %,status
0.950294017791748,-520.0649999999998,1e+100,1.9228365685058605e+99,2
time,best,best bound,gap %,status
1.0269582271575928,-451.35499999999956,224.72,149.78786099633334,2
time,best,best bound,gap %,status
1.0580360889434814,-444.1049999999997,-444.105,7.679726937657723e-14,2
