time,best,best bound,gap %,status
6.800945997238159,-177.28499999999937,1e+100,5.64063513551628e+99,2
time,best,best bound,gap %,status
8.795176029205322,-169.02500000000177,203.9639999999992,220.6709066706091,2
time,best,best bound,gap %,status
9.229284763336182,-155.09300000000152,-155.09300000000152,0.0,2
