time,best,best bound,gap %,status
22.37967300415039,-46.483500000001435,1e+100,2.1513009992792477e+100,2
time,best,best bound,gap %,status
24.820528030395508,-28.907500000000574,278.88849999941874,1064.7617400308336,2
time,best,best bound,gap %,status
30.56825613975525,-14.825500000000032,-14.825500000000032,0.0,2
