time,best,best bound,gap %,status
8.091476202011108,-162.2399999999999,1e+100,6.163708086785014e+99,2
time,best,best bound,gap %,status
9.782689094543457,-146.85000000000196,262.70599999997694,278.89410963566456,2
time,best,best bound,gap %,status
10.493401050567627,-118.88200000000126,-118.88200000000126,0.0,2
