time,best,best bound,gap %,status
42.64155912399292,-67.83599999999973,1e+100,1.4741435226133675e+100,2
time,best,best bound,gap %,status
57.10201597213745,-62.148000000002185,362.61249999999956,683.4660809679907,2
time,best,best bound,gap %,status
64.17252397537231,-52.48200000000203,-52.48200000000203,0.0,2
