time,best,best bound,gap %,status
15.99453091621399,-53.008666666664986,1e+100,1.8864839711745847e+100,2
time,best,best bound,gap %,status
17.64227294921875,-34.13300000000007,277.124000000596,911.8946474104108,2
time,best,best bound,gap %,status
21.35339903831482,-19.413333333334652,-19.413333333334652,0.0,2
