time,best,best bound,gap %,status
13.732131004333496,-55.21599999999879,1e+100,1.811069255288362e+100,2
time,best,best bound,gap %,status
15.250937938690186,-38.73333333333354,238.3810000004125,715.4414802076021,2
time,best,best bound,gap %,status
17.885404109954834,-22.199333333334504,-22.199333333334504,0.0,2
