time,best,best bound,gap %,status
26.700749158859253,-50.92266666666345,1e+100,1.9637620444073296e+100,2
time,best,best bound,gap %,status
29.48956322669983,-36.8186666666661,421.5316666679276,1244.8857463639843,2
time,best,best bound,gap %,status
33.224366188049316,-30.469333333332063,-30.469333333332063,0.0,2
