time,best,best bound,gap %,status
16.52324104309082,-138.36000000000146,1e+100,7.22752240531938e+99,2
time,best,best bound,gap %,status
19.509443998336792,-129.94000000000332,477.8119999989642,467.71740803367095,2
time,best,best bound,gap %,status
20.80869197845459,-115.58400000000277,-115.58400000000277,0.0,2
