time,best,best bound,gap %,status
47.40917611122131,-43.34250000000147,1e+100,2.307204245255733e+100,2
time,best,best bound,gap %,status
51.76879620552063,-21.27350000000055,502.9550000026283,2464.2324958404365,2
time,best,best bound,gap %,status
57.29453802108765,-9.526500000001423,-9.526500000001423,0.0,2
