time,best,best bound,gap %,status
13.169635772705078,-154.37999999999928,1e+100,6.477522995206664e+99,2
time,best,best bound,gap %,status
15.770673990249634,-145.8960000000032,401.11699999932597,374.9335142836796,2
time,best,best bound,gap %,status
16.73197913169861,-131.62800000000254,-131.62800000000254,0.0,2
