time,best,best bound,gap %,status
11.16887903213501,-68.74650000000098,1e+100,1.4546195079022e+100,2
time,best,best bound,gap %,status
12.21930193901062,-60.83850000000132,270.21299999934234,544.1480312620076,2
time,best,best bound,gap %,status
13.046495199203491,-57.658500000001276,-57.658500000001276,0.0,2
