time,best,best bound,gap %,status
1.9038772583007812,-626.2200000000004,1e+100,1.5968828846092418e+99,2
time,best,best bound,gap %,status
2.2185049057006836,-584.2699999999985,194.82000000000022,133.3441730706695,2
time,best,best bound,gap %,status
2.3527140617370605,-507.90999999999894,-507.8849999999998,0.0049221318735848205,2
