time,best,best bound,gap %,status
1.2648298740386963,-766.395000000001,1e+100,1.3048101827386644e+99,2
time,best,best bound,gap %,status
1.5129308700561523,-724.9649999999997,29.15000000000009,104.02088376680254,2
time,best,best bound,gap %,status
1.601632833480835,-650.5249999999996,-649.4599999999999,0.16371392336954216,2
time,best,best bound,gap %,status
1.6124091148376465,-649.4849999999997,-649.4599999999999,0.003849203599736699,2
