time,best,best bound,gap %,status
6.172138929367065,-111.09000000000162,1e+100,9.001710324961611e+99,2
time,best,best bound,gap %,status
6.703268051147461,-80.1860000000007,283.17199999988026,453.1439403385601,2
time,best,best bound,gap %,status
7.097961902618408,-63.06000000000087,-63.06000000000087,0.0,2
