time,best,best bound,gap %,status
21.059974908828735,-52.028666666664535,1e+100,1.9220173494100195e+100,2
time,best,best bound,gap %,status
23.260426998138428,-29.773999999999486,349.90000000093505,1275.1864042484754,2
time,best,best bound,gap %,status
27.402148962020874,-17.822666666667967,-17.822666666667967,0.0,2
