time,best,best bound,gap %,status
39.31660223007202,-73.15466666666269,1e+100,1.366966791820145e+100,2
time,best,best bound,gap %,status
51.37600302696228,-62.121999999996795,431.01166666799065,793.8148589356634,2
time,best,best bound,gap %,status
60.53926205635071,-41.761999999998665,-41.74688888888793,0.036183877953006385,2
