time,best,best bound,gap %,status
13.187519073486328,-154.37999999999928,1e+100,6.477522995206664e+99,2
time,best,best bound,gap %,status
16.942938804626465,-126.65200000000263,419.2359999992399,431.01411742351576,2
time,best,best bound,gap %,status
18.140639066696167,-77.60600000000157,-77.60600000000157,0.0,2
