time,best,best bound,gap %,status
14.852079153060913,-68.80050000000132,1e+100,1.453477809027523e+100,2
time,best,best bound,gap %,status
16.39100432395935,-42.91050000000079,360.6779999989101,940.5355332585347,2
time,best,best bound,gap %,status
18.748834133148193,-30.97850000000041,-30.97850000000041,0.0,2
