time,best,best bound,gap %,status
18.936152935028076,-45.08700000000132,1e+100,2.2179342160710868e+100,2
time,best,best bound,gap %,status
20.937412977218628,-30.06600000000055,234.9274999991974,881.3726468409271,2
time,best,best bound,gap %,status
25.782634019851685,-14.002999999999528,-14.003000000000013,3.4631537324593637e-12,2
