time,best,best bound,gap %,status
437.0798370838165,3.0162500000002836,14.224499999999916,371.59552424363295,2
time,best,best bound,gap %,status
440.8042540550232,6.781150000000742,14.224499999999916,109.76530529480041,2
time,best,best bound,gap %,status
1564.809557914734,7.432900000000792,8.178000000000004,10.024351195349496,2
