time,best,best bound,gap %,status
159.65858697891235,2.095549999999931,9.259500000000003,341.8649042017756,2
time,best,best bound,gap %,status
1113.2512259483337,2.104849999999935,5.278150000000003,150.76133691237692,2
time,best,best bound,gap %,status
1439.5058300495148,4.50634999999992,5.195150000000003,15.28509769547626,2
