time,best,best bound,gap %,status
36.34134221076965,-44.48400000000149,1e+100,2.247999280640155e+100,2
time,best,best bound,gap %,status
40.17122292518616,-37.296000000001136,434.60399999999964,1265.2831402831039,2
time,best,best bound,gap %,status
44.710692167282104,-34.6700000000014,-34.6700000000014,0.0,2
