time,best,best bound,gap %,status
10.909948825836182,-68.74650000000098,1e+100,1.4546195079022e+100,2
time,best,best bound,gap %,status
12.001610040664673,-47.45850000000065,270.21299999934234,669.3669205713173,2
time,best,best bound,gap %,status
13.462610006332397,-31.66850000000027,-31.66850000000027,0.0,2
