time,best,best bound,gap %,status
1.3686401844024658,-766.395000000001,1e+100,1.3048101827386644e+99,2
time,best,best bound,gap %,status
1.5769202709197998,-743.7749999999996,33.01999999999987,104.43951463816342,2
time,best,best bound,gap %,status
1.6285252571105957,-705.7949999999998,-705.7950000000001,3.2215257325885296e-14,2
