time,best,best bound,gap %,status
23.296751022338867,2.8279999999999736,13.340000000000117,371.7114568599802,2
time,best,best bound,gap %,status
37.62742900848389,2.8739999999999735,7.938557037401777,176.21979949206158,2
time,best,best bound,gap %,status
38.155827045440674,7.5489999999999435,7.938557037401777,5.16037935358109,2
