time,best,best bound,gap %,status
22.130284070968628,-46.483500000001435,1e+100,2.1513009992792477e+100,2
time,best,best bound,gap %,status
24.56379795074463,-40.103500000001134,278.88849999941874,795.4218459720744,2
time,best,best bound,gap %,status
28.198171854019165,-36.94550000000127,-36.94550000000127,0.0,2
