time,best,best bound,gap %,status
21.339431047439575,-46.483500000001435,1e+100,2.1513009992792477e+100,2
time,best,best bound,gap %,status
23.678563117980957,-34.16950000000081,278.88849999941874,916.191340228602,2
time,best,best bound,gap %,status
28.402446269989014,-27.77950000000036,-27.77950000000036,0.0,2
