time,best,best bound,gap %,status
650.535150051117,3.247433333333208,14.120666666672603,334.8254518955426,2
time,best,best bound,gap %,status
656.1436610221863,6.325800000000192,14.120666666672603,123.22341311252607,2
