time,best,best bound,gap %,status
1.2631068229675293,-766.395000000001,1e+100,1.3048101827386644e+99,2
time,best,best bound,gap %,status
1.457948923110962,-691.4749999999998,63.90000000000006,109.24111500777325,2
time,best,best bound,gap %,status
1.5124578475952148,-560.8449999999995,-560.8449999999999,8.108253633115469e-14,2
