time,best,best bound,gap %,status
13.722320795059204,-55.21599999999879,1e+100,1.811069255288362e+100,2
time,best,best bound,gap %,status
15.257531881332397,-41.96166666666658,238.3810000004125,668.0923064711752,2
time,best,best bound,gap %,status
17.362977981567383,-35.509333333332286,-35.509333333332286,0.0,2
