time,best,best bound,gap %,status
53.94201111793518,-63.89400000000225,1e+100,1.5650921839295785e+100,2
time,best,best bound,gap %,status
78.0624930858612,-45.17800000000188,455.0329999999992,1107.200407277835,2
time,best,best bound,gap %,status
85.1717460155487,-11.950000000001516,-11.950000000001516,0.0,2
