time,best,best bound,gap %,status
50.52244591712952,-71.61699999999446,1e+100,1.3963165170281877e+100,2
time,best,best bound,gap %,status
63.154796838760376,-60.53099999999533,521.8313333347986,962.0893977215622,2
time,best,best bound,gap %,status
72.9961519241333,-39.97633333333211,-39.97633333333211,0.0,2
