time,best,best bound,gap %,status
35.446391105651855,-50.37899999999521,1e+100,1.9849540483139706e+100,2
time,best,best bound,gap %,status
38.71912503242493,-26.626333333332223,507.6733333349946,2006.6588214737883,2
time,best,best bound,gap %,status
44.77257299423218,-14.847666666667712,-14.847666666667712,0.0,2
