time,best,best bound,gap %,status
21.174708366394043,-99.66149999999438,1e+100,1.0033964971428852e+100,2
time,best,best bound,gap %,status
28.771574020385742,-93.14950000000259,359.4364999989476,485.87056291116716,2
time,best,best bound,gap %,status
30.97179627418518,-82.04150000000246,-82.04150000000246,0.0,2
