time,best,best bound,gap %,status
1.915860891342163,-425.8799999999986,1e+100,2.348079271156202e+99,2
time,best,best bound,gap %,status
2.074130058288574,-355.99999999999886,404.41999999987314,213.60112359547037,2
time,best,best bound,gap %,status
2.1241540908813477,-349.159999999999,-349.16,2.9304088082671186e-13,2
