time,best,best bound,gap %,status
1.0969407558441162,-493.28999999999894,1e+100,2.0272050923391965e+99,2
time,best,best bound,gap %,status
1.1913878917694092,-392.53499999999934,278.2999999999884,170.89813647190414,2
time,best,best bound,gap %,status
1.2264769077301025,-362.17999999999944,-362.18,1.569479785211997e-13,2
