time,best,best bound,gap %,status
50.79259181022644,-71.61699999999446,1e+100,1.3963165170281877e+100,2
time,best,best bound,gap %,status
67.87434482574463,-65.5436666666615,516.8980000015885,888.6314975791649,2
time,best,best bound,gap %,status
73.90159368515015,-55.20633333333015,-55.20633333333015,0.0,2
