time,best,best bound,gap %,status
5.5015599727630615,-111.09000000000162,1e+100,9.001710324961611e+99,2
time,best,best bound,gap %,status
5.9989118576049805,-89.59400000000106,283.17199999988026,416.0613433933935,2
time,best,best bound,gap %,status
6.293545246124268,-83.01000000000097,-83.01000000000097,0.0,2
