time,best,best bound,gap %,status
36.32897591590881,-44.48400000000149,1e+100,2.247999280640155e+100,2
time,best,best bound,gap %,status
40.272141218185425,-31.296000000000905,434.60399999999964,1488.6886503067071,2
time,best,best bound,gap %,status
43.94373893737793,-25.054000000000304,-25.054000000000304,0.0,2
