time,best,best bound,gap %,status
14.937944889068604,-103.47749999999704,1e+100,9.663936604576151e+99,2
time,best,best bound,gap %,status
18.853266954421997,-96.96150000000237,223.27299999956887,330.2697462390365,2
time,best,best bound,gap %,status
20.33452606201172,-85.98150000000203,-85.98150000000203,0.0,2
