time,best,best bound,gap %,status
2.8159122467041016,-1e+100,4.419799999999985,100.0,2
time,best,best bound,gap %,status
2.818054437637329,4.052199999999989,4.419799999999985,9.07161541878478,2
time,best,best bound,gap %,status
2.820286273956299,4.08819999999999,4.08819999999999,0.0,2
