time,best,best bound,gap %,status
1.5036342144012451,-1e+100,5.885694444444467,100.0,2
time,best,best bound,gap %,status
1.5036342144012451,5.654305555555577,5.885694444444467,4.092260077129043,2
time,best,best bound,gap %,status
1.5036342144012451,5.704305555555576,5.704305555555576,0.0,2
