time,best,best bound,gap %,status
4.9113171100616455,-1e+100,16.30825000000011,100.0,2
time,best,best bound,gap %,status
4.912343740463257,16.07725000000012,16.30825000000011,1.4368128877761388,2
time,best,best bound,gap %,status
4.91438889503479,16.07725000000012,16.153173076923196,0.4722392008774813,2
