time,best,best bound,gap %,status
1.1062076091766357,-1e+100,5.265599999999992,100.0,2
time,best,best bound,gap %,status
1.1082026958465576,5.093599999999992,5.265599999999992,3.3767865556777124,2
time,best,best bound,gap %,status
1.109241247177124,5.093599999999992,5.119599999999992,0.510444479346628,2
time,best,best bound,gap %,status
1.1141855716705322,5.093599999999992,5.119599999999992,0.510444479346628,2
time,best,best bound,gap %,status
1.1141855716705322,5.093599999999992,5.103599999999992,0.19632479974870035,2
n
e
w
time,best,best bound,gap %,status
0.7103402614593506,-1e+100,5.03839999999999,100.0,2
time,best,best bound,gap %,status
0.7113356590270996,4.866399999999991,5.03839999999999,3.5344402433010034,2
time,best,best bound,gap %,status
0.7133321762084961,4.866399999999991,4.8923999999999905,0.5342758507315438,2
time,best,best bound,gap %,status
0.7173197269439697,4.866399999999991,4.8923999999999905,0.5342758507315438,2
time,best,best bound,gap %,status
0.7183573246002197,4.866399999999991,4.8763999999999905,0.20549071181982176,2
n
e
w
time,best,best bound,gap %,status
0.7367630004882812,-1e+100,5.600999999999998,100.0,2
time,best,best bound,gap %,status
0.7376759052276611,5.469399999999998,5.600999999999998,2.4061140161626624,2
time,best,best bound,gap %,status
0.7381818294525146,5.517399999999998,5.517399999999998,0.0,2
