time,best,best bound,gap %,status
5.6496922969818115,-1e+100,11.454611111111113,100.0,2
time,best,best bound,gap %,status
5.6496922969818115,11.179277777777777,11.454611111111113,2.462890168814347,2
time,best,best bound,gap %,status
5.665599822998047,11.203888888888889,11.203888888888889,0.0,2
