time,best,best bound,gap %,status
0.9401791095733643,-1e+100,1.7459999999999987,100.0,2
