time,best,best bound,gap %,status
7.296609401702881,-1e+100,15.702750000000137,100.0,2
time,best,best bound,gap %,status
7.296609401702881,15.363500000000128,15.702750000000137,2.208155693689627,2
time,best,best bound,gap %,status
7.305265188217163,15.363500000000128,15.363500000000128,0.0,2
