time,best,best bound,gap %,status
0.995333194732666,-1e+100,10.654722222222263,100.0,2
time,best,best bound,gap %,status
0.9963324069976807,9.244305555555586,10.654722222222263,15.257140281554774,2
time,best,best bound,gap %,status
0.999340295791626,9.244305555555586,9.392361111111143,1.6015865622981165,2
