time,best,best bound,gap %,status
0.5837407112121582,-1e+100,2.3083999999999985,100.0,2
time,best,best bound,gap %,status
0.5857350826263428,2.2425999999999986,2.3083999999999985,2.934094354766784,2
time,best,best bound,gap %,status
0.5874803066253662,2.2665999999999986,2.2665999999999986,0.0,2
