time,best,best bound,gap %,status
0.9238660335540771,-1e+100,2.060222222222221,100.0,2
time,best,best bound,gap %,status
0.9248626232147217,2.00561111111111,2.060222222222221,2.7229162627073973,2
time,best,best bound,gap %,status
0.9278545379638672,2.02561111111111,2.02561111111111,0.0,2
