time,best,best bound,gap %,status
1.1870601177215576,-1e+100,2.694999999999998,100.0,2
time,best,best bound,gap %,status
1.1884105205535889,2.6242499999999978,2.694999999999998,2.6960083833476376,2
time,best,best bound,gap %,status
1.1905343532562256,2.6692499999999977,2.6692499999999977,0.0,2
