time,best,best bound,gap %,status
4.322589159011841,-1e+100,9.047000000000034,100.0,2
time,best,best bound,gap %,status
4.3245849609375,8.92825000000003,9.047000000000034,1.3300478817237813,2
time,best,best bound,gap %,status
4.326416492462158,8.92825000000003,9.00375000000003,0.845630442695933,2
