time,best,best bound,gap %,status
6.186315536499023,-1e+100,14.838750000000191,100.0,2
time,best,best bound,gap %,status
6.188339710235596,14.41175000000018,14.838750000000191,2.9628601661838774,2
time,best,best bound,gap %,status
6.190479040145874,14.47075000000018,14.47075000000018,0.0,2
