time,best,best bound,gap %,status
3.0628530979156494,-1e+100,8.858600000000097,100.0,2
time,best,best bound,gap %,status
3.064849615097046,8.792800000000097,8.858600000000097,0.748339550541337,2
time,best,best bound,gap %,status
3.0670158863067627,8.816800000000098,8.816800000000098,0.0,2
