time,best,best bound,gap %,status
8.022698879241943,-1e+100,17.091250000000166,100.0,2
time,best,best bound,gap %,status
8.023544073104858,16.879750000000172,17.091250000000166,1.2529806424857692,2
time,best,best bound,gap %,status
8.025537729263306,16.879750000000172,16.917750000000176,0.22512181756248417,2
