time,best,best bound,gap %,status
1.1118738651275635,-1e+100,5.825972222222221,100.0,2
time,best,best bound,gap %,status
1.1184093952178955,5.322499999999995,5.825972222222221,9.45931840718133,2
time,best,best bound,gap %,status
1.11940598487854,5.372499999999995,5.372499999999995,0.0,2
