time,best,best bound,gap %,status
1.0291762351989746,-1e+100,4.941249999999993,100.0,2
time,best,best bound,gap %,status
1.031172513961792,4.489722222222212,4.941249999999993,10.056920126214294,2
time,best,best bound,gap %,status
1.0349493026733398,4.5397222222222124,4.5397222222222124,0.0,2
