time,best,best bound,gap %,status
3.635998487472534,-1e+100,9.102000000000077,100.0,2
time,best,best bound,gap %,status
3.636995553970337,8.755200000000075,9.102000000000077,3.9610745614034952,2
time,best,best bound,gap %,status
3.6399874687194824,8.839200000000075,8.839200000000075,0.0,2
