time,best,best bound,gap %,status
4.182621479034424,-1e+100,6.560750000000009,100.0,2
time,best,best bound,gap %,status
4.182621479034424,6.4320000000000075,6.560750000000009,2.001710199005003,2
time,best,best bound,gap %,status
4.182621479034424,6.4320000000000075,6.4320000000000075,0.0,2
