time,best,best bound,gap %,status
3.265892505645752,-1e+100,10.476777777777661,100.0,2
time,best,best bound,gap %,status
3.266890525817871,10.15988888888877,10.476777777777661,3.119019236868361,2
time,best,best bound,gap %,status
3.27017879486084,10.17988888888877,10.17988888888877,0.0,2
