time,best,best bound,gap %,status
22.060099124908447,-37.76266666666803,1e+100,2.6481180707576193e+100,2
time,best,best bound,gap %,status
27.9966242313385,-22.066666666666627,235.08475555595157,1165.338771401595,2
time,best,best bound,gap %,status
30.819132328033447,5.131999999998784,5.131999999998784,0.0,2
