time,best,best bound,gap %,status
573.1399250030518,3.7935499999991067,15.537249999999723,309.57019150936145,2
time,best,best bound,gap %,status
578.7814540863037,7.156449999999922,15.537249999999723,117.10834282360518,2
time,best,best bound,gap %,status
1737.3423490524292,7.160949999999924,10.291549999999999,43.717663159219214,2
