time,best,best bound,gap %,status
18.399021863937378,-47.79600000000426,1e+100,2.0922252908191287e+100,2
time,best,best bound,gap %,status
22.179014921188354,-38.036000000000215,258.7983999993933,780.4038279508673,2
time,best,best bound,gap %,status
23.758867979049683,-20.052000000000078,-20.052000000000078,0.0,2
