time,best,best bound,gap %,status
2.5360798835754395,-337.17600000000414,1e+100,2.9658101406979966e+99,2
time,best,best bound,gap %,status
2.7881219387054443,-323.0960000000015,186.86199999999988,157.83482308663648,2
time,best,best bound,gap %,status
2.8544058799743652,-299.2960000000012,-299.2960000000012,0.0,2
