time,best,best bound,gap %,status
491.0116562843323,4.033299999999369,15.54054999999972,285.30607690977985,2
time,best,best bound,gap %,status
496.9345500469208,6.844700000000117,15.54054999999972,127.04501292970409,2
