time,best,best bound,gap %,status
12.248331069946289,-24.864000000000058,1e+100,4.0218790218790126e+100,2
time,best,best bound,gap %,status
13.526473045349121,-19.691999999999474,146.74719999962988,845.2122689398426,2
time,best,best bound,gap %,status
15.418426036834717,-16.881999999999593,-16.881999999999593,0.0,2
