time,best,best bound,gap %,status
12.824810028076172,-33.592800000000295,1e+100,2.9768283679835898e+100,2
time,best,best bound,gap %,status
13.741606950759888,-13.66479999999932,250.9871999994307,1936.742579470195,2
time,best,best bound,gap %,status
14.586830854415894,-3.5967999999997136,-3.5967999999997136,0.0,2
