time,best,best bound,gap %,status
10.668811082839966,-25.366399999999985,1e+100,3.942222782893909e+100,2
time,best,best bound,gap %,status
11.82344913482666,-15.850399999999594,124.75839999975317,887.0993791939406,2
time,best,best bound,gap %,status
13.807940244674683,-10.624399999999547,-10.624399999999547,0.0,2
