time,best,best bound,gap %,status
19.683316946029663,-23.27360000000015,1e+100,4.296713873229726e+100,2
time,best,best bound,gap %,status
21.53038501739502,-17.90359999999915,225.30599999924274,1358.4396434194991,2
time,best,best bound,gap %,status
23.290094137191772,-14.927599999999051,-14.927599999999051,0.0,2
