time,best,best bound,gap %,status
5.637847185134888,-36.8856000000002,1e+100,2.7110850846942833e+100,2
time,best,best bound,gap %,status
6.161846160888672,-23.473399999999703,121.70000000000425,618.459192106835,2
time,best,best bound,gap %,status
6.753305196762085,-11.305600000000016,-11.305600000000016,0.0,2
