time,best,best bound,gap %,status
3.1414639949798584,-62.103999999999466,1e+100,1.6102022414015339e+100,2
time,best,best bound,gap %,status
3.4494550228118896,-47.42399999999967,148.30400000000068,412.7192982456176,2
time,best,best bound,gap %,status
3.691218137741089,-42.11199999999965,-42.112000000000165,1.2317063951008679e-12,2
