time,best,best bound,gap %,status
23.698015928268433,-34.74880000000333,1e+100,2.877797218896492e+100,2
time,best,best bound,gap %,status
31.570335865020752,-19.66879999999879,204.26729999934255,1138.5346335279992,2
time,best,best bound,gap %,status
36.889753103256226,6.25120000000252,6.25120000000252,0.0,2
