time,best,best bound,gap %,status
12.44357705116272,-51.61920000000252,1e+100,1.9372636538341377e+100,2
time,best,best bound,gap %,status
15.11294412612915,-46.37119999999971,182.70659999975854,494.0087813120205,2
time,best,best bound,gap %,status
16.399518966674805,-37.44319999999986,-37.44319999999986,0.0,2
