time,best,best bound,gap %,status
0.534235954284668,-281.5680000000006,1e+100,3.5515399477213244e+99,2
time,best,best bound,gap %,status
0.5855720043182373,-241.32800000000026,130.79199999999997,154.19677782934423,2
time,best,best bound,gap %,status
0.6044299602508545,-236.4480000000002,-236.4480000000002,0.0,2
