time,best,best bound,gap %,status
6.849812030792236,-36.69120000000021,1e+100,2.7254491540205673e+100,2
time,best,best bound,gap %,status
7.495226860046387,-25.372599999999935,146.22879999992247,676.3256426220524,2
time,best,best bound,gap %,status
8.28461503982544,-20.07520000000006,-20.07520000000006,0.0,2
