time,best,best bound,gap %,status
1.3455970287322998,-237.04800000000134,1e+100,4.2185548918362284e+99,2
time,best,best bound,gap %,status
1.4268150329589844,-196.68800000000098,260.04,232.20938745627527,2
time,best,best bound,gap %,status
1.4605083465576172,-189.84800000000072,-189.84800000000072,0.0,2
