time,best,best bound,gap %,status
7.268059968948364,-56.39999999999892,1e+100,1.773049645390105e+100,2
time,best,best bound,gap %,status
7.788015842437744,-41.39999999999926,272.8639999999283,759.091787439452,2
time,best,best bound,gap %,status
8.12024998664856,-35.15199999999927,-35.15199999999997,2.001130258313933e-12,2
