time,best,best bound,gap %,status
6.064790964126587,-87.00799999999953,1e+100,1.1493196027951514e+100,2
time,best,best bound,gap %,status
7.22345495223999,-67.14399999999931,184.87599999999983,375.34254736089855,2
time,best,best bound,gap %,status
7.695038080215454,-33.1719999999998,-33.171999999999976,5.354988663331308e-13,2
