time,best,best bound,gap %,status
169.51321697235107,2.5539666666665477,10.252666666669,301.44089586145,2
time,best,best bound,gap %,status
682.0858228206635,2.5635999999998815,5.923568395554687,131.06445606003123,2
time,best,best bound,gap %,status
1210.9355618953705,5.051044444444429,5.789498906459299,14.619836949308281,2
