time,best,best bound,gap %,status
9.46632194519043,-53.630400000001835,1e+100,1.864614099465911e+100,2
time,best,best bound,gap %,status
12.820961952209473,-44.46640000000001,145.53119999992407,427.28352193999075,2
time,best,best bound,gap %,status
13.97543478012085,-27.93439999999997,-27.93439999999997,0.0,2
