time,best,best bound,gap %,status
8.555718898773193,-35.584800000000186,1e+100,2.8101886198601506e+100,2
time,best,best bound,gap %,status
9.261338949203491,-23.87279999999991,183.15679999974543,867.2195971974219,2
time,best,best bound,gap %,status
10.10370397567749,-18.2568000000001,-18.2568000000001,0.0,2
