time,best,best bound,gap %,status
10.629644870758057,-79.87199999999946,1e+100,1.2520032051282137e+100,2
time,best,best bound,gap %,status
12.318454027175903,-73.47199999999843,268.91999999994835,466.0169860626553,2
time,best,best bound,gap %,status
12.830032110214233,-62.679999999998614,-62.679999999999474,1.3716603546103067e-12,2
