time,best,best bound,gap %,status
13.641384840011597,-42.56124444444571,1e+100,2.3495553597011917e+100,2
time,best,best bound,gap %,status
19.409240007400513,-33.9492444444444,150.31537777777015,542.7650165344648,2
time,best,best bound,gap %,status
22.33462381362915,-18.429244444443544,-18.429244444443544,0.0,2
