time,best,best bound,gap %,status
11.211727142333984,-43.13493333333437,1e+100,2.3183065852270766e+100,2
time,best,best bound,gap %,status
18.544934272766113,-34.87759999999975,120.96204444436803,446.8187158645345,2
time,best,best bound,gap %,status
20.93559217453003,-19.95759999999882,-19.95759999999882,0.0,2
