time,best,best bound,gap %,status
8.458806991577148,-35.584800000000186,1e+100,2.8101886198601506e+100,2
time,best,best bound,gap %,status
9.189038753509521,-29.27280000000002,183.15679999974543,725.6893771683791,2
time,best,best bound,gap %,status
9.863184928894043,-26.608800000000024,-26.608800000000024,0.0,2
