time,best,best bound,gap %,status
18.852747678756714,-26.328711111110664,1e+100,3.798135031296697e+100,2
time,best,best bound,gap %,status
20.48477077484131,-15.667377777778078,266.52320000054647,1801.1347002723792,2
time,best,best bound,gap %,status
21.945695877075195,-9.31004444444355,-9.31004444444355,0.0,2
