time,best,best bound,gap %,status
5.173256874084473,-57.975999999999246,1e+100,1.7248516627570254e+100,2
time,best,best bound,gap %,status
5.597892999649048,-33.21399999999916,226.464000000001,781.8329620039945,2
time,best,best bound,gap %,status
5.921432018280029,-22.795999999999747,-22.7960000000001,1.5428963598931984e-12,2
