time,best,best bound,gap %,status
0.9898302555084229,-360.02400000000137,1e+100,2.777592604937438e+99,2
time,best,best bound,gap %,status
1.1198081970214844,-346.22400000000096,62.60999999999919,118.08366837654208,2
time,best,best bound,gap %,status
1.1490702629089355,-323.3440000000009,-323.3440000000009,0.0,2
