time,best,best bound,gap %,status
122.21586108207703,1.9111888888887907,7.759011111112048,305.9782450714914,2
time,best,best bound,gap %,status
1513.4044830799103,1.9312222222221243,4.74100820459862,145.49262897065614,2
time,best,best bound,gap %,status
1814.3302302360535,2.3496111111109754,4.602761493123018,95.89460874428181,2
