time,best,best bound,gap %,status
1.4307167530059814,-237.04800000000134,1e+100,4.2185548918362284e+99,2
time,best,best bound,gap %,status
1.514427900314331,-216.48800000000116,260.04,220.11751228705455,2
time,best,best bound,gap %,status
1.5438368320465088,-213.24800000000104,-213.24800000000104,0.0,2
