time,best,best bound,gap %,status
4.035131931304932,-59.99199999999936,1e+100,1.6668889185224876e+100,2
time,best,best bound,gap %,status
4.362397909164429,-52.19199999999954,182.8480000000008,450.3372164316417,2
time,best,best bound,gap %,status
4.569186687469482,-49.263999999999406,-49.264000000000216,1.6442406600489686e-12,2
