time,best,best bound,gap %,status
15.279746770858765,-50.517600000003625,1e+100,1.9795081318192636e+100,2
time,best,best bound,gap %,status
18.734771966934204,-33.34960000000043,240.1253999994787,820.0248278824201,2
time,best,best bound,gap %,status
20.31172776222229,-3.7856000000000174,-3.7856000000000174,0.0,2
