time,best,best bound,gap %,status
12.598079919815063,-33.592800000000295,1e+100,2.9768283679835898e+100,2
time,best,best bound,gap %,status
13.512200832366943,-27.164799999999985,250.9871999994307,1023.9427494383572,2
time,best,best bound,gap %,status
14.071040630340576,-24.420800000000074,-24.420800000000074,0.0,2
