time,best,best bound,gap %,status
0.7600650787353516,-224.78400000000073,1e+100,4.448715211047035e+99,2
time,best,best bound,gap %,status
0.8195650577545166,-163.43400000000037,158.45600000000002,196.9541221532849,2
time,best,best bound,gap %,status
0.8423621654510498,-146.52399999999994,-146.524,3.879461307417763e-14,2
