time,best,best bound,gap %,status
177.85120224952698,-0.244899999999983,8.334999999999127,3503.429971416785,2
time,best,best bound,gap %,status
179.05237126350403,2.980749999999792,8.334999999999127,179.6276105007031,2
