time,best,best bound,gap %,status
0.6034092903137207,-246.4560000000003,1e+100,4.057519394942703e+99,2
time,best,best bound,gap %,status
0.6522490978240967,-191.2860000000002,142.032,174.2511213575483,2
time,best,best bound,gap %,status
0.6756021976470947,-169.67600000000007,-169.67600000000007,0.0,2
