time,best,best bound,gap %,status
15.41171407699585,-50.517600000003625,1e+100,1.9795081318192636e+100,2
time,best,best bound,gap %,status
18.851014137268066,-40.7576000000003,232.7173999995123,670.9791548067368,2
time,best,best bound,gap %,status
20.47743010520935,-22.87360000000014,-22.87360000000014,0.0,2
