time,best,best bound,gap %,status
29.53802490234375,-33.37840000000458,1e+100,2.99594947630762e+100,2
time,best,best bound,gap %,status
37.86298584938049,-28.452399999999784,231.4524999992182,913.4726771703614,2
time,best,best bound,gap %,status
42.61443495750427,-20.11439999999876,-20.11439999999876,0.0,2
