time,best,best bound,gap %,status
1.5614900588989258,-360.3600000000036,1e+100,2.775002775002747e+99,2
time,best,best bound,gap %,status
1.7776849269866943,-334.66000000000093,151.49599999999992,145.26863084921996,2
time,best,best bound,gap %,status
1.8337342739105225,-287.98000000000053,-287.98000000000053,0.0,2
