time,best,best bound,gap %,status
20.06192111968994,-6089.999999999995,1e+100,1.6420361247947468e+98,2
time,best,best bound,gap %,status
43.270639181137085,-1902.6649999999977,-1882.6650000000147,1.0511571926735905,2
time,best,best bound,gap %,status
43.29359531402588,-1900.2249999999976,-1900.2049999999977,0.0010525069399666795,2
