time,best,best bound,gap %,status
82.03963208198547,198.6213555555515,445.818444444769,124.45645041430606,2
time,best,best bound,gap %,status
82.07354068756104,198.6213555555515,445.818444444769,124.45645041430606,2
time,best,best bound,gap %,status
102.86592531204224,230.1896888891787,230.1896888891787,0.0,2
