time,best,best bound,gap %,status
1.5602929592132568,7.599999999999986,10.379999999999937,36.578947368420465,2
time,best,best bound,gap %,status
1.5967011451721191,8.669999999999986,8.780999999999986,1.2802768166090062,2
time,best,best bound,gap %,status
1.6455590724945068,8.679999999999986,8.730999999999986,0.5875576036866387,2
