time,best,best bound,gap %,status
20.84853506088257,2.310999999999599,29.11349999999639,1159.7793163133467,2
time,best,best bound,gap %,status
21.254945039749146,4.801750000000395,29.11349999999639,506.31019940634127,2
time,best,best bound,gap %,status
54.539937019348145,5.7868499999993634,14.73460000000001,154.6221173868621,2
time,best,best bound,gap %,status
315.5336151123047,12.296350000001175,14.356450000000008,16.753752129685935,2
time,best,best bound,gap %,status
592.1209530830383,12.374250000001114,14.18123721231596,14.60280188548545,2
time,best,best bound,gap %,status
1230.9383161067963,12.420900000001046,14.019650000000007,12.871450539001417,2
