time,best,best bound,gap %,status
0.8863728046417236,-208.78400000000107,1e+100,4.789639052800957e+99,2
time,best,best bound,gap %,status
0.9551806449890137,175.62599999999975,185.82599999999974,5.807796112192958,2
time,best,best bound,gap %,status
0.9584047794342041,177.90599999999975,177.90599999999975,0.0,2
