time,best,best bound,gap %,status
19.937931060791016,-26.328711111110664,1e+100,3.798135031296697e+100,2
time,best,best bound,gap %,status
25.23345923423767,-17.672711111110832,-17.672711111110832,0.0,2
