time,best,best bound,gap %,status
14.850518703460693,-1e+100,11.642499999999998,100.0,2
time,best,best bound,gap %,status
14.852514028549194,4.4795,11.642499999999998,159.90623953566242,2
time,best,best bound,gap %,status
14.857701301574707,4.4795,4.4795,0.0,2
