time,best,best bound,gap %,status
179.27173614501953,-223.3559999999891,1e+100,4.477157542219814e+99,2
time,best,best bound,gap %,status
365.529687166214,-23.623499999998042,-1.9154999999987825,91.89154866976129,2
time,best,best bound,gap %,status
365.6054701805115,-21.94749999999804,-21.947499999998044,1.618732738945583e-14,2
