time,best,best bound,gap %,status
218.24119901657104,67.74999999999767,209.60415000000017,209.3788191882028,2
time,best,best bound,gap %,status
218.25696206092834,71.79949999999965,71.79950000000129,2.276127678115082e-12,2
