time,best,best bound,gap %,status
35.140453815460205,-0.41323333333336804,1e+100,2.419940308138863e+102,2
time,best,best bound,gap %,status
60.65493369102478,0.02831111111107689,29.168666666681183,102929.04238636106,2
time,best,best bound,gap %,status
6263.784973859787,5.553644444445441,12.961541105429191,133.38802537841377,2
