time,best,best bound,gap %,status
2.991300106048584,-1694.9099999999937,1e+100,5.900018290056721e+98,2
time,best,best bound,gap %,status
3.5105981826782227,-1534.9099999999985,205.04499999995355,113.35876370601233,2
time,best,best bound,gap %,status
3.741107940673828,-1255.2399999999996,-1255.1200000000003,0.009559924795195244,2
