time,best,best bound,gap %,status
6.525506019592285,-337.17600000000414,1e+100,2.9658101406979966e+99,2
time,best,best bound,gap %,status
9.282254219055176,-121.29300000000096,1e+100,8.244498858136843e+99,2
