time,best,best bound,gap %,status
19.833906888961792,-47.79600000000426,1e+100,2.0922252908191287e+100,2
time,best,best bound,gap %,status
24.911758184432983,-39.65600000000024,405.56239999970586,1122.701230582266,2
time,best,best bound,gap %,status
25.63144087791443,-24.85599999999967,-24.856000000000027,1.4293183451885051e-12,2
