time,best,best bound,gap %,status
58.447941064834595,0.2671555555555663,22.433333333340755,8297.105306939722,2
time,best,best bound,gap %,status
59.53650116920471,2.4068666666665126,22.433333333340755,832.055507852901,2
time,best,best bound,gap %,status
8264.513859033585,2.410977777777624,11.078448450213779,359.50023066681274,2
