time,best,best bound,gap %,status
12.509340047836304,-33.592800000000295,1e+100,2.9768283679835898e+100,2
time,best,best bound,gap %,status
15.61157488822937,-3.6367999999997513,-3.6367999999997513,0.0,2
