time,best,best bound,gap %,status
18.079052686691284,6.249999999999899,18.431500000000423,194.90400000001154,2
time,best,best bound,gap %,status
25.950202703475952,7.5734999999999335,9.135036978340782,20.618432406956654,2
time,best,best bound,gap %,status
38.80953764915466,8.688999999999965,9.011415895972718,3.710621429079923,2
time,best,best bound,gap %,status
80.56976890563965,8.970999999999982,8.9800477178733,0.10085517638297914,2
