time,best,best bound,gap %,status
50.25945520401001,-67.96500000000015,1e+100,1.471345545501358e+100,2
time,best,best bound,gap %,status
79.44875311851501,24.956999999999848,37.67699999999985,50.96766438273863,2
time,best,best bound,gap %,status
79.56509613990784,26.32499999999985,26.40899999999985,0.31908831908831947,2
time,best,best bound,gap %,status
79.58752822875977,26.36499999999985,26.40899999999985,0.1668879195903688,2
