time,best,best bound,gap %,status
31.28887915611267,17.93499999999991,36.04999999999978,101.00362419849434,2
time,best,best bound,gap %,status
41.67610001564026,17.94499999999991,19.647537525879795,9.48753148999661,2
time,best,best bound,gap %,status
52.03771114349365,19.417999999999985,19.453840773809404,0.1845750015934631,2
