time,best,best bound,gap %,status
545.788055896759,-0.28904999999997644,11.27649999999997,4001.22816121809,2
time,best,best bound,gap %,status
548.9076850414276,4.463250000000862,11.27649999999997,152.65221531390338,2
