time,best,best bound,gap %,status
48.62136197090149,-612.6750000000005,1e+100,1.632186722161014e+99,2
time,best,best bound,gap %,status
52.42253303527832,-146.23499999999572,-129.55499999999572,11.406298081854887,2
time,best,best bound,gap %,status
52.72313904762268,-144.79499999999572,-144.67499999999572,0.08287578990987816,2
time,best,best bound,gap %,status
53.07641291618347,-144.7149999999957,-144.67499999999572,0.027640534844344557,2
