time,best,best bound,gap %,status
41.2019898891449,61.77249999983442,1e+100,1.6188433364404554e+100,2
time,best,best bound,gap %,status
122.21011400222778,242.52249999984102,260.586499999841,7.448381078049185,2
time,best,best bound,gap %,status
122.40035581588745,245.53249999984095,245.53249999984095,0.0,2
time,best,best bound,gap %,status
122.54831886291504,245.53249999952476,245.53249999984095,1.287778674569992e-10,2
