time,best,best bound,gap %,status
67.7526650428772,2.5735499999999014,26.669500000000003,936.2922810903624,2
time,best,best bound,gap %,status
69.04895496368408,2.7955499999997095,26.669500000000003,853.9983187566944,2
