time,best,best bound,gap %,status
1.2183890342712402,3.9299999999999624,17.609999999999495,348.0916030534265,2
time,best,best bound,gap %,status
1.9874730110168457,6.551999999999949,9.293639460421392,41.84431410899671,2
time,best,best bound,gap %,status
2.1105260848999023,6.691999999999947,9.293639460421392,38.87685983893404,2
time,best,best bound,gap %,status
2.2009479999542236,6.936999999999944,9.293639460421392,33.97202624220076,2
time,best,best bound,gap %,status
2.2066702842712402,7.820999999999944,9.293639460421392,18.82929881628256,2
time,best,best bound,gap %,status
2.2098581790924072,7.837000002970156,9.293639460421392,18.586697165996963,2
time,best,best bound,gap %,status
2.7702620029449463,8.077499999999947,8.989920634920644,11.295829587381027,2
time,best,best bound,gap %,status
3.7135250568389893,8.35799999999999,8.989920634920644,7.560668041644587,2
time,best,best bound,gap %,status
6.4113450050354,8.362499999999992,8.521820379244312,1.9051764334148962,2
time,best,best bound,gap %,status
7.022428035736084,8.367499999999993,8.521758889711572,1.8435481292091982,2
time,best,best bound,gap %,status
7.361333131790161,8.46200000000001,8.521737694508918,0.7059524286091627,2
time,best,best bound,gap %,status
8.106045961380005,8.467000000000011,8.521737694508918,0.6464827507842986,2
time,best,best bound,gap %,status
9.890450954437256,8.46750000751425,8.521729272704102,0.6404400961526714,2
time,best,best bound,gap %,status
9.892775058746338,8.467500015108229,8.521729272704102,0.6404400058944647,2
time,best,best bound,gap %,status
138.92485404014587,8.467500025980373,8.475000000202467,0.08857365455072319,2
