time,best,best bound,gap %,status
34.01977896690369,-50.37899999999521,1e+100,1.9849540483139706e+100,2
time,best,best bound,gap %,status
37.355584144592285,-36.37633333333203,507.6733333349946,1495.6143646556263,2
time,best,best bound,gap %,status
42.373679876327515,-29.78966666666506,-29.78966666666506,0.0,2
