time,best,best bound,gap %,status
26.09530210494995,-22.27200000000043,1e+100,4.4899425287355465e+100,2
time,best,best bound,gap %,status
34.58615183830261,-5.74599999999813,-5.74599999999813,0.0,2
