time,best,best bound,gap %,status
5.379751920700073,-36.8856000000002,1e+100,2.7110850846942833e+100,2
time,best,best bound,gap %,status
7.31400990486145,-11.429600000000043,-11.429600000000043,0.0,2
