time,best,best bound,gap %,status
9.764019012451172,-2468.5499999999934,1e+100,4.050961090518736e+98,2
time,best,best bound,gap %,status
11.153287172317505,-2244.8299999999954,1009.489999999226,144.96955226004766,2
time,best,best bound,gap %,status
11.679108142852783,-1853.0699999999977,-1852.9500000000007,0.006475740257892855,2
