time,best,best bound,gap %,status
140.81864714622498,-0.6134999999999878,20.06149999999996,3370.0081499593084,2
time,best,best bound,gap %,status
194.37784099578857,10.261499999999703,10.32199999999996,0.5895824197267325,2
