time,best,best bound,gap %,status
0.29549455642700195,11.309081632653061,22.52489795918381,99.17530610219468,2
time,best,best bound,gap %,status
0.29549455642700195,11.309081632653061,22.52489795918381,99.17530610219468,2
time,best,best bound,gap %,status
0.31111741065979004,17.46020408163271,17.46020408163271,0.0,2
