time,best,best bound,gap %,status
41.017009973526,8.128800006035778,8.303650006035777,2.1509939950567127,2
time,best,best bound,gap %,status
41.06132936477661,8.176700006035778,8.205700006035778,0.35466630766193014,2
time,best,best bound,gap %,status
41.07833123207092,8.177850006035777,8.205700006035778,0.3405540573554875,2
time,best,best bound,gap %,status
41.099831104278564,8.179850006035778,8.205700006035778,0.3160204646897664,2
time,best,best bound,gap %,status
41.13679122924805,8.185150006035778,8.201450006035778,0.1991411273828775,2
time,best,best bound,gap %,status
41.15653204917908,8.191650006035777,8.201450006035778,0.11963401747852277,2
time,best,best bound,gap %,status
41.24259424209595,8.192150006035778,8.201150006035778,0.10986126954913374,2
time,best,best bound,gap %,status
41.252517223358154,8.198650006035777,8.201150006035778,0.030492825015835535,2
