time,best,best bound,gap %,status
19.393878936767578,-37.27360000000169,1e+100,2.6828640109888892e+100,2
time,best,best bound,gap %,status
26.404927968978882,33.223700000001806,39.89750000000252,20.087467681204547,2
time,best,best bound,gap %,status
26.450528860092163,34.3957000000018,34.3957000000018,0.0,2
