time,best,best bound,gap %,status
46.50510311126709,-136.4066666666671,1e+100,7.331019989247814e+99,2
time,best,best bound,gap %,status
115.48247194290161,4.155222222225123,22.97388888889011,452.8919432036437,2
time,best,best bound,gap %,status
115.70486092567444,7.104555555558467,7.109888888891788,0.07506920442262574,2
time,best,best bound,gap %,status
115.7898600101471,7.107222222225134,7.109888888891788,0.03752051903366468,2
