time,best,best bound,gap %,status
39.63647484779358,0.45467777777790624,20.265000000004566,4357.0025170447825,2
time,best,best bound,gap %,status
40.36111807823181,2.356655555555409,20.265000000004566,759.9050443427475,2
