time,best,best bound,gap %,status
64.93957805633545,-337.34999999998746,1e+100,2.96428042092793e+99,2
time,best,best bound,gap %,status
116.9887809753418,-61.82399999999252,-45.19599999999252,26.895703933750664,2
time,best,best bound,gap %,status
117.05471706390381,-59.81599999999252,-59.81599999999252,0.0,2
