time,best,best bound,gap %,status
11.292613983154297,-0.32100000000000034,16.054999999999627,5101.557632398632,2
time,best,best bound,gap %,status
11.483558893203735,1.9349999999998986,16.054999999999627,729.715762273926,2
time,best,best bound,gap %,status
1805.3210570812225,5.883499999999966,8.6835,47.59071980963798,2
