time,best,best bound,gap %,status
146.70732402801514,3.8577666666664974,11.57216666666563,199.970622035188,2
time,best,best bound,gap %,status
4766.181915044785,3.87028888888872,5.789880166421586,49.59813938034068,2
time,best,best bound,gap %,status
6854.697816133499,5.120077777778412,5.700530674012259,11.336798412576153,2
time,best,best bound,gap %,status
9754.901556015015,5.121166666667301,5.6621093621497485,10.562880114864079,2
