time,best,best bound,gap %,status
0.8724560737609863,-413.2800000000016,1e+100,2.419667053813386e+99,2
time,best,best bound,gap %,status
1.0083439350128174,-369.6800000000012,133.51599999999598,136.11664141960495,2
time,best,best bound,gap %,status
1.0513670444488525,-293.3800000000008,-293.38000000000085,1.9375355805033698e-14,2
