time,best,best bound,gap %,status
10.584681987762451,-112.70000000001201,1e+100,8.87311446317563e+99,2
time,best,best bound,gap %,status
19.948194980621338,256.9339999999916,274.54999999998404,6.856235453460033,2
time,best,best bound,gap %,status
20.02271294593811,259.8699999999916,259.8939999999916,0.009235386924231996,2
