time,best,best bound,gap %,status
3.4754791259765625,-1694.9099999999937,1e+100,5.900018290056721e+98,2
time,best,best bound,gap %,status
4.013490200042725,-1534.9099999999985,205.04499999995355,113.35876370601233,2
time,best,best bound,gap %,status
4.241701126098633,-1255.2399999999996,-1255.1200000000003,0.009559924795195244,2
