time,best,best bound,gap %,status
342.84144616127014,3.103199999999888,11.655200000000784,275.5864913637924,2
time,best,best bound,gap %,status
6185.9771819114685,4.250299999999984,4.791767077383069,12.739502561774152,2
time,best,best bound,gap %,status
7912.438695192337,4.424300000000017,4.727721319350116,6.858063859821832,2
time,best,best bound,gap %,status
8249.822730064392,4.455600000000018,4.717084800396357,5.868677628071141,2
