time,best,best bound,gap %,status
46.12073588371277,-43.34250000000147,1e+100,2.307204245255733e+100,2
time,best,best bound,gap %,status
50.57706880569458,-36.27050000000112,502.9550000026283,1486.6778787240673,2
time,best,best bound,gap %,status
55.587899923324585,-33.4905000000014,-33.4905000000014,0.0,2
