time,best,best bound,gap %,status
72.86895728111267,0.9310999999998113,29.168666666681183,3032.7104142076137,2
time,best,best bound,gap %,status
74.14980626106262,2.8164333333331766,29.168666666681183,935.6597587971597,2
time,best,best bound,gap %,status
8846.008906126022,2.86453333333318,13.424414175510588,368.6422747921002,2
