time,best,best bound,gap %,status
87.30496835708618,-67.83599999999973,1e+100,1.4741435226133675e+100,2
time,best,best bound,gap %,status
134.83243131637573,25.60500000000011,41.56499999999999,62.33157586408831,2
time,best,best bound,gap %,status
134.8916471004486,27.13700000000011,27.13700000000011,0.0,2
