time,best,best bound,gap %,status
3.6319479942321777,-1373.399999999999,1e+100,7.281199941750406e+98,2
time,best,best bound,gap %,status
4.432067632675171,-1255.5599999999986,295.9699999999758,123.57274841504795,2
time,best,best bound,gap %,status
4.685308933258057,-1048.9899999999993,-1048.9650000000001,0.002383244835430411,2
