time,best,best bound,gap %,status
34.64607572555542,-995.3999999999902,1e+100,1.0046212577858246e+99,2
time,best,best bound,gap %,status
52.5278639793396,-245.0399999999978,-220.87999999999784,9.859614756774478,2
time,best,best bound,gap %,status
52.819802045822144,-243.0799999999978,-242.95999999999782,0.0493664637156398,2
time,best,best bound,gap %,status
52.86950087547302,-242.95999999999782,-242.95999999999782,0.0,2
