time,best,best bound,gap %,status
1.159182071685791,-249.81600000000086,1e+100,4.002946168379914e+99,2
time,best,best bound,gap %,status
1.3369500637054443,-203.13600000000045,-203.13600000000045,0.0,2
