time,best,best bound,gap %,status
22.568459033966064,-265.9750000000065,1e+100,3.759751856377387e+99,2
time,best,best bound,gap %,status
30.010841131210327,-227.89500000000206,722.3129999978187,416.94991114232965,2
time,best,best bound,gap %,status
32.29611301422119,-160.70900000000069,-160.70900000000069,0.0,2
