time,best,best bound,gap %,status
4.198771715164185,-1e+100,22.13674999999993,100.0,2
time,best,best bound,gap %,status
4.240660667419434,1.1350000000000007,22.13674999999993,1850.3744493391998,2
time,best,best bound,gap %,status
4.2655930519104,6.012,6.012000000000036,6.057104991301586e-13,2
