time,best,best bound,gap %,status
30.217429161071777,-362.1099999999969,1e+100,2.761591781502882e+99,2
time,best,best bound,gap %,status
42.010740995407104,-313.9899999999934,946.8779999967692,401.5631071042992,2
time,best,best bound,gap %,status
44.69196915626526,-229.34399999999687,-229.34399999999923,1.0285867006433848e-12,2
