time,best,best bound,gap %,status
2.25274395942688,-1e+100,24.05277777777797,100.0,2
time,best,best bound,gap %,status
2.25274395942688,3.0940000000000007,24.05277777777797,677.400703871298,2
time,best,best bound,gap %,status
2.25274395942688,5.806500000000002,5.806500000000003,1.529627864806897e-14,2
