time,best,best bound,gap %,status
70.72897362709045,-47.79600000000426,1e+100,2.0922252908191287e+100,2
