time,best,best bound,gap %,status
118.06448411941528,41.08654444444301,145.3719777777776,253.81894423939394,2
time,best,best bound,gap %,status
118.12376117706299,43.10313333332976,43.117466666666,0.033253576312875316,2
