time,best,best bound,gap %,status
300.8093400001526,8.72600000000006,29.712,240.49965619986017,2
