time,best,best bound,gap %,status
6.98004937171936,-61.76000000000002,1e+100,1.6191709844559583e+100,2
time,best,best bound,gap %,status
7.28420090675354,-44.62200000000002,119.91200000000059,368.728429922461,2
time,best,best bound,gap %,status
7.459027051925659,-30.724000000000068,-30.724000000000064,1.1563317532874929e-14,2
