time,best,best bound,gap
0.5896971225738525,10.87425,19.068750000000115,75.3569211669781
time,best,best bound,gap
0.5896971225738525,10.87425,19.068750000000115,75.3569211669781
time,best,best bound,gap
0.5937881469726562,13.258500000000293,13.258500000000293,0.0
