time,best,best bound,gap %,status
2.5992422103881836,-1053.2000000000028,1e+100,9.494872768704876e+98,2
time,best,best bound,gap %,status
3.191817283630371,262.39999999999816,275.9999999999981,5.182926829268316,2
time,best,best bound,gap %,status
3.201298236846924,264.4399999999982,264.5599999999981,0.045378913931307115,2
time,best,best bound,gap %,status
3.204921007156372,264.51999999999816,264.5599999999981,0.015121729925889876,2
