time,best,best bound,gap %,status
11.451090812683105,27.945422222213118,1e+100,3.578403618482905e+100,2
time,best,best bound,gap %,status
13.073623657226562,140.18791111112694,149.46373333336012,6.616706211479423,2
time,best,best bound,gap %,status
13.119194746017456,143.2145777777936,143.2145777777936,0.0,2
time,best,best bound,gap %,status
13.152728796005249,143.21457777769825,143.2145777777936,6.658179398958808e-11,2
