time,best,best bound,gap %,status
15.481183052062988,-296.70000000000107,1e+100,3.370407819346129e+99,2
time,best,best bound,gap %,status
21.440006017684937,-46.560999999999254,-34.160999999999525,26.631730418160966,2
time,best,best bound,gap %,status
21.4720618724823,-45.11299999999925,-45.04099999999925,0.1595992286037371,2
