time,best,best bound,gap %,status
68.37370991706848,8.338166670264267,8.40773333693095,0.8343160963041526,2
time,best,best bound,gap %,status
68.40554189682007,8.365655559153154,8.37321303443859,0.09033930732621735,2
time,best,best bound,gap %,status
68.42738389968872,8.365733336930932,8.37321303443859,0.08940874883782479,2
time,best,best bound,gap %,status
68.44928121566772,8.3694000035976,8.37126596811206,0.022295081053095488,2
time,best,best bound,gap %,status
68.49270701408386,8.369733336930933,8.370211546343352,0.005713556133372756,2
time,best,best bound,gap %,status
69.9191460609436,8.369733333333567,8.370211546343352,0.00571359911648052,2
