time,best,best bound,gap %,status
14.839879989624023,-628.740000000002,1e+100,1.590482552406395e+99,2
time,best,best bound,gap %,status
22.371092081069946,-139.529999999994,-108.60999999999397,22.160108937147108,2
time,best,best bound,gap %,status
22.380828857421875,-135.089999999994,-108.60999999999397,19.601746983493378,2
