time,best,best bound,gap %,status
67.23286819458008,6.8659000000012265,26.846100000000177,291.0062773998366,2
time,best,best bound,gap %,status
67.49303007125854,9.757449999999537,9.971438877241681,2.1930819757431963,2
time,best,best bound,gap %,status
67.51883602142334,9.759749999999535,9.971438877241681,2.168998972741681,2
time,best,best bound,gap %,status
67.59959006309509,9.760899999999534,9.971438877241681,2.156961727321836,2
