time,best,best bound,gap %,status
4.248080015182495,-413.28,1e+100,2.419667053813395e+99,2
time,best,best bound,gap %,status
4.563572645187378,-399.4400000000013,38.419999999998765,109.61846585219273,2
time,best,best bound,gap %,status
4.678453683853149,-376.84000000000134,-376.3200000000013,0.13798959770725952,2
time,best,best bound,gap %,status
4.707363843917847,-376.4800000000013,-376.3200000000013,0.04249893752656833,2
time,best,best bound,gap %,status
4.835529327392578,-376.3600000000014,-376.3200000000013,0.010628122010861185,2
