time,best,best bound,gap %,status
1.6511170864105225,-127.57600000000708,1e+100,7.838464915030604e+99,2
time,best,best bound,gap %,status
1.7648451328277588,270.92999999999296,286.16999999999297,5.6250692060681375,2
time,best,best bound,gap %,status
1.7725670337677002,272.849999999993,272.88999999999294,0.014660069635317812,2
