time,best,best bound,gap %,status
157.2948751449585,2.8663499999997804,38.06125,1227.8647059850653,2
time,best,best bound,gap %,status
159.6577708721161,3.5165499999993632,38.06125,982.3463337648233,2
