time,best,best bound,gap
0.08477282524108887,3.3674999999999993,3.8658333333333355,14.798317248205977
time,best,best bound,gap
0.08477282524108887,3.3674999999999993,3.8658333333333355,14.798317248205977
time,best,best bound,gap
0.08776426315307617,3.795000000000002,3.795000000000002,0.0
