time,best,best bound,gap %,status
40.185351848602295,0.12165000000002028,21.84300000000001,17855.610357580248,2
time,best,best bound,gap %,status
40.859675884246826,2.3194999999999983,21.84300000000001,841.7115757706414,2
