time,best,best bound,gap %,status
5.0619659423828125,-90.86399999999934,1e+100,1.100545870751901e+100,2
time,best,best bound,gap %,status
6.030251979827881,-84.71199999999908,135.0520000000012,259.4248748701514,2
time,best,best bound,gap %,status
6.3885297775268555,-74.31999999999913,-74.31999999999974,8.222103777633117e-13,2
