time,best,best bound,gap %,status
470.15714406967163,69.2300000000044,211.48044999999854,205.4751552794816,2
time,best,best bound,gap %,status
470.2097330093384,72.42640000000681,72.42639999999851,1.1458721065353505e-11,2
