time,best,best bound,gap %,status
7.903279066085815,-564.4800000000001,1e+100,1.7715419501133785e+99,2
time,best,best bound,gap %,status
8.13759446144104,-453.412000000005,-443.69200000000495,2.1437456441382055,2
time,best,best bound,gap %,status
8.153217315673828,-447.05200000000497,-447.05200000000497,0.0,2
