time,best,best bound,gap %,status
4.596086025238037,-2093.300000000112,1e+100,4.77714613289995e+98,2
time,best,best bound,gap %,status
6.868706941604614,441.0599999998776,454.8999999998768,3.137895070966086,2
time,best,best bound,gap %,status
6.879199981689453,442.21999999987764,442.2999999998776,0.01809054316856004,2
time,best,best bound,gap %,status
6.883424997329712,442.2599999998776,442.2999999998776,0.009044453488905063,2
