time,best,best bound,gap %,status
20.513516664505005,-83.2239999999992,1e+100,1.201576468326456e+100,2
time,best,best bound,gap %,status
28.761692762374878,18.19200000000156,32.064000000001045,76.25329815302493,2
time,best,best bound,gap %,status
28.787675857543945,20.912000000001562,20.984000000001558,0.34429992348885924,2
time,best,best bound,gap %,status
28.794602870941162,20.95200000000156,20.984000000001558,0.15273004963723794,2
