time,best,best bound,gap %,status
17.639655113220215,-23.994400000000045,1e+100,4.167639115793677e+100,2
time,best,best bound,gap %,status
26.59374690055847,-8.19639999999877,-8.19639999999877,0.0,2
