time,best,best bound,gap %,status
12.663067102432251,-28.56497777777754,1e+100,3.50079040067716e+100,2
time,best,best bound,gap %,status
16.989606142044067,-20.11697777777758,-20.11697777777758,0.0,2
