time,best,best bound,gap %,status
1929.0506119728088,-548.5124999999724,1e+100,1.823112508830793e+99,2
