time,best,best bound,gap %,status
2.7664759159088135,7.531999999999987,9.074999999999996,20.485926712692667,2
time,best,best bound,gap %,status
2.801917791366577,7.948499999999987,8.188897909473553,3.02444372489862,2
time,best,best bound,gap %,status
2.8145079612731934,7.983499999999987,8.188897909473553,2.5727802276390883,2
time,best,best bound,gap %,status
2.830577850341797,7.9939999999999864,8.188897909473553,2.438052407725383,2
time,best,best bound,gap %,status
2.8741769790649414,8.054999999999986,8.137439576140219,1.0234584250804888,2
time,best,best bound,gap %,status
2.9064269065856934,8.059499999999986,8.125505052330697,0.8189720495156162,2
time,best,best bound,gap %,status
2.993114709854126,8.064499999999986,8.119225290425934,0.678594958471669,2
time,best,best bound,gap %,status
2.994799852371216,8.074999999999987,8.115564576140219,0.5023476921390997,2
time,best,best bound,gap %,status
2.9964349269866943,8.084999999999987,8.115564576140219,0.37804052121499687,2
