time,best,best bound,gap %,status
17.373427391052246,-36.36800000000218,1e+100,2.7496700395950836e+100,2
time,best,best bound,gap %,status
24.81501531600952,-31.737999999998898,147.95179999966638,566.1661100248015,2
time,best,best bound,gap %,status
28.731430292129517,-23.84599999999895,-23.84599999999895,0.0,2
