time,best,best bound,gap %,status
65.26698780059814,-118.78611111111294,1e+100,8.418492622126474e+99,2
time,best,best bound,gap %,status
138.54375791549683,-94.32211111110794,714.8726666635458,857.9057108056586,2
time,best,best bound,gap %,status
145.69742584228516,-50.78411111111181,-50.78411111111181,0.0,2
