time,best,best bound,gap %,status
16.307818174362183,10.639000000000017,17.9565,68.77996052260522,2
time,best,best bound,gap %,status
16.320910215377808,11.88050000000003,12.07817857142857,1.6638910098778616,2
