time,best,best bound,gap %,status
477.3083817958832,6.249150000000554,18.562549999995323,197.0411976027728,2
time,best,best bound,gap %,status
6269.754639863968,6.275950000000552,9.37082601206991,49.313267506418725,2
