time,best,best bound,gap %,status
2.0354526042938232,-281.5680000000001,1e+100,3.551539947721331e+99,2
time,best,best bound,gap %,status
2.256042003631592,-258.9680000000002,-258.4480000000002,0.20079700966914113,2
time,best,best bound,gap %,status
2.2818987369537354,-258.6080000000002,-258.4480000000002,0.061869702406719074,2
time,best,best bound,gap %,status
2.3736798763275146,-258.4880000000002,-258.4480000000002,0.015474606171280844,2
