time,best,best bound,gap %,status
29.623276948928833,-46.74450000000151,1e+100,2.1392891142272734e+100,2
time,best,best bound,gap %,status
32.70502805709839,-34.17450000000087,357.84400000000034,1147.1082239681377,2
time,best,best bound,gap %,status
38.591763973236084,-27.64650000000036,-27.64650000000036,0.0,2
