time,best,best bound,gap %,status
618.1284098625183,-112.52888888889359,1e+100,8.88660689600658e+99,2
