time,best,best bound,gap %,status
44.81552004814148,-5811.749999999996,1e+100,1.7206521271561932e+98,2
time,best,best bound,gap %,status
88.74347019195557,-1743.0899999999926,-1716.9100000000144,1.5019304797789184,2
time,best,best bound,gap %,status
88.767991065979,-1740.9299999999926,-1740.9099999999926,0.001148811267539872,2
