time,best,best bound,gap %,status
15.640734195709229,-1e+100,32.90399999999981,100.0,2
time,best,best bound,gap %,status
15.65211796760559,14.446499999999864,32.90399999999981,127.7645104350543,2
time,best,best bound,gap %,status
15.712996006011963,14.446499999999864,15.111999999999812,4.606652130273454,2
time,best,best bound,gap %,status
15.76524305343628,14.872999999999879,15.111999999999812,1.6069387480665314,2
time,best,best bound,gap %,status
15.794932842254639,14.872999999999879,14.934499999999812,0.41350097492055105,2
time,best,best bound,gap %,status
15.80833101272583,14.872999999999879,14.934499999999812,0.41350097492055105,2
time,best,best bound,gap %,status
16.247843980789185,14.872999999999879,14.930499999999812,0.3866066025679685,2
time,best,best bound,gap %,status
16.2930269241333,14.872999999999879,14.930499999999812,0.3866066025679685,2
time,best,best bound,gap %,status
16.297833919525146,14.872999999999879,14.885499999999812,0.08404491360138282,2
time,best,best bound,gap %,status
16.300788164138794,14.872999999999879,14.885499999999812,0.08404491360138282,2
time,best,best bound,gap %,status
16.30079412460327,14.872999999999879,14.885499999999812,0.08404491360138282,2
time,best,best bound,gap %,status
16.3503258228302,14.872999999999879,14.885511538461415,0.08412249352206504,2
