time,best,best bound,gap %,status
2.203995943069458,-337.17600000000414,1e+100,2.9658101406979966e+99,2
time,best,best bound,gap %,status
2.4681971073150635,-293.57600000000116,369.72200000000015,225.93740632749228,2
time,best,best bound,gap %,status
2.525320053100586,-217.27600000000007,-217.27600000000007,0.0,2
