time,best,best bound,gap %,status
2.4170491695404053,-1243.2,1e+100,8.043758043758043e+98,2
time,best,best bound,gap %,status
2.8010151386260986,-1126.1200000000003,127.29499999999916,111.30385749298468,2
time,best,best bound,gap %,status
2.8958678245544434,-921.1900000000011,-921.1900000000011,0.0,2
