time,best,best bound,gap %,status
47.41058397293091,9.760550004679276,10.044300004679275,2.9071107659298683,2
time,best,best bound,gap %,status
47.45680093765259,9.850100004679275,9.894150004679275,0.4472035814770864,2
time,best,best bound,gap %,status
47.49797987937927,9.851900004679274,9.894150004679275,0.4288512873652177,2
time,best,best bound,gap %,status
47.5053608417511,9.864550004679275,9.894150004679275,0.3000643717752909,2
time,best,best bound,gap %,status
47.54536700248718,9.870850004679275,9.892100004679275,0.2152803455622024,2
time,best,best bound,gap %,status
47.702630043029785,9.871850004679276,9.889900004679275,0.18284313468542426,2
time,best,best bound,gap %,status
47.71696400642395,9.873050004679275,9.889650004679275,0.16813446697963566,2
time,best,best bound,gap %,status
47.78541898727417,9.873150004679275,9.889650004679275,0.16711991605698914,2
time,best,best bound,gap %,status
48.11703276634216,9.874200004679276,9.886400004679276,0.12355431320226998,2
time,best,best bound,gap %,status
48.20956206321716,9.875700004679276,9.885900004679275,0.10328381780700492,2
time,best,best bound,gap %,status
48.70672678947449,9.876000004679275,9.883850004679275,0.07948562167152813,2
time,best,best bound,gap %,status
49.542088985443115,9.876200004679275,9.883300004679276,0.071889998143388,2
