time,best,best bound,gap %,status
24.90132784843445,121.98159999988768,1e+100,8.197957724779153e+99,2
time,best,best bound,gap %,status
31.880241870880127,218.99099999983463,232.1589999998341,6.01303249905677,2
time,best,best bound,gap %,status
31.9577739238739,220.76299999983462,220.8629999998346,0.045297445677069635,2
time,best,best bound,gap %,status
31.97491693496704,220.85899999983462,220.8629999998346,0.0018111102558617366,2
