time,best,best bound,gap %,status
7.764130115509033,-111.43500000000225,1e+100,8.973841252748058e+99,2
time,best,best bound,gap %,status
8.411543846130371,-89.92300000000147,345.0899999995892,483.7616627554503,2
time,best,best bound,gap %,status
8.864933013916016,-83.39500000000137,-83.39500000000137,0.0,2
