time,best,best bound,gap %,status
31.451043844223022,-1e+100,34.82190000000016,100.0,2
time,best,best bound,gap %,status
31.471397876739502,13.632800000000275,34.82190000000016,155.42735168123542,2
time,best,best bound,gap %,status
31.612655878067017,13.632800000000275,14.518757436402645,6.498719532321694,2
time,best,best bound,gap %,status
31.794801950454712,14.310150000000265,14.518754563246441,1.4577384810513678,2
time,best,best bound,gap %,status
31.82699179649353,14.310150000000265,14.370606225456497,0.42247094164792565,2
time,best,best bound,gap %,status
31.859365701675415,14.310150000000265,14.370606225456497,0.42247094164792565,2
time,best,best bound,gap %,status
31.870832920074463,14.310150000000265,14.369507563747131,0.4147934420454384,2
time,best,best bound,gap %,status
31.93984365463257,14.310150000000265,14.369507563747131,0.4147934420454384,2
time,best,best bound,gap %,status
31.983806848526,14.310150000000265,14.319370228643406,0.06443139060834932,2
time,best,best bound,gap %,status
32.02581477165222,14.310150000000265,14.319370228643406,0.06443139060834932,2
time,best,best bound,gap %,status
32.03247594833374,14.310150000000265,14.318160740642321,0.05597943167651281,2
time,best,best bound,gap %,status
32.03783464431763,14.310150000000265,14.318160740642321,0.05597943167651281,2
time,best,best bound,gap %,status
32.037841796875,14.310150000000265,14.318160740642321,0.05597943167651281,2
time,best,best bound,gap %,status
32.18740677833557,14.310150000000265,14.318160740642321,0.05597943167651281,2
