time,best,best bound,gap %,status
6.445056200027466,76.13599999999018,1e+100,1.3134391089630779e+100,2
time,best,best bound,gap %,status
7.307777166366577,222.96799999999578,235.86399999999577,5.783789602095471,2
time,best,best bound,gap %,status
7.323567152023315,224.75199999999577,224.84799999999578,0.04271374670748445,2
time,best,best bound,gap %,status
7.329516172409058,224.8319999999958,224.84799999999578,0.007116424708222776,2
