time,best,best bound,gap %,status
84.06727194786072,-229.58999999999025,1e+100,4.3555904002789424e+99,2
time,best,best bound,gap %,status
219.62366008758545,-197.60049999999936,766.2019999967393,487.75306742479995,2
time,best,best bound,gap %,status
247.70983409881592,-140.97950000000003,-140.97556249999985,0.002792959260159737,2
