time,best,best bound,gap %,status
13.548415899276733,9.110999999999931,9.504999999999905,4.324442981011705,2
time,best,best bound,gap %,status
13.582728862762451,9.227499999999932,9.251999999999931,0.2655107017068537,2
time,best,best bound,gap %,status
13.592617988586426,9.228499999999931,9.251999999999931,0.25464593379206235,2
time,best,best bound,gap %,status
13.63034701347351,9.23549999999993,9.24399999999993,0.09203616479887168,2
