time,best,best bound,gap %,status
20.428046226501465,-47.79600000000426,1e+100,2.0922252908191287e+100,2
time,best,best bound,gap %,status
26.178359031677246,-43.355999999999966,401.8935999997113,1026.961896853288,2
time,best,best bound,gap %,status
27.23465323448181,-35.95599999999983,-35.95599999999983,0.0,2
