time,best,best bound,gap %,status
19.55001711845398,-37.27360000000169,1e+100,2.6828640109888892e+100,2
