time,best,best bound,gap %,status
28.59733295440674,7.474866669846814,7.5798666698468224,1.4047073297450565,2
time,best,best bound,gap %,status
28.63459014892578,7.505711114291258,7.5129199767251205,0.09604502923295816,2
time,best,best bound,gap %,status
28.665321826934814,7.507044447624592,7.509851809912394,0.03739637226592581,2
time,best,best bound,gap %,status
28.755850791931152,7.507400003180147,7.508370114172183,0.01292206345239043,2
