time,best,best bound,gap %,status
11.182496070861816,4.856800000701969,4.952300000701958,1.9663152690286998,2
time,best,best bound,gap %,status
11.217244863510132,4.879800000701969,4.883750000701968,0.08094594039574288,2
time,best,best bound,gap %,status
11.25947117805481,4.880300000701968,4.880900000701969,0.012294326166712615,2
