time,best,best bound,gap %,status
353.37485694885254,11.347400000000562,21.643650000000413,90.73664451768107,2
time,best,best bound,gap %,status
360.65562081336975,14.05665000000069,15.235250000000413,8.384643567277157,2
time,best,best bound,gap %,status
361.91119599342346,14.128450000000662,15.235250000000413,7.83383881458829,2
time,best,best bound,gap %,status
367.78417682647705,14.414350003468083,15.183100000000413,5.3332269325177295,2
