time,best,best bound,gap %,status
14.631510019302368,-37.27360000000169,1e+100,2.6828640109888892e+100,2
time,best,best bound,gap %,status
22.888356924057007,-24.07359999999952,206.5809999998501,958.1225907211809,2
time,best,best bound,gap %,status
25.117671966552734,-0.9735999999995855,-0.9735999999995855,0.0,2
