time,best,best bound,gap %,status
8.802401065826416,1.9475000000000044,28.369999999999703,1356.7394094993394,2
time,best,best bound,gap %,status
8.8563871383667,4.938999999999983,28.369999999999703,474.4077748532051,2
time,best,best bound,gap %,status
115.92913007736206,4.954499999999983,23.336000000000023,371.00615601978217,2
time,best,best bound,gap %,status
116.03457999229431,5.144499999999979,23.336000000000023,353.61065215278677,2
time,best,best bound,gap %,status
162.18062591552734,12.904999999999957,23.117000000000022,79.1321193335924,2
time,best,best bound,gap %,status
164.5695822238922,17.228000000000026,23.117000000000022,34.18272579521701,2
time,best,best bound,gap %,status
232.17775201797485,18.63449999999992,22.341981454027035,19.895792503298342,2
time,best,best bound,gap %,status
251.23476791381836,20.90399999999992,22.28900000000002,6.625526215078945,2
time,best,best bound,gap %,status
274.16210198402405,21.971499999999928,22.24400000000002,1.2402430421231783,2
time,best,best bound,gap %,status
360.0929479598999,22.04649999999993,22.233000000000022,0.8459392647363152,2
time,best,best bound,gap %,status
360.10906195640564,22.196499999999933,22.233000000000022,0.16444033969359642,2
