time,best,best bound,gap %,status
122.70039010047913,-155.29500000000897,1e+100,6.439357352135885e+99,2
time,best,best bound,gap %,status
222.57388401031494,-3.5400000000071343,13.60199999999241,484.23728813460446,2
time,best,best bound,gap %,status
222.72292113304138,-2.2780000000071334,-2.2780000000071343,3.898939507012045e-14,2
time,best,best bound,gap %,status
223.50680303573608,-2.277999999999378,-2.2780000000071334,3.4045539775345093e-10,2
