time,best,best bound,gap %,status
31.49708318710327,-0.6496499999999639,1e+100,1.539290387131618e+102,2
time,best,best bound,gap %,status
52.6961350440979,-0.5113999999999767,37.95999999999687,7522.7610481029715,2
time,best,best bound,gap %,status
1649.627025127411,3.7681000000004836,15.78854626135444,319.00550042070046,2
time,best,best bound,gap %,status
10831.263344287872,7.854500000000024,14.182500000000006,80.56528104907967,2
