time,best,best bound,gap %,status
14.571763277053833,-68.80050000000132,1e+100,1.453477809027523e+100,2
time,best,best bound,gap %,status
16.09514307975769,-53.20050000000127,360.6779999989101,777.9597936088974,2
time,best,best bound,gap %,status
17.826579093933105,-46.72450000000153,-46.72450000000153,0.0,2
