time,best,best bound,gap %,status
6.481521844863892,6.185599999998767,1e+100,1.6166580444907518e+101,2
time,best,best bound,gap %,status
8.153360843658447,125.76180000000097,133.71859999999984,6.326881453667809,2
time,best,best bound,gap %,status
8.158383846282959,125.84820000000097,133.71859999999984,6.253883647123127,2
time,best,best bound,gap %,status
8.22095274925232,128.03940000000097,128.07220000000098,0.02561711473187829,2
time,best,best bound,gap %,status
8.23084020614624,128.07140000000098,128.07220000000098,0.0006246515615493619,2
