time,best,best bound,gap %,status
75.85348010063171,-636.2500000008602,1e+100,1.5717092337896236e+99,2
time,best,best bound,gap %,status
273.32909393310547,903.0599999990957,924.4039999990953,2.3635195889554375,2
time,best,best bound,gap %,status
273.5527241230011,905.2839999990957,905.3319999990956,0.005302203507400559,2
