time,best,best bound,gap %,status
0.8286972045898438,-413.2800000000016,1e+100,2.419667053813386e+99,2
time,best,best bound,gap %,status
0.964881181716919,-368.9200000000006,50.795999999999765,113.76883877263356,2
time,best,best bound,gap %,status
1.0054922103881836,-292.8600000000003,-292.8600000000003,0.0,2
