time,best,best bound,gap %,status
0.303485631942749,10.87425,14.391250000000266,32.342460399570236,2
time,best,best bound,gap %,status
0.303485631942749,10.87425,14.391250000000266,32.342460399570236,2
time,best,best bound,gap %,status
0.30728602409362793,13.258500000000279,13.258500000000279,0.0,2
