time,best,best bound,gap %,status
22.667348861694336,4.81035000000004,4.8531000000000395,0.8887087218185682,2
time,best,best bound,gap %,status
22.70133876800537,4.8211000000000395,4.82325000000004,0.04459563170231484,2
time,best,best bound,gap %,status
22.723230838775635,4.82160000000004,4.8226000000000395,0.020740003318388864,2
time,best,best bound,gap %,status
22.734044790267944,4.82210000000004,4.8226000000000395,0.010368926401354572,2
