time,best,best bound,gap %,status
4.751965045928955,-59.99199999999936,1e+100,1.6668889185224876e+100,2
time,best,best bound,gap %,status
5.0873589515686035,-45.19199999999954,182.8480000000008,504.60258452824104,2
time,best,best bound,gap %,status
5.376457929611206,-39.31999999999959,-39.32000000000017,1.4818032637926966e-12,2
