time,best,best bound,gap %,status
32.21143078804016,-0.44944999999995866,1e+100,2.2249415952833286e+102,2
time,best,best bound,gap %,status
57.819844007492065,0.4076500000000456,31.07775,7523.635471604692,2
time,best,best bound,gap %,status
2149.1064858436584,3.9199999999990998,14.545150000000001,271.0497448980445,2
time,best,best bound,gap %,status
10831.952051877975,3.9268499999990976,13.58965,246.0700052205489,2
