time,best,best bound,gap %,status
2.1107661724090576,-1e+100,18.996999999999982,100.0,2
time,best,best bound,gap %,status
2.128758430480957,2.789800000000001,18.996999999999982,580.9448706000422,2
time,best,best bound,gap %,status
2.1406843662261963,5.412000000000003,5.412000000000003,0.0,2
