time,best,best bound,gap %,status
23.407257080078125,-77.48533333333168,1e+100,1.2905668169460302e+100,2
time,best,best bound,gap %,status
31.654704093933105,-66.66333333333156,277.79066666726544,516.7068353426764,2
time,best,best bound,gap %,status
37.3965060710907,-46.8766666666655,-46.8766666666655,0.0,2
