time,best,best bound,gap %,status
103.00261402130127,-1466.2500000000002,1e+100,6.820119352088661e+98,2
time,best,best bound,gap %,status
256.12473607063293,-420.53500000001253,-400.87100000002,4.675948494178119,2
time,best,best bound,gap %,status
256.32567405700684,-418.3110000000125,-418.2630000000126,0.011474716180039899,2
time,best,best bound,gap %,status
256.37364315986633,-418.2710000000125,-418.2630000000126,0.0019126355879141208,2
