time,best,best bound,gap %,status
0.12897872924804688,8.84722222222222,24.71000000000006,179.29670329670407,2
time,best,best bound,gap %,status
0.12897872924804688,8.84722222222222,24.71000000000006,179.29670329670407,2
time,best,best bound,gap %,status
0.12897872924804688,17.53611111111114,17.53611111111114,0.0,2
