time,best,best bound,gap %,status
44.98700499534607,7.778277781264705,7.8511000034869305,0.9362255279392375,2
time,best,best bound,gap %,status
45.01898002624512,7.804611114598038,7.812628931040854,0.10273178669747372,2
time,best,best bound,gap %,status
45.03674101829529,7.804766670153594,7.812628931040854,0.10073665516903622,2
time,best,best bound,gap %,status
45.051345109939575,7.808766670153593,7.810097140917398,0.017038167741514103,2
