time,best,best bound,gap %,status
45.63649296760559,-34.74880000000333,1e+100,2.877797218896492e+100,2
time,best,best bound,gap %,status
61.01865601539612,-33.25230000000579,1e+100,3.007310772487395e+100,2
