time,best,best bound,gap %,status
16.652832984924316,-41.50346666666837,1e+100,2.4094372839536913e+100,2
time,best,best bound,gap %,status
23.560216903686523,-33.9501333333332,294.98848888865314,968.887571051231,2
time,best,best bound,gap %,status
27.84315800666809,-20.21680000000002,294.98848888865314,1559.1255237656446,2
