time,best,best bound,gap %,status
21.2868390083313,-0.28015555555557325,1e+100,3.569445546124943e+102,2
time,best,best bound,gap %,status
39.925392150878906,0.5215888888890271,17.228333333336522,3203.0483778196453,2
time,best,best bound,gap %,status
6680.133530139923,1.8530777777776712,8.415779603548781,354.15145033154084,2
