time,best,best bound,gap %,status
748.5257008075714,8.0480000000001,31.548999999997225,292.0104373757062,2
