time,best,best bound,gap %,status
58.9069550037384,-37.76266666666803,1e+100,2.6481180707576193e+100,2
time,best,best bound,gap %,status
83.23159289360046,-32.60635555555923,1e+100,3.0668867555469706e+100,2
