time,best,best bound,gap %,status
11.150814294815063,-51.61920000000252,1e+100,1.9372636538341377e+100,2
time,best,best bound,gap %,status
13.798235177993774,-35.04320000000018,192.73379999970106,649.9891562405832,2
time,best,best bound,gap %,status
15.122008085250854,-6.819200000000333,-6.819200000000333,0.0,2
