time,best,best bound,gap %,status
715.2819802761078,5.01270000000122,18.956750000000003,278.1744369301053,2
time,best,best bound,gap %,status
722.4317631721497,10.16595000000097,18.956750000000003,86.47298088224115,2
