time,best,best bound,gap %,status
17.12320590019226,-36.36800000000218,1e+100,2.7496700395950836e+100,2
time,best,best bound,gap %,status
23.91806387901306,-21.943999999999928,157.02499999957809,815.5714546098187,2
time,best,best bound,gap %,status
29.00238299369812,2.23400000000151,2.23400000000151,0.0,2
