time,best,best bound,gap %,status
20.33350396156311,8.519499999999852,8.884499999999836,4.2842889840952,2
time,best,best bound,gap %,status
20.368353128433228,8.635499999999851,8.67999999999985,0.5153146893636742,2
time,best,best bound,gap %,status
20.395784378051758,8.64049999999985,8.67999999999985,0.457149470516764,2
time,best,best bound,gap %,status
20.401474237442017,8.646999999999851,8.67999999999985,0.38163524921938297,2
time,best,best bound,gap %,status
20.45281410217285,8.653499999999852,8.665999999999851,0.14445022245333683,2
time,best,best bound,gap %,status
20.549865007400513,8.654499999999851,8.66249999999985,0.0924374602807702,2
