time,best,best bound,gap %,status
8.963337898254395,-53.630400000001835,1e+100,1.864614099465911e+100,2
time,best,best bound,gap %,status
12.270029067993164,-45.49039999999978,231.21119999986263,608.263721576121,2
time,best,best bound,gap %,status
13.937266826629639,-30.690399999999393,-30.690399999999613,7.177105807862896e-13,2
