time,best,best bound,gap %,status
350.5417809486389,-143.7299999999792,1e+100,6.957489737703642e+99,2
time,best,best bound,gap %,status
1872.7881388664246,-0.3839999999972996,38.412000000002465,10103.125000070986,2
time,best,best bound,gap %,status
1911.710032939911,4.136000000002679,4.136000000002679,0.0,2
