time,best,best bound,gap %,status
381.9577190876007,4.41316666666708,15.804155555561143,258.1137253421881,2
time,best,best bound,gap %,status
385.78003883361816,7.4260444444451075,15.804155555561143,112.82064326161019,2
time,best,best bound,gap %,status
797.3421809673309,7.429511111111774,10.413644285044912,40.165942675151115,2
time,best,best bound,gap %,status
1241.8237030506134,9.649077777779583,10.32497622637263,7.004798429022332,2
