time,best,best bound,gap %,status
23.291029930114746,180.12515555597028,1e+100,5.551695413743974e+99,2
time,best,best bound,gap %,status
28.306391954421997,278.11711111150936,293.19444444482997,5.421217440762012,2
time,best,best bound,gap %,status
28.363352060317993,280.18911111150936,280.31711111150935,0.045683431269762875,2
time,best,best bound,gap %,status
28.38217282295227,280.3144444448427,280.31711111150935,0.0009513126132057823,2
