time,best,best bound,gap %,status
3.9169809818267822,-90.7279999999995,1e+100,1.1021955735825827e+100,2
time,best,best bound,gap %,status
4.745236873626709,-80.82799999999823,179.25199999998765,321.7696837729396,2
time,best,best bound,gap %,status
5.113653898239136,-62.827999999998625,-62.827999999998696,1.1309332395748961e-13,2
