time,best,best bound,gap %,status
73.51611018180847,2.400699999999535,46.618000000000016,1841.8502936647244,2
time,best,best bound,gap %,status
74.73766613006592,4.332100000000255,46.618000000000016,976.1062764016821,2
time,best,best bound,gap %,status
2994.2683429718018,4.618749999999979,18.878700000000006,308.74046008119274,2
time,best,best bound,gap %,status
10834.625525951385,8.83180000000143,17.762349769869985,101.1181160110862,2
