time,best,best bound,gap %,status
0.1492629051208496,1.24,16.15,1202.4193548387095,2
time,best,best bound,gap %,status
0.15099072456359863,4.224999999999998,16.15,282.2485207100593,2
time,best,best bound,gap %,status
0.16408586502075195,7.899999999999996,8.915,12.84810126582283,2
time,best,best bound,gap %,status
0.16640996932983398,8.4,8.915,6.130952380952366,2
time,best,best bound,gap %,status
0.17654776573181152,8.450000000000001,8.915,5.502958579881633,2
