time,best,best bound,gap %,status
9.708550214767456,-1740.8999999999871,1e+100,5.744155321959948e+98,2
time,best,best bound,gap %,status
11.042522192001343,-1517.1399999999971,1158.0599999991784,176.3317821690273,2
time,best,best bound,gap %,status
11.307098150253296,-1125.4199999999987,-1125.4200000000005,1.616276060089441e-13,2
