time,best,best bound,gap %,status
36.89296579360962,59.41450000000103,167.77549999999994,182.3814052125273,2
time,best,best bound,gap %,status
36.90456485748291,68.53300000000134,68.55299999999988,0.029183021316075648,2
