time,best,best bound,gap %,status
30.079748153686523,-995.3999999999902,1e+100,1.0046212577858246e+99,2
time,best,best bound,gap %,status
48.01854109764099,-245.0399999999978,-215.47999999999786,12.063336598106519,2
time,best,best bound,gap %,status
48.05706334114075,-241.7999999999978,-241.79999999999782,1.1754222262367355e-14,2
