time,best,best bound,gap %,status
41.43540287017822,61.77249999983442,1e+100,1.6188433364404554e+100,2
time,best,best bound,gap %,status
109.12431478500366,242.52249999984102,260.586499999841,7.448381078049185,2
time,best,best bound,gap %,status
109.30695796012878,245.53249999984095,245.53249999984095,0.0,2
time,best,best bound,gap %,status
109.45550394058228,245.53249999952476,245.53249999984095,1.287778674569992e-10,2
