time,best,best bound,gap %,status
0.9324119091033936,-224.78400000000073,1e+100,4.448715211047035e+99,2
time,best,best bound,gap %,status
0.9936189651489258,-204.02400000000048,158.45600000000002,177.66537270125065,2
time,best,best bound,gap %,status
1.0213189125061035,-201.30400000000049,-201.30400000000049,0.0,2
