time,best,best bound,gap %,status
52.60164499282837,-340.31999999998044,1e+100,2.938410907381457e+99,2
time,best,best bound,gap %,status
99.2958619594574,-297.9280000000002,897.6319999999977,401.29158722912814,2
time,best,best bound,gap %,status
106.99560785293579,-223.18000000000148,-223.18000000000148,0.0,2
