time,best,best bound,gap %,status
22.674299001693726,5.809333335540472,5.875333335540478,1.1361028226118433,2
time,best,best bound,gap %,status
22.702666997909546,5.833333335540472,5.836716495898632,0.0579970346893701,2
time,best,best bound,gap %,status
22.72399616241455,5.834333335540473,5.835962151169288,0.027917767723232956,2
time,best,best bound,gap %,status
22.76520800590515,5.834922224429361,5.83565823005524,0.012613803536192724,2
