time,best,best bound,gap %,status
32.04587507247925,41.92666666686204,1e+100,2.3851168707155514e+100,2
time,best,best bound,gap %,status
70.23629093170166,249.46400000018733,262.074666666854,5.055104811378477,2
time,best,best bound,gap %,status
70.36194705963135,250.938666666854,250.98400000018734,0.018065503389924516,2
