time,best,best bound,gap %,status
5.369853734970093,-1e+100,39.91574999999994,100.0,2
time,best,best bound,gap %,status
5.4297308921813965,4.050999999999997,39.91574999999994,885.3307825228333,2
time,best,best bound,gap %,status
5.538442134857178,4.050999999999997,11.914986607142945,194.12457682406702,2
time,best,best bound,gap %,status
5.726229429244995,11.903000000000006,11.914986607142945,0.10070240395647198,2
time,best,best bound,gap %,status
5.732213973999023,11.903000000000006,11.903000000000006,0.0,2
