time,best,best bound,gap %,status
7.187590837478638,-111.43500000000225,1e+100,8.973841252748058e+99,2
time,best,best bound,gap %,status
7.837874889373779,-75.95800000000085,345.0899999995892,554.3168593164451,2
time,best,best bound,gap %,status
8.388311624526978,-63.30100000000102,-63.30100000000102,0.0,2
