time,best,best bound,gap %,status
12.96914005279541,-0.06799999999999774,19.092999999999734,28177.941176471133,2
time,best,best bound,gap %,status
13.182683944702148,2.049499999999882,19.092999999999734,831.5930714808896,2
time,best,best bound,gap %,status
252.65098190307617,2.0569999999998823,10.258,398.68740884786524,2
