time,best,best bound,gap %,status
77.71638703346252,-262.64777777777925,1e+100,3.80738039537528e+99,2
time,best,best bound,gap %,status
163.40167093276978,-226.9802222222189,933.9602222139227,511.4720714739428,2
time,best,best bound,gap %,status
179.03799486160278,-163.83355555555414,-163.83355555555414,0.0,2
