time,best,best bound,gap %,status
7.685680150985718,-1e+100,44.963000000000065,100.0,2
time,best,best bound,gap %,status
7.687680006027222,17.80600000000001,44.963000000000065,152.51600584072804,2
time,best,best bound,gap %,status
7.689950227737427,22.114000000000054,22.114000000000054,0.0,2
