time,best,best bound,gap %,status
11.560263872146606,-1e+100,32.47250000000003,100.0,2
time,best,best bound,gap %,status
11.562978029251099,17.993500000000058,32.47250000000003,80.4679467585513,2
time,best,best bound,gap %,status
11.569774150848389,17.993500000000058,19.805500000000055,10.070303165031772,2
