time,best,best bound,gap %,status
106.17546105384827,-37.36817777777932,1e+100,2.6760737597289043e+100,2
time,best,best bound,gap %,status
174.1694700717926,2.7097333333339906,34.811066666666086,1184.6676179694548,2
time,best,best bound,gap %,status
174.2621419429779,9.371066666667343,9.403066666667325,0.34147660173847116,2
time,best,best bound,gap %,status
174.30200600624084,9.381733333334012,9.403066666667325,0.227392237397265,2
