time,best,best bound,gap %,status
120.21283102035522,-0.4153333333333683,15.906088888888885,3929.716425895878,2
time,best,best bound,gap %,status
130.6672649383545,6.881933333333047,7.0017272221700395,1.7407010942225236,2
