time,best,best bound,gap %,status
61.74801993370056,65.6039999997524,1e+100,1.524297298950939e+100,2
time,best,best bound,gap %,status
199.16281390190125,299.37399999972064,316.33199999972067,5.6644865619645834,2
time,best,best bound,gap %,status
199.88831067085266,301.73199999972064,301.7379999997206,0.001988519613424284,2
