time,best,best bound,gap %,status
14.810403108596802,-408.17000000000013,1e+100,2.4499595756670005e+99,2
time,best,best bound,gap %,status
19.920175075531006,-360.7859999999972,494.13099999889187,236.9595826886009,2
time,best,best bound,gap %,status
21.530792951583862,-277.7079999999985,-277.70799999999934,3.0703158818331663e-13,2
