time,best,best bound,gap %,status
4.895714998245239,-59.99199999999936,1e+100,1.6668889185224876e+100,2
time,best,best bound,gap %,status
5.8900439739227295,-49.35199999999938,-49.35199999999997,1.1949879856558814e-12,2
