time,best,best bound,gap %,status
15.545865058898926,-296.70000000000107,1e+100,3.370407819346129e+99,2
time,best,best bound,gap %,status
24.726651191711426,-46.560999999999254,-28.944999999999254,37.834238955349505,2
time,best,best bound,gap %,status
24.805169105529785,-43.64099999999925,-43.60099999999925,0.09165692811805375,2
time,best,best bound,gap %,status
24.822091102600098,-43.61699999999925,-43.60099999999925,0.036682944723384264,2
