time,best,best bound,gap %,status
45.808053970336914,-13.350000000334571,1e+100,7.490636703932124e+100,2
time,best,best bound,gap %,status
130.654314994812,393.2899999996567,414.49799999965666,5.3924584911944065,2
time,best,best bound,gap %,status
130.86100602149963,395.9619999996567,396.0259999996567,0.016163167172612528,2
time,best,best bound,gap %,status
130.91480016708374,396.0259999996567,396.0259999996567,0.0,2
