time,best,best bound,gap %,status
5.560965299606323,-1e+100,60.186400000000255,100.0,2
time,best,best bound,gap %,status
5.642723321914673,-17.41520000000009,60.186400000000255,445.59694979098686,2
time,best,best bound,gap %,status
12.395300388336182,-17.41520000000009,6.4232651851852935,136.88309743893413,2
time,best,best bound,gap %,status
12.763609647750854,6.3367999999999185,6.4232651851852935,1.3644928857684662,2
time,best,best bound,gap %,status
16.982025146484375,6.396799999999921,6.396800000000098,2.776946034580216e-12,2
