time,best,best bound,gap %,status
745.2608380317688,7.915525000000502,20.623875000000957,160.5496792695323,2
