time,best,best bound,gap %,status
59.19898700714111,-111.72749999999519,1e+100,8.95034794477674e+99,2
time,best,best bound,gap %,status
122.43962097167969,10.000500000002765,27.98650000000239,179.85100744957407,2
time,best,best bound,gap %,status
122.63247013092041,13.010500000002706,13.010500000002706,0.0,2
