time,best,best bound,gap %,status
9.86929988861084,49.660800000000094,1e+100,2.013660674012497e+100,2
time,best,best bound,gap %,status
11.912656784057617,167.1277999999991,178.54799999999707,6.833213863880239,2
time,best,best bound,gap %,status
11.938002824783325,169.3557999999991,169.3557999999991,0.0,2
