time,best,best bound,gap %,status
14.676149845123291,-37.27360000000169,1e+100,2.6828640109888892e+100,2
time,best,best bound,gap %,status
20.18532085418701,-29.13559999999961,127.17699999974523,536.500363815219,2
time,best,best bound,gap %,status
24.33975863456726,-14.615599999999391,-14.615599999999391,0.0,2
