time,best,best bound,gap %,status
422.89068603515625,67.98449999999782,187.79374999999752,176.23024365848616,2
time,best,best bound,gap %,status
422.94264221191406,70.42044999999901,70.42044999999806,1.352060752123208e-12,2
