time,best,best bound,gap %,status
9.644752264022827,-79.87199999999946,1e+100,1.2520032051282137e+100,2
time,best,best bound,gap %,status
11.935624122619629,-68.32399999999875,274.06799999992364,501.12991042668557,2
time,best,best bound,gap %,status
12.4391450881958,-47.083999999999094,-47.083999999999804,1.5090959471585122e-12,2
