time,best,best bound,gap %,status
68.48268604278564,-4638.374999999998,1e+100,2.1559274530412063e+98,2
time,best,best bound,gap %,status
118.71422696113586,-1371.925000000014,-1357.6850000000234,1.0379576143003837,2
time,best,best bound,gap %,status
118.72909092903137,-1370.0850000000141,-1370.0850000000141,0.0,2
time,best,best bound,gap %,status
119.06398701667786,-1370.0849999999982,-1370.0850000000141,1.1616912294511849e-12,2
