time,best,best bound,gap %,status
25.40306305885315,1.5196999999997969,19.316000000000003,1171.0403369087703,2
time,best,best bound,gap %,status
26.082420110702515,2.4891499999999827,19.316000000000003,676.0078741739203,2
time,best,best bound,gap %,status
89.59559297561646,3.3214499999994307,10.389800000000001,212.80916467210952,2
time,best,best bound,gap %,status
570.1200680732727,8.053350000000616,10.108500000000001,25.519193875830897,2
time,best,best bound,gap %,status
1140.9913311004639,8.1562000000006,9.97805,22.336995169310033,2
