time,best,best bound,gap %,status
43.9397189617157,-1e+100,39.00600000000002,100.0,2
time,best,best bound,gap %,status
43.99081802368164,9.342000000000033,39.00600000000002,317.53371868978684,2
time,best,best bound,gap %,status
44.72905683517456,9.342000000000033,15.868500000000015,69.86191393705802,2
time,best,best bound,gap %,status
44.99459195137024,15.564500000000075,15.868500000000015,1.9531626457640041,2
time,best,best bound,gap %,status
45.319396018981934,15.564500000000075,15.683500000000016,0.764560377782393,2
time,best,best bound,gap %,status
45.4167799949646,15.635000000000078,15.683500000000016,0.31020147105812756,2
time,best,best bound,gap %,status
45.925524950027466,15.635000000000078,15.669500000000015,0.22065877838143388,2
time,best,best bound,gap %,status
45.94427680969238,15.635000000000078,15.669500000000015,0.22065877838143388,2
time,best,best bound,gap %,status
46.33485007286072,15.635000000000078,15.668000000000015,0.21106491845178854,2
time,best,best bound,gap %,status
46.35141587257385,15.635000000000078,15.668000000000015,0.21106491845178854,2
time,best,best bound,gap %,status
46.444798946380615,15.635000000000078,15.667500000000016,0.20786696514191436,2
time,best,best bound,gap %,status
46.61569881439209,15.635000000000078,15.667500000000016,0.20786696514191436,2
time,best,best bound,gap %,status
46.64052391052246,15.635000000000078,15.638500000000016,0.022385673168778604,2
time,best,best bound,gap %,status
46.65415906906128,15.635000000000078,15.638500000000016,0.022385673168778604,2
time,best,best bound,gap %,status
46.65416598320007,15.635000000000078,15.638500000000016,0.022385673168778604,2
time,best,best bound,gap %,status
46.797372817993164,15.635000000000078,15.638577231437763,0.02287963823271468,2
