time,best,best bound,gap %,status
98.70709300041199,1.8834777777774583,39.25866666666915,1984.3711101808258,2
time,best,best bound,gap %,status
100.39154577255249,3.6669999999997893,39.25866666666915,970.5935824017292,2
