time,best,best bound,gap %,status
46.195274114608765,-160.3574999999832,1e+100,6.23606628938531e+99,2
time,best,best bound,gap %,status
59.00300097465515,-144.88349999999846,722.1705000011934,598.4490987594868,2
time,best,best bound,gap %,status
66.0440719127655,-116.36350000000036,-116.36350000000036,0.0,2
