time,best,best bound,gap %,status
14.701894760131836,-628.740000000002,1e+100,1.590482552406395e+99,2
time,best,best bound,gap %,status
21.980379819869995,-139.529999999994,-112.24999999999397,19.55135096395127,2
time,best,best bound,gap %,status
21.994269847869873,-136.449999999994,-136.369999999994,0.05862953462805981,2
time,best,best bound,gap %,status
21.997913122177124,-136.369999999994,-136.369999999994,0.0,2
