time,best,best bound,gap %,status
514.2111339569092,-0.7648499999999512,48.55230000000179,6447.950578545452,2
time,best,best bound,gap %,status
533.1103222370148,26.139949999997103,26.559263042547236,1.60410805127852,2
