time,best,best bound,gap %,status
21.714829206466675,2.857499999832334,1e+100,3.4995625548860044e+101,2
time,best,best bound,gap %,status
38.16795301437378,241.37299999982355,253.76099999982355,5.132305601707341,2
time,best,best bound,gap %,status
38.246525049209595,242.80099999982355,242.86099999982355,0.02471159509229611,2
time,best,best bound,gap %,status
38.260908126831055,242.81699999982354,242.86099999982355,0.018120642294420536,2
