time,best,best bound,gap %,status
6.163316965103149,-337.17600000000414,1e+100,2.9658101406979966e+99,2
time,best,best bound,gap %,status
8.956575870513916,-121.29300000000096,1e+100,8.244498858136843e+99,2
