time,best,best bound,gap
0.15280985832214355,3.196224489795918,5.892551020408155,84.35973565750385
time,best,best bound,gap
0.15280985832214355,3.196224489795918,5.892551020408155,84.35973565750385
time,best,best bound,gap
0.16843104362487793,4.999999999999997,4.999999999999998,1.7763568394002514e-14
