time,best,best bound,gap %,status
278.7710130214691,3.0325000000003066,10.220924999996292,237.04616652910994,2
