time,best,best bound,gap %,status
29.836129665374756,9.98499999999999,27.054500000000054,170.95142714071184,2
time,best,best bound,gap %,status
29.965750694274902,15.009500000000022,15.422039682539705,2.74852381851282,2
