time,best,best bound,gap %,status
34.90115571022034,-265.8250000000038,1e+100,3.7618734129596004e+99,2
time,best,best bound,gap %,status
52.9571008682251,-38.31599999999986,-19.108000000000597,50.13049378849392,2
time,best,best bound,gap %,status
52.979814767837524,-35.94799999999986,-35.94799999999986,0.0,2
