time,best,best bound,gap %,status
138.85707712173462,-262.64777777777925,1e+100,3.80738039537528e+99,2
time,best,best bound,gap %,status
306.3448221683502,-36.8006666666734,-17.390000000007554,52.74542127858815,2
time,best,best bound,gap %,status
307.3547360897064,-34.8006666666734,-34.60333333334007,0.5670389456139578,2
time,best,best bound,gap %,status
307.4482522010803,-34.619333333340066,-34.60333333334007,0.046216950066422784,2
