time,best,best bound,gap %,status
3.825551986694336,-62.103999999999466,1e+100,1.6102022414015339e+100,2
time,best,best bound,gap %,status
4.606405019760132,-51.711999999999556,-51.71200000000016,1.1679326372913257e-12,2
