time,best,best bound,gap %,status
134.5009889602661,-31.629600000005485,1e+100,3.1615954675361896e+100,2
time,best,best bound,gap %,status
222.01128029823303,-30.237600000008875,1e+100,3.307140778367683e+100,2
