time,best,best bound,gap %,status
1.5368540287017822,-325.5840000000017,1e+100,3.071404000196554e+99,2
time,best,best bound,gap %,status
1.6859607696533203,-280.5040000000006,111.07600000000014,139.5987222998602,2
time,best,best bound,gap %,status
1.7279820442199707,-202.3239999999998,-202.32399999999987,2.8095242710112528e-14,2
