time,best,best bound,gap %,status
0.7028567790985107,-224.78400000000073,1e+100,4.448715211047035e+99,2
time,best,best bound,gap %,status
0.756915807723999,-184.2240000000003,158.45600000000002,186.01268021538982,2
time,best,best bound,gap %,status
0.7829098701477051,-178.70400000000024,-178.70400000000024,0.0,2
