time,best,best bound,gap %,status
6.948561906814575,-1373.399999999999,1e+100,7.281199941750406e+98,2
time,best,best bound,gap %,status
9.584213972091675,-377.7299999999993,-361.4499999999997,4.309956847483548,2
time,best,best bound,gap %,status
9.588879823684692,-376.24999999999926,-376.24999999999926,0.0,2
