time,best,best bound,gap %,status
6.55888295173645,76.13599999999018,1e+100,1.3134391089630779e+100,2
time,best,best bound,gap %,status
7.235838890075684,224.1999999999963,238.07199999999628,6.187332738626322,2
time,best,best bound,gap %,status
7.2604711055755615,227.93599999999628,228.0159999999963,0.03509757124807569,2
time,best,best bound,gap %,status
7.268363952636719,228.0079999999963,228.0159999999963,0.0035086488193440176,2
