time,best,best bound,gap %,status
20.716227054595947,-81.04133333333229,1e+100,1.2339382372781128e+100,2
time,best,best bound,gap %,status
26.852479934692383,-75.11999999999821,232.45900000037852,409.4502129930564,2
time,best,best bound,gap %,status
29.168258905410767,-69.07599999999866,-69.07599999999866,0.0,2
