time,best,best bound,gap %,status
2.622709035873413,-612.6750000000005,1e+100,1.632186722161014e+99,2
time,best,best bound,gap %,status
2.993950843811035,-570.6849999999982,278.75499999998726,148.84568544818737,2
time,best,best bound,gap %,status
3.0799448490142822,-494.0849999999986,-494.0849999999997,2.1859092228166313e-13,2
