time,best,best bound,gap %,status
50.84415793418884,-131.09833333333532,1e+100,7.6278620374018345e+99,2
time,best,best bound,gap %,status
85.8807680606842,-106.90633333333119,592.4338888886838,654.1616389007471,2
time,best,best bound,gap %,status
91.87378692626953,-63.9230000000002,-63.9230000000002,0.0,2
