time,best,best bound,gap %,status
549.76185131073,5.143322222223097,15.707599999999031,205.3979377790128,2
