time,best,best bound,gap %,status
82.5891478061676,-121.59777777778216,1e+100,8.223834499899191e+99,2
time,best,best bound,gap %,status
192.45175790786743,-96.87777777777468,857.0229999935444,984.6435370962433,2
time,best,best bound,gap %,status
203.49280786514282,-52.80644444444478,-52.80644444444478,0.0,2
