time,best,best bound,gap %,status
0.756079912185669,-352.4800000000006,1e+100,2.8370403994552834e+99,2
time,best,best bound,gap %,status
0.8147537708282471,128.16200000000134,135.0820000000013,5.399416363664648,2
time,best,best bound,gap %,status
0.8231010437011719,130.72200000000134,130.76200000000134,0.030599287036605645,2
time,best,best bound,gap %,status
0.828237771987915,130.76200000000134,130.76200000000134,0.0,2
