time,best,best bound,gap %,status
30.677971839904785,7.830750000595085,8.010450000595085,2.2947993485470026,2
time,best,best bound,gap %,status
30.71626377105713,7.901200000595085,7.912800000595085,0.1468131422964353,2
time,best,best bound,gap %,status
30.729906797409058,7.902700000595085,7.912800000595085,0.12780442126411237,2
time,best,best bound,gap %,status
30.747007846832275,7.9056500005950845,7.912800000595085,0.09044164615764684,2
time,best,best bound,gap %,status
30.780619859695435,7.906150000595085,7.907800000595085,0.02086982918203568,2
time,best,best bound,gap %,status
30.786318063735962,7.906650000595085,7.907800000595085,0.014544718685074348,2
