time,best,best bound,gap %,status
23.056572914123535,-51.61920000000252,1e+100,1.9372636538341377e+100,2
