time,best,best bound,gap %,status
0.1962878704071045,5.278333333333332,35.7077777777778,576.4972108199142,2
time,best,best bound,gap %,status
0.1962878704071045,5.278333333333332,35.7077777777778,576.4972108199142,2
time,best,best bound,gap %,status
0.1962878704071045,16.41055555555557,16.41055555555557,0.0,2
