time,best,best bound,gap %,status
10.270611047744751,-1e+100,34.51500000000006,100.0,2
time,best,best bound,gap %,status
10.272516965866089,13.356000000000018,34.51500000000006,158.423180592992,2
time,best,best bound,gap %,status
10.278602123260498,19.30250000000005,19.30250000000005,0.0,2
