time,best,best bound,gap %,status
319.7120318412781,3.143299999999878,11.655200000000784,270.7950243375191,2
time,best,best bound,gap %,status
2645.7029371261597,3.145199999999878,4.994623409586765,58.80145649201829,2
time,best,best bound,gap %,status
10830.642942905426,4.557500001129078,4.89965856632084,7.507593310082167,2
