time,best,best bound,gap %,status
54.583000898361206,-504.8500000000208,1e+100,1.9807863721896776e+99,2
time,best,best bound,gap %,status
90.72097992897034,-441.5620000000033,1557.1679999999997,452.64991099777336,2
time,best,best bound,gap %,status
95.36540794372559,-330.16999999999996,-330.16999999999996,0.0,2
