time,best,best bound,gap %,status
226.2849142551422,-112.14531999998454,1e+100,8.917001618972043e+99,2
time,best,best bound,gap %,status
693.9051511287689,11.042540000014311,25.50174000001431,130.94088859973573,2
time,best,best bound,gap %,status
701.2388300895691,12.791340000014312,12.80814000001431,0.13133885894659475,2
