time,best,best bound,gap %,status
380.8394842147827,-0.439049999999987,26.751149999999182,6192.962077212157,2
time,best,best bound,gap %,status
604.4258852005005,12.662150000000803,12.927263809416251,2.093750345837248,2
