time,best,best bound,gap %,status
62.51983594894409,0.9841999999997264,30.302999999996715,2978.9473684215745,2
time,best,best bound,gap %,status
63.40327000617981,2.769500000000185,30.302999999996715,994.1686224948434,2
time,best,best bound,gap %,status
2780.7351660728455,2.9922000000002806,13.674800000000007,357.014905420718,2
