time,best,best bound,gap %,status
12.751386165618896,10.09500000000003,31.95500000000014,216.54284299158041,2
time,best,best bound,gap %,status
45.8773889541626,13.516500000000066,15.393655934457527,13.887884692468107,2
time,best,best bound,gap %,status
68.21218919754028,14.927000000000023,15.129913905943042,1.359374997943449,2
time,best,best bound,gap %,status
87.21734285354614,14.927000013565946,15.105868135791058,1.1982858046663938,2
