time,best,best bound,gap %,status
93.58474326133728,125.41000000156713,1e+100,7.97384578572286e+99,2
time,best,best bound,gap %,status
500.6754412651062,425.19100000154964,442.4250000015496,4.0532372510088805,2
time,best,best bound,gap %,status
500.8588092327118,427.2690000015496,427.2690000015496,0.0,2
