time,best,best bound,gap %,status
1.2564213275909424,-1e+100,26.714599999999717,100.0,2
time,best,best bound,gap %,status
1.272043228149414,5.727800000000005,26.714599999999717,366.40245818638385,2
time,best,best bound,gap %,status
1.272043228149414,6.353000000000005,6.353000000000013,1.2582411108611868e-13,2
