time,best,best bound,gap %,status
349.0454080104828,-112.14531999998454,1e+100,8.917001618972043e+99,2
time,best,best bound,gap %,status
1222.2490780353546,11.042540000014311,28.892940000014306,161.65121430374586,2
time,best,best bound,gap %,status
1234.9215049743652,13.522540000014265,13.61054000001431,0.650765314799975,2
time,best,best bound,gap %,status
1235.0921630859375,13.608940000014268,13.61054000001431,0.01175697739898022,2
