time,best,best bound,gap %,status
438.7464699745178,4.847250000000454,15.835900000001356,226.69864356077926,2
time,best,best bound,gap %,status
4617.569368839264,4.852850000000453,7.742086011317191,59.536890926290084,2
