time,best,best bound,gap %,status
26.92034602165222,-36.36800000000218,1e+100,2.7496700395950836e+100,2
time,best,best bound,gap %,status
34.67590808868408,-34.83695000000422,1e+100,2.870515357974446e+100,2
