time,best,best bound,gap %,status
3.6876368522644043,-90.7279999999995,1e+100,1.1021955735825827e+100,2
time,best,best bound,gap %,status
4.496720790863037,-80.1799999999992,107.42000000000091,233.9735594911474,2
time,best,best bound,gap %,status
4.917140960693359,-61.115999999999374,-61.115999999999815,7.208202372067326e-13,2
