time,best,best bound,gap %,status
56.18043303489685,-0.09282222222222652,17.228333333336522,18660.569786930995,2
time,best,best bound,gap %,status
57.118102073669434,1.8186444444443335,17.228333333336522,847.3172937110556,2
