time,best,best bound,gap %,status
5.30094313621521,3.4215000000000013,11.281000000000036,229.70919187490958,2
time,best,best bound,gap %,status
5.3189263343811035,4.652500000000002,4.860142857142857,4.4630383050586815,2
