time,best,best bound,gap %,status
0.1463158130645752,6.392448979591837,8.829489795918354,38.12374293650012,2
time,best,best bound,gap %,status
0.1463158130645752,6.392448979591837,8.829489795918354,38.12374293650012,2
time,best,best bound,gap %,status
0.16193461418151855,7.560204081632638,7.560204081632638,0.0,2
