time,best,best bound,gap %,status
21.57191801071167,-37.76266666666803,1e+100,2.6481180707576193e+100,2
time,best,best bound,gap %,status
29.177263021469116,-33.642666666666614,354.0958666663785,1152.5202124278073,2
time,best,best bound,gap %,status
30.38412618637085,-26.776000000000064,-26.776000000000064,0.0,2
