time,best,best bound,gap %,status
43.11922907829285,1.8045000000002411,15.607499999998167,764.921030756225,2
