time,best,best bound,gap %,status
46.78292918205261,-231.64049999999162,1e+100,4.3170343700692934e+99,2
time,best,best bound,gap %,status
78.25674700737,-197.90849999999844,795.5175000022344,501.96227044429156,2
time,best,best bound,gap %,status
84.5207998752594,-138.2824999999998,-138.2824999999998,0.0,2
