time,best,best bound,gap %,status
12.90316891670227,18.886399999998485,1e+100,5.2948153168421734e+100,2
time,best,best bound,gap %,status
18.26100492477417,124.32989999999035,131.00369999999018,5.367815786870533,2
time,best,best bound,gap %,status
18.30771803855896,125.50189999999036,125.50189999999036,0.0,2
