time,best,best bound,gap %,status
37.35001802444458,-44.48400000000149,1e+100,2.247999280640155e+100,2
time,best,best bound,gap %,status
41.26111674308777,-22.35600000000057,434.60399999999964,2044.0150295222245,2
time,best,best bound,gap %,status
45.49709177017212,-11.162000000001163,-11.162000000001163,0.0,2
