time,best,best bound,gap %,status
1.5889160633087158,-432.1799999999987,1e+100,2.313850710352175e+99,2
time,best,best bound,gap %,status
1.6964468955993652,-397.0799999999989,330.9199999999403,183.33837010172792,2
time,best,best bound,gap %,status
1.7388520240783691,-393.67999999999887,-393.68,2.88779815387158e-13,2
