time,best,best bound,gap %,status
11.192724227905273,-51.61920000000252,1e+100,1.9372636538341377e+100,2
time,best,best bound,gap %,status
14.44538426399231,-47.179199999999675,289.9565999998161,714.5856648688789,2
time,best,best bound,gap %,status
16.32512927055359,-39.77919999999988,289.9565999998161,828.9151114145508,2
