time,best,best bound,gap %,status
54.01845097541809,2.1457500000002443,20.23299999999811,842.9337061631508,2
