time,best,best bound,gap %,status
0.7509126663208008,25.177000000000014,83.6530000000005,232.2596020177164,2
time,best,best bound,gap %,status
0.7509126663208008,25.177000000000014,83.6530000000005,232.2596020177164,2
time,best,best bound,gap %,status
0.7582526206970215,45.3660000000005,45.3660000000005,0.0,2
