time,best,best bound,gap %,status
4.345858097076416,-1e+100,37.189500000000045,100.0,2
time,best,best bound,gap %,status
4.3475661277771,11.616,37.189500000000045,220.15754132231447,2
time,best,best bound,gap %,status
4.349871873855591,11.616,13.85349999999999,19.26222451790625,2
