time,best,best bound,gap %,status
1866.417581319809,1.3740000000000032,1e+100,7.278020378457042e+101,2
