time,best,best bound,gap %,status
46.040135860443115,-2468.5499999999934,1e+100,4.050961090518736e+98,2
time,best,best bound,gap %,status
61.61583614349365,-703.8300000000045,-684.2700000000045,2.779080175610562,2
time,best,best bound,gap %,status
61.63234210014343,-702.1500000000045,-702.0700000000045,0.011393576871044708,2
time,best,best bound,gap %,status
61.636699199676514,-702.1100000000044,-702.0700000000045,0.005697112987988117,2
