time,best,best bound,gap %,status
21.585980653762817,193.5366666666637,517.7928888889036,167.54252711230166,2
time,best,best bound,gap %,status
21.595953702926636,193.5366666666637,517.7928888889036,167.54252711230166,2
time,best,best bound,gap %,status
22.878971338272095,226.75833333328114,226.75833333328114,0.0,2
