time,best,best bound,gap %,status
0.11491203308105469,5.011805555555554,6.837083333333339,36.41956491617031,2
time,best,best bound,gap %,status
0.11491203308105469,5.011805555555554,6.837083333333339,36.41956491617031,2
time,best,best bound,gap %,status
0.11491203308105469,6.151250000000001,6.151250000000002,1.4438990769357858e-14,2
