time,best,best bound,gap %,status
22.693803071975708,-408.17000000000013,1e+100,2.4499595756670005e+99,2
time,best,best bound,gap %,status
34.47094202041626,-82.42499999999987,-67.90499999999987,17.61601455868974,2
time,best,best bound,gap %,status
34.51376008987427,-80.92899999999987,-80.87299999999988,0.06919645615292105,2
time,best,best bound,gap %,status
34.570096015930176,-80.88899999999987,-80.88099999999987,0.009890096304807304,2
