time,best,best bound,gap %,status
5.7397987842559814,-1e+100,73.42040000000011,100.0,2
time,best,best bound,gap %,status
5.763785123825073,5.096599999999996,73.42040000000011,1340.5760703213941,2
time,best,best bound,gap %,status
5.979208946228027,5.096599999999996,19.475987500000095,282.13686575364187,2
time,best,best bound,gap %,status
6.135737895965576,19.234400000000008,19.475987500000095,1.2560178638277595,2
time,best,best bound,gap %,status
6.231528282165527,19.234400000000008,19.254948000231117,0.10682943180504272,2
time,best,best bound,gap %,status
6.264436721801758,19.234400000000008,19.254948000231117,0.10682943180504272,2
time,best,best bound,gap %,status
6.271421909332275,19.234400000000008,19.254933333552646,0.10675317947343459,2
time,best,best bound,gap %,status
6.332213878631592,19.234400000000008,19.254933333552646,0.10675317947343459,2
time,best,best bound,gap %,status
6.414036273956299,19.234400000000008,19.234400000000008,0.0,2
