time,best,best bound,gap %,status
49.49331307411194,-109.91749999999428,1e+100,9.097732390202216e+99,2
time,best,best bound,gap %,status
122.2560760974884,-88.11749999999996,453.04250000000195,614.134536272593,2
time,best,best bound,gap %,status
129.70786905288696,-49.4814999999997,-49.48150000000022,1.048262880278238e-12,2
time,best,best bound,gap %,status
129.84766817092896,-49.4815000000032,-49.4814999999997,7.079364383248421e-12,2
