time,best,best bound,gap %,status
365.90404295921326,-121.59777777778216,1e+100,8.223834499899191e+99,2
time,best,best bound,gap %,status
4149.598190069199,7.792888888900494,32.102222222231546,311.9425116910769,2
time,best,best bound,gap %,status
4207.274769067764,9.840888888900494,9.840888888900494,0.0,2
