time,best,best bound,gap %,status
123.73619794845581,-155.29500000000897,1e+100,6.439357352135885e+99,2
time,best,best bound,gap %,status
260.9673149585724,-3.5400000000071343,17.347999999992677,590.0564971739467,2
time,best,best bound,gap %,status
261.1147367954254,-1.5500000000071328,-1.5500000000071348,1.2892912543974746e-13,2
