time,best,best bound,gap %,status
4.32667088508606,-2463.2999999999956,1e+100,4.0595948524337344e+98,2
time,best,best bound,gap %,status
6.2421629428863525,-2240.779999999997,233.6599999998491,110.42761895410746,2
time,best,best bound,gap %,status
6.437633037567139,-1850.8599999999974,-1850.8599999999997,1.228475819042134e-13,2
