time,best,best bound,gap %,status
90.27922582626343,0.9310999999998113,29.168666666681183,3032.7104142076137,2
time,best,best bound,gap %,status
91.64621472358704,2.819911111110953,29.168666666681183,934.3824864461659,2
time,best,best bound,gap %,status
10102.199424028397,2.865388888888734,13.42339287604599,368.4667037028925,2
