time,best,best bound,gap %,status
110.44448494911194,13.83900000000015,43.62999999999945,215.2684442517449,2
time,best,best bound,gap %,status
396.66258788108826,20.37200000000002,20.81857051805183,2.1920799040438186,2
time,best,best bound,gap %,status
854.2248778343201,20.372000006666685,20.520748800974893,0.7301629406024461,2
