time,best,best bound,gap %,status
1.694404125213623,-1e+100,24.486999999999828,100.0,2
time,best,best bound,gap %,status
1.7123167514801025,3.137,24.486999999999828,680.5865476569916,2
time,best,best bound,gap %,status
1.7215030193328857,5.986000000000002,5.986000000000002,0.0,2
