time,best,best bound,gap %,status
282.71348118782043,-61.585500000002185,1e+100,1.6237588393371241e+100,2
time,best,best bound,gap %,status
1070.3757741451263,25.150500000000367,50.186500000000365,99.544740661218,2
time,best,best bound,gap %,status
1143.946984052658,27.904500000000343,27.990500000000367,0.3081940188859228,2
time,best,best bound,gap %,status
1144.7783188819885,27.974500000000344,27.990500000000367,0.057194945396782465,2
