time,best,best bound,gap %,status
64.17298913002014,-337.34999999998746,1e+100,2.96428042092793e+99,2
time,best,best bound,gap %,status
105.00244402885437,-61.82399999999252,-48.37999999999253,21.7456004140813,2
time,best,best bound,gap %,status
105.15532612800598,-60.61199999999252,-60.54799999999253,0.10558965221408442,2
time,best,best bound,gap %,status
105.28903889656067,-60.58399999999252,-60.551999999992525,0.05281922619833689,2
