time,best,best bound,gap %,status
25.265045166015625,-1e+100,33.07000000000006,100.0,2
time,best,best bound,gap %,status
25.269450187683105,20.684000000000065,33.07000000000006,59.882034422741995,2
time,best,best bound,gap %,status
25.28519606590271,20.684000000000065,21.770708333333392,5.253859666086461,2
