time,best,best bound,gap %,status
22.40910506248474,-51.61920000000252,1e+100,1.9372636538341377e+100,2
time,best,best bound,gap %,status
30.78274893760681,28.43040000000066,38.98640000000066,37.1292700770997,2
time,best,best bound,gap %,status
30.821182012557983,29.810400000000662,29.850400000000658,0.13418135952551694,2
