time,best,best bound,gap %,status
0.0983128547668457,5.53888888888889,10.453888888888876,88.73620862587738,2
time,best,best bound,gap %,status
0.0983128547668457,5.53888888888889,10.453888888888876,88.73620862587738,2
time,best,best bound,gap %,status
0.0983128547668457,7.982222222222216,7.982222222222216,0.0,2
