time,best,best bound,gap %,status
10.293763875961304,-1e+100,104.39649999999993,100.0,2
time,best,best bound,gap %,status
10.295968055725098,29.27200000000003,104.39649999999993,256.642866903525,2
time,best,best bound,gap %,status
10.369501113891602,29.62450000000003,29.62450000000003,0.0,2
