time,best,best bound,gap %,status
0.29238343238830566,5.555972222222221,9.580833333333349,72.44206684498695,2
time,best,best bound,gap %,status
0.29238343238830566,5.555972222222221,9.580833333333349,72.44206684498695,2
time,best,best bound,gap %,status
0.29238343238830566,7.453750000000008,7.453750000000008,0.0,2
