time,best,best bound,gap %,status
4.022815227508545,-360.3600000000036,1e+100,2.775002775002747e+99,2
time,best,best bound,gap %,status
5.753855228424072,-132.8490000000011,1e+100,7.527343073715208e+99,2
