time,best,best bound,gap %,status
2.6271398067474365,-1e+100,22.160749999999897,100.0,2
time,best,best bound,gap %,status
2.66580867767334,2.1834999999999987,22.160749999999897,914.9187084955306,2
time,best,best bound,gap %,status
2.6787757873535156,6.494999999999998,6.49500000000002,3.2819525901159366e-13,2
