time,best,best bound,gap %,status
7.785009860992432,3.038999999999956,31.194999999999723,926.4889766370575,2
time,best,best bound,gap %,status
7.864370822906494,5.1114999999999045,31.194999999999723,510.29052137337976,2
time,best,best bound,gap %,status
7.9435529708862305,11.467000000000091,31.194999999999723,172.0415104212041,2
time,best,best bound,gap %,status
108.9704840183258,11.91650000000012,27.333000000000023,129.37104015440565,2
time,best,best bound,gap %,status
109.12583875656128,12.011500000000119,27.333000000000023,127.55692461390962,2
time,best,best bound,gap %,status
128.3248999118805,22.566499999999916,27.035500000000024,19.803691312344068,2
time,best,best bound,gap %,status
147.4708948135376,26.68199999999996,26.86450000000002,0.6839817105166842,2
time,best,best bound,gap %,status
169.15763878822327,26.83199999999996,26.861499999999996,0.10994335122254889,2
