time,best,best bound,gap %,status
11.923487186431885,-28.56497777777754,1e+100,3.50079040067716e+100,2
time,best,best bound,gap %,status
13.08553409576416,-22.682311111111265,183.30880000014793,908.1575069762243,2
time,best,best bound,gap %,status
14.358654022216797,-20.079644444444185,-20.079644444444185,0.0,2
