time,best,best bound,gap %,status
2252.4879076480865,-548.5124999999724,1e+100,1.823112508830793e+99,2
