time,best,best bound,gap %,status
30.013038158416748,-33.37840000000458,1e+100,2.99594947630762e+100,2
time,best,best bound,gap %,status
38.86970019340515,-17.830399999998775,241.97689999916437,1457.1030375043802,2
time,best,best bound,gap %,status
43.81204032897949,8.901600000001887,8.901600000001887,0.0,2
