time,best,best bound,gap %,status
28.562078952789307,5.755250000000149,5.809500000000149,0.9426176100082234,2
time,best,best bound,gap %,status
28.60340404510498,5.770250000000149,5.772600000000149,0.040726138382215525,2
time,best,best bound,gap %,status
28.627173900604248,5.771000000000149,5.771900000000149,0.015595217466637595,2
