time,best,best bound,gap %,status
6.026169061660767,-1e+100,93.50349999999997,100.0,2
time,best,best bound,gap %,status
6.0277838706970215,27.19900000000001,93.50349999999997,243.7755064524429,2
time,best,best bound,gap %,status
6.0299670696258545,28.879500000000007,28.879500000000007,0.0,2
