time,best,best bound,gap %,status
20.023576021194458,-42.56124444444571,1e+100,2.3495553597011917e+100,2
time,best,best bound,gap %,status
26.363495111465454,1.734088888889512,20.001911111111273,1053.4536227794088,2
time,best,best bound,gap %,status
26.41058611869812,7.787422222222872,7.787422222222872,0.0,2
time,best,best bound,gap %,status
26.51112127304077,7.787422222238758,7.787422222222872,2.0399509313095243e-10,2
