time,best,best bound,gap %,status
19.467647075653076,-635.9850000000024,1e+100,1.572364128084776e+99,2
time,best,best bound,gap %,status
30.230401754379272,-139.8749999999934,-111.75499999999337,20.10366398570249,2
time,best,best bound,gap %,status
30.245043992996216,-135.7149999999934,-135.6749999999934,0.02947352908670553,2
time,best,best bound,gap %,status
30.248502731323242,-135.6749999999934,-135.6749999999934,0.0,2
