time,best,best bound,gap %,status
2.812084913253784,-1e+100,43.514000000000024,100.0,2
time,best,best bound,gap %,status
2.8151206970214844,13.053499999999977,43.514000000000024,233.35120848814572,2
time,best,best bound,gap %,status
2.8189380168914795,13.053499999999977,17.482499999999977,33.92959742597777,2
