time,best,best bound,gap %,status
42.18997025489807,-67.83599999999973,1e+100,1.4741435226133675e+100,2
time,best,best bound,gap %,status
66.92951512336731,-49.46600000000209,372.15799999999973,852.3511098532003,2
time,best,best bound,gap %,status
71.5801751613617,-16.984000000001252,-16.984000000001252,0.0,2
