time,best,best bound,gap %,status
9.328220844268799,5.309700000000524,1e+100,1.8833455750793854e+101,2
