time,best,best bound,gap %,status
11.727670192718506,-35.17440000000029,1e+100,2.8429767103347655e+100,2
time,best,best bound,gap %,status
14.428430080413818,-26.026400000000134,-26.026400000000134,0.0,2
