time,best,best bound,gap %,status
0.8679108619689941,0.40499999999991876,160.04999999999998,39418.51851852644,2
time,best,best bound,gap %,status
0.9713311195373535,2.6699999999999084,7.274999999999928,172.47191011236623,2
