time,best,best bound,gap %,status
29.34820294380188,-33.37840000000458,1e+100,2.99594947630762e+100,2
time,best,best bound,gap %,status
38.586352825164795,-24.48039999999989,235.32689999919637,1061.2869887714148,2
time,best,best bound,gap %,status
43.68436408042908,-8.238399999998151,-8.238399999998151,0.0,2
