time,best,best bound,gap %,status
7.413845062255859,-2397.1499999999996,1e+100,4.1716204659700066e+98,2
time,best,best bound,gap %,status
8.66147518157959,-2173.5899999999974,712.0499999994748,132.7591680123425,2
time,best,best bound,gap %,status
8.877561092376709,-1782.1899999999966,-1782.19,1.9137157831928624e-13,2
