time,best,best bound,gap %,status
6.6703126430511475,-1e+100,60.186400000000255,100.0,2
time,best,best bound,gap %,status
6.752650260925293,-17.41520000000009,60.186400000000255,445.59694979098686,2
time,best,best bound,gap %,status
14.813099384307861,-17.41520000000009,6.4232651851852935,136.88309743893413,2
time,best,best bound,gap %,status
15.518186092376709,6.3367999999999185,6.4232651851852935,1.3644928857684662,2
time,best,best bound,gap %,status
23.21300768852234,6.396799999999921,6.396800000000098,2.776946034580216e-12,2
