time,best,best bound,gap %,status
67.15058708190918,8.275688904412029,8.437233348856505,1.9520362148745407,2
time,best,best bound,gap %,status
67.19563913345337,8.333988904412028,8.347554471541658,0.16277400036432207,2
time,best,best bound,gap %,status
67.21805691719055,8.33481112663425,8.347554471541658,0.15289302557422094,2
time,best,best bound,gap %,status
67.25027918815613,8.335477793300917,8.347554471541658,0.14488285543086993,2
time,best,best bound,gap %,status
67.26812314987183,8.335966682189806,8.347514106958325,0.13852532296213288,2
time,best,best bound,gap %,status
67.32531309127808,8.336966682189805,8.346304938638218,0.11201024070734975,2
time,best,best bound,gap %,status
67.37417221069336,8.337477793300916,8.344122404978476,0.07969570465181557,2
time,best,best bound,gap %,status
67.45661520957947,8.337633348856473,8.343685648408773,0.0725901379811801,2
time,best,best bound,gap %,status
67.55133104324341,8.337966682189805,8.342667281941655,0.05637585194349979,2
time,best,best bound,gap %,status
67.64797616004944,8.338300015523139,8.342278518199802,0.04771359472861795,2
time,best,best bound,gap %,status
67.85168814659119,8.338455571078695,8.341334533793528,0.034526330329306874,2
time,best,best bound,gap %,status
68.19169092178345,8.338633348856472,8.341095888079149,0.02953168846324679,2
time,best,best bound,gap %,status
70.5014340877533,8.338633333333522,8.33946241079632,0.009942606056128475,2
