time,best,best bound,gap %,status
7.597790002822876,-83.2239999999992,1e+100,1.201576468326456e+100,2
time,best,best bound,gap %,status
8.923932075500488,-77.8239999999987,351.51799999982717,551.6832853616276,2
time,best,best bound,gap %,status
9.303263187408447,-68.8239999999988,-68.8239999999994,8.67220588804043e-13,2
