time,best,best bound,gap %,status
22.516829252243042,-220.30000000034792,1e+100,4.539264639121292e+99,2
time,best,best bound,gap %,status
56.82317113876343,412.8839999996585,429.2039999996585,3.9526840468541993,2
time,best,best bound,gap %,status
56.90743327140808,414.7239999996585,414.8199999996585,0.02314792488500369,2
time,best,best bound,gap %,status
56.93177604675293,414.7959999996585,414.8199999996585,0.005785976721091976,2
