time,best,best bound,gap %,status
0.7519040107727051,-352.4800000000006,1e+100,2.8370403994552834e+99,2
time,best,best bound,gap %,status
0.8176908493041992,127.20200000000133,133.00200000000135,4.5596767346424985,2
time,best,best bound,gap %,status
0.821436882019043,128.40200000000132,133.00200000000135,3.582498714973268,2
