time,best,best bound,gap %,status
40.44024682044983,1.4173499999998542,13.566249999999515,857.1559600663852,2
time,best,best bound,gap %,status
160.0523898601532,1.999750000000187,7.60015,280.05500687582395,2
time,best,best bound,gap %,status
3590.060226917267,3.1744499999999656,7.495900000000001,136.1322433807457,2
time,best,best bound,gap %,status
9744.557940006256,3.419949999999938,7.40705,116.58357578327563,2
