time,best,best bound,gap %,status
745.9972071647644,2.9918499999995554,14.01975,368.59802463365753,2
time,best,best bound,gap %,status
755.3244099617004,5.7321500000001775,14.01975,144.5810036373711,2
