time,best,best bound,gap %,status
6.53357195854187,-1e+100,57.50266666666697,100.0,2
time,best,best bound,gap %,status
6.582398176193237,2.0985000000000014,57.50266666666697,2640.1794932888697,2
time,best,best bound,gap %,status
6.751991271972656,2.0985000000000014,14.112111111111162,572.4856378894998,2
time,best,best bound,gap %,status
6.822756052017212,14.097111111111115,14.112111111111162,0.10640477954539208,2
time,best,best bound,gap %,status
6.827742099761963,14.097111111111115,14.097111111111115,0.0,2
