time,best,best bound,gap %,status
36.08086705207825,-79.87199999999946,1e+100,1.2520032051282137e+100,2
time,best,best bound,gap %,status
54.006468057632446,-44.622000000000824,1e+100,2.241047017166379e+100,2
