time,best,best bound,gap %,status
25.618564128875732,-100.55249999999627,1e+100,9.945053578976526e+99,2
time,best,best bound,gap %,status
38.11050891876221,12.29999999999983,27.11599999999983,120.45528455284717,2
time,best,best bound,gap %,status
38.147907972335815,14.603999999999832,14.60399999999983,1.2163495202686051e-14,2
