time,best,best bound,gap %,status
60.74949407577515,1.7091333333330276,30.23466666668329,1669.0057339015111,2
time,best,best bound,gap %,status
61.32544493675232,2.3768111111108183,30.23466666668329,1172.0685512343014,2
time,best,best bound,gap %,status
1301.873918056488,3.796888888888695,14.622743188327638,285.12433774714816,2
