time,best,best bound,gap %,status
178.49425506591797,-238.07500000001136,1e+100,4.200357030347379e+99,2
time,best,best bound,gap %,status
442.9869828224182,-27.33699999999986,11.582999999998924,142.37114533415877,2
time,best,best bound,gap %,status
448.8499367237091,-23.12899999999986,-23.03299999999986,0.41506334039517784,2
time,best,best bound,gap %,status
449.77322578430176,-23.03299999999986,-23.03299999999986,0.0,2
