time,best,best bound,gap %,status
106.69372725486755,67.33100000000157,199.10599999999945,195.71222765144555,2
time,best,best bound,gap %,status
106.70467209815979,71.16250000000254,71.16249999999958,4.153673326206796e-12,2
