time,best,best bound,gap %,status
15.88055968284607,-1e+100,25.861000000000054,100.0,2
time,best,best bound,gap %,status
15.883327960968018,10.41950000000002,25.861000000000054,148.19809011948752,2
time,best,best bound,gap %,status
15.889811754226685,10.41950000000002,18.09900000000001,73.70315274245381,2
