time,best,best bound,gap %,status
57.975159883499146,-0.4283999999999882,13.408750000000246,3229.9603174604613,2
time,best,best bound,gap %,status
61.49684500694275,5.1243000000002725,5.6020292811885675,9.32282031083796,2
