time,best,best bound,gap %,status
49.72800803184509,1.5915999999998265,16.5835,941.9389293793547,2
time,best,best bound,gap %,status
223.79718208312988,2.30589999999994,9.152040204586267,296.89666527544586,2
time,best,best bound,gap %,status
4760.126815080643,3.5633499999998857,8.975900000000001,151.8949864593792,2
