time,best,best bound,gap %,status
11.189019918441772,-79.87199999999946,1e+100,1.2520032051282137e+100,2
time,best,best bound,gap %,status
13.329959869384766,-61.871999999999026,442.0079999997428,814.3910007753908,2
time,best,best bound,gap %,status
14.519125938415527,-30.37199999999952,-30.37200000000006,1.7779944658820119e-12,2
