time,best,best bound,gap %,status
7.029197931289673,-65.68499999999926,1e+100,1.5224175991474633e+100,2
time,best,best bound,gap %,status
9.445631980895996,183.1550000000018,196.5720000000018,7.3254893396302965,2
time,best,best bound,gap %,status
9.478844165802002,185.2750000000018,185.2910000000018,0.00863581163135392,2
