time,best,best bound,gap %,status
27.921399116516113,-37.36817777777932,1e+100,2.6760737597289043e+100,2
time,best,best bound,gap %,status
34.94360327720642,-28.177511111110842,277.7613777783772,1085.7555434299925,2
time,best,best bound,gap %,status
38.49025321006775,-11.164177777777047,-11.164177777777047,0.0,2
