time,best,best bound,gap %,status
21.035823106765747,-0.08710000000000655,15.199000000000007,17550.057405279982,2
time,best,best bound,gap %,status
21.417701244354248,1.8899999999998998,15.199000000000007,704.1798941799372,2
