time,best,best bound,gap %,status
0.06817865371704102,1.8772222222222223,4.866666666666665,159.2482983131103,2
time,best,best bound,gap %,status
0.06817865371704102,1.8772222222222223,4.866666666666665,159.2482983131103,2
time,best,best bound,gap %,status
0.06817865371704102,3.8538888888888874,3.8538888888888874,0.0,2
