time,best,best bound,gap %,status
108.61045813560486,-37.36817777777932,1e+100,2.6760737597289043e+100,2
time,best,best bound,gap %,status
163.03571200370789,30.671066666665798,46.721733333332466,52.33162198467325,2
time,best,best bound,gap %,status
163.12901616096497,33.94573333333248,34.017733333332465,0.212103239287776,2
time,best,best bound,gap %,status
163.16743397712708,34.00706666666581,34.017733333332465,0.03136602980554627,2
