time,best,best bound,gap %,status
50.376962661743164,-67.96500000000015,1e+100,1.471345545501358e+100,2
time,best,best bound,gap %,status
67.2648766040802,24.956999999999848,42.19399999999983,69.06679488720636,2
time,best,best bound,gap %,status
67.38735365867615,28.08899999999979,28.08899999999979,0.0,2
