time,best,best bound,gap %,status
35.9393150806427,1.7564999999998179,44.15799999999915,2413.9766581271692,2
time,best,best bound,gap %,status
36.51742887496948,3.8669999999998623,44.15799999999915,1041.9188001034581,2
time,best,best bound,gap %,status
516.0037560462952,4.137000000000023,18.089,337.2492144065724,2
