time,best,best bound,gap %,status
64.11351013183594,-138.36000000000146,1e+100,7.22752240531938e+99,2
time,best,best bound,gap %,status
96.36725926399231,-1.1880000000009834,25.36399999999804,2235.0168350149024,2
time,best,best bound,gap %,status
96.4184000492096,2.5479999999990195,2.579999999999015,1.2558869701729944,2
