time,best,best bound,gap %,status
21.895251035690308,6.407600004584736,6.5250000045847285,1.8321992620636642,2
time,best,best bound,gap %,status
21.928128004074097,6.443200004584735,6.450700004584736,0.11640178784863997,2
time,best,best bound,gap %,status
21.934151887893677,6.448000004584736,6.450700004584736,0.04187344910173911,2
