time,best,best bound,gap %,status
16.045838117599487,-26.337422222221996,1e+100,3.79687879687883e+100,2
time,best,best bound,gap %,status
20.90786910057068,0.8612444444434026,0.8612444444434026,0.0,2
