time,best,best bound,gap %,status
98.88021111488342,-267.09666666666806,1e+100,3.7439628598884107e+99,2
time,best,best bound,gap %,status
186.38929295539856,-38.61400000000454,-24.25133333333796,37.195490409346064,2
time,best,best bound,gap %,status
186.7404477596283,-37.50733333333787,-37.37133333333787,0.3625957590515079,2
time,best,best bound,gap %,status
186.98482275009155,-37.392666666671204,-37.37133333333787,0.05705218492038117,2
