time,best,best bound,gap %,status
2.910736322402954,2.1559999999999766,8.963000000000035,315.7235621521397,2
time,best,best bound,gap %,status
2.9115631580352783,3.2974999999999617,8.963000000000035,171.81197877180102,2
time,best,best bound,gap %,status
2.920224189758301,4.201499999999943,4.317214285714286,2.7541184270937538,2
