time,best,best bound,gap %,status
33.23923301696777,-555.850000000007,1e+100,1.7990465053521408e+99,2
time,best,best bound,gap %,status
45.5638689994812,-492.8980000000019,1076.7639999971439,318.45574540719167,2
time,best,best bound,gap %,status
48.95422911643982,-382.1860000000001,-382.1860000000001,0.0,2
