time,best,best bound,gap %,status
32.55085587501526,-90.17999999999327,1e+100,1.1088933244622695e+100,2
time,best,best bound,gap %,status
43.65340995788574,-83.56400000000257,491.7259999982969,688.4423914583813,2
time,best,best bound,gap %,status
47.8753559589386,-72.23200000000224,-72.23200000000224,0.0,2
