time,best,best bound,gap %,status
4.708315134048462,-1694.9099999999937,1e+100,5.900018290056721e+98,2
time,best,best bound,gap %,status
6.735146999359131,-491.56499999999903,-470.3249999999991,4.320893472887613,2
time,best,best bound,gap %,status
6.748436212539673,-488.56499999999903,-488.48499999999905,0.01637448445958762,2
time,best,best bound,gap %,status
6.75319504737854,-488.524999999999,-488.48499999999905,0.00818791259402563,2
