time,best,best bound,gap %,status
10.911468982696533,-112.70000000001201,1e+100,8.87311446317563e+99,2
time,best,best bound,gap %,status
15.653696060180664,255.98999999999225,268.38999999999226,4.843939216375789,2
time,best,best bound,gap %,status
15.682193994522095,257.43799999999226,257.50999999999226,0.027967899066961715,2
