time,best,best bound,gap %,status
5.647736072540283,-111.09000000000162,1e+100,9.001710324961611e+99,2
time,best,best bound,gap %,status
6.1754820346832275,-100.09400000000136,283.17199999988026,382.90606829567844,2
time,best,best bound,gap %,status
6.460963010787964,-96.86200000000119,-96.86200000000119,0.0,2
