time,best,best bound,gap %,status
70.84135603904724,58.078000000000976,182.16349999999997,213.65319053685892,2
time,best,best bound,gap %,status
70.89396905899048,67.83300000000132,67.8329999999999,2.0949765918066024e-12,2
