time,best,best bound,gap %,status
127.40801906585693,12.072200017903201,12.3608000179032,2.3906164541011745,2
time,best,best bound,gap %,status
127.46214699745178,12.164550017903201,12.183450017903201,0.15536949556033103,2
time,best,best bound,gap %,status
127.49837899208069,12.1678500179032,12.183450017903201,0.12820670847395263,2
time,best,best bound,gap %,status
127.55459499359131,12.1722500179032,12.180400017903201,0.06695557508277725,2
time,best,best bound,gap %,status
127.66379904747009,12.1740000179032,12.1787000179032,0.03860686703702842,2
time,best,best bound,gap %,status
127.71463799476624,12.1753500179032,12.178150017903201,0.02299728546516798,2
time,best,best bound,gap %,status
127.733717918396,12.1755000179032,12.178150017903201,0.02176501988505026,2
time,best,best bound,gap %,status
127.86160612106323,12.1757000179032,12.1770000179032,0.010677004181188741,2
time,best,best bound,gap %,status
127.89372515678406,12.1760000179032,12.1770000179032,0.008212877780297945,2
time,best,best bound,gap %,status
129.3401119709015,12.176000000000016,12.1770000179032,0.008213024829042025,2
