time,best,best bound,gap %,status
15.263597965240479,-43.13493333333437,1e+100,2.3183065852270766e+100,2
