time,best,best bound,gap %,status
345.6935360431671,-1e+100,141.87814999999614,100.0,2
time,best,best bound,gap %,status
347.50006914138794,1.1855500000000356,141.87814999999614,11867.285226265605,2
time,best,best bound,gap %,status
375.676029920578,3.5132500000000215,3.5132500000000215,0.0,2
