time,best,best bound,gap %,status
7.733101844787598,-90.86399999999934,1e+100,1.100545870751901e+100,2
time,best,best bound,gap %,status
9.58999514579773,-52.409000000000646,1e+100,1.9080692247514506e+100,2
