time,best,best bound,gap %,status
31.531597137451172,41.92666666686204,1e+100,2.3851168707155514e+100,2
time,best,best bound,gap %,status
118.82921504974365,250.4426666668552,269.5040000001453,7.611056688933106,2
time,best,best bound,gap %,status
119.12861275672913,253.39200000018855,253.39733333352186,0.002104775736135103,2
