time,best,best bound,gap %,status
0.430051326751709,25.659000000000006,53.454000000000505,108.32456448030123,2
time,best,best bound,gap %,status
0.430051326751709,25.659000000000006,53.454000000000505,108.32456448030123,2
time,best,best bound,gap %,status
0.43485093116760254,40.0480000000005,40.0480000000005,0.0,2
