time,best,best bound,gap %,status
3.328049898147583,-38.24799999999877,1e+100,2.6145157916754658e+100,2
time,best,best bound,gap %,status
3.9388859272003174,118.22200000000497,125.73600000000417,6.355839014734046,2
time,best,best bound,gap %,status
3.941715955734253,118.25000000000497,125.73600000000417,6.330655391119559,2
time,best,best bound,gap %,status
3.9614410400390625,120.26000000000498,120.28800000000496,0.023282887077977897,2
time,best,best bound,gap %,status
3.972750663757324,120.28400000000498,120.28800000000496,0.003325463070712897,2
