time,best,best bound,gap %,status
128.91652297973633,2.3027000000001245,29.520500000000002,1181.9950492898947,2
time,best,best bound,gap %,status
130.8116638660431,2.878799999999618,29.520500000000002,925.4446297069585,2
