time,best,best bound,gap %,status
15.340677261352539,-100.55249999999627,1e+100,9.945053578976526e+99,2
time,best,best bound,gap %,status
19.74092125892639,-79.38850000000134,273.642499999323,444.687832619735,2
time,best,best bound,gap %,status
22.768769025802612,-42.45850000000043,-42.45850000000043,0.0,2
