time,best,best bound,gap %,status
1.3124899864196777,-1e+100,21.126399999999894,100.0,2
time,best,best bound,gap %,status
1.3224623203277588,1.9450000000000007,21.126399999999894,986.190231362462,2
time,best,best bound,gap %,status
1.3264656066894531,6.353000000000003,6.353000000000003,0.0,2
