time,best,best bound,gap %,status
1.1562910079956055,-1e+100,61.004444444444644,100.0,2
time,best,best bound,gap %,status
1.1562910079956055,11.018611111111102,61.004444444444644,453.6491289989183,2
time,best,best bound,gap %,status
1.1562910079956055,13.770833333333325,13.770833333333378,3.8698242794801245e-13,2
