time,best,best bound,gap %,status
8.556671619415283,-62.104000000000035,1e+100,1.6102022414015193e+100,2
time,best,best bound,gap %,status
8.865036487579346,-47.42400000000003,148.30400000000068,412.7192982456153,2
time,best,best bound,gap %,status
9.143459558486938,-42.112000000000045,-42.112000000000165,2.868357358454049e-13,2
