time,best,best bound,gap %,status
2.649413824081421,-612.6750000000005,1e+100,1.632186722161014e+99,2
time,best,best bound,gap %,status
3.202004909515381,-536.7149999999984,312.7249999999549,158.26649152715234,2
time,best,best bound,gap %,status
3.3091177940368652,-403.3649999999991,-403.3649999999999,1.9729224500175128e-13,2
