time,best,best bound,gap %,status
22.95470905303955,-34.74880000000333,1e+100,2.877797218896492e+100,2
time,best,best bound,gap %,status
31.18077802658081,-27.48879999999994,307.6282999997575,1219.104144232408,2
time,best,best bound,gap %,status
38.62594699859619,-14.288799999999027,307.6282999997575,2252.9330664560944,2
