time,best,best bound,gap %,status
2.1024670600891113,-337.17600000000414,1e+100,2.9658101406979966e+99,2
time,best,best bound,gap %,status
2.3843960762023926,-290.8960000000011,219.06200000000024,175.30595126780685,2
time,best,best bound,gap %,status
2.4493331909179688,-209.59600000000017,-209.59600000000017,0.0,2
