time,best,best bound,gap
0.14747333526611328,11.473061224489793,14.479387755102081,26.203351239816808
time,best,best bound,gap
0.14747333526611328,11.473061224489793,14.479387755102081,26.203351239816808
time,best,best bound,gap
0.15046453475952148,14.0725510204082,14.0725510204082,0.0
