time,best,best bound,gap %,status
9.296445846557617,-177.28499999999937,1e+100,5.64063513551628e+99,2
time,best,best bound,gap %,status
12.834781885147095,-9.09600000000017,4.320999999999776,147.50439753737572,2
time,best,best bound,gap %,status
12.869118928909302,-6.9760000000001705,-6.960000000000171,0.2293577981651195,2
