time,best,best bound,gap %,status
387.27692103385925,-152.3655000000179,1e+100,6.563165546005378e+99,2
time,best,best bound,gap %,status
3065.2881128787994,-0.8855000000137299,35.696499999986266,4131.225296378631,2
time,best,best bound,gap %,status
3079.6788079738617,2.6544999999861965,2.7164999999861985,2.335656432485382,2
time,best,best bound,gap %,status
3079.835844039917,2.70649999998619,2.7164999999861985,0.3694808793666985,2
