time,best,best bound,gap %,status
23.45177125930786,0.4395000000000768,28.877,6470.420932877123,2
time,best,best bound,gap %,status
23.87228488922119,2.8299999999998438,28.877,920.3886925795615,2
time,best,best bound,gap %,status
514.1135621070862,2.8704999999998453,13.2195,360.52952447311316,2
time,best,best bound,gap %,status
5637.329660892487,8.168999999999674,12.711500000000001,55.60656139062932,2
