time,best,best bound,gap %,status
32.76494789123535,0.7552999999999127,26.293999999998057,3381.2657222297225,2
time,best,best bound,gap %,status
33.349406003952026,2.7826500000001833,26.293999999998057,844.9265987456679,2
time,best,best bound,gap %,status
1123.5673179626465,2.821650000000199,12.803148662580439,353.74687372918453,2
time,best,best bound,gap %,status
10814.682050943375,4.569349999999774,12.424387966475411,171.90711953507665,2
