time,best,best bound,gap %,status
18.13463592529297,-36.36800000000218,1e+100,2.7496700395950836e+100,2
time,best,best bound,gap %,status
25.778864860534668,-31.737999999998898,147.95179999966638,566.1661100248015,2
time,best,best bound,gap %,status
29.601789951324463,-23.84599999999895,-23.84599999999895,0.0,2
