time,best,best bound,gap %,status
4.510357856750488,-1484.6999999999948,1e+100,6.735367414292473e+98,2
time,best,best bound,gap %,status
5.259637117385864,-1324.1399999999967,507.1299999997801,138.29882036640998,2
time,best,best bound,gap %,status
5.42882513999939,-1043.1899999999976,-1043.1899999999987,1.0897999187263709e-13,2
