time,best,best bound,gap
0.31336212158203125,5.278333333333332,25.447222222222283,382.1071466161469
time,best,best bound,gap
0.31336212158203125,5.278333333333332,25.447222222222283,382.1071466161469
time,best,best bound,gap
0.31336212158203125,15.51833333333335,15.51833333333335,0.0
