time,best,best bound,gap %,status
2.369068145751953,-325.5840000000017,1e+100,3.071404000196554e+99,2
time,best,best bound,gap %,status
3.0807011127471924,-221.45400000000106,-211.25400000000104,4.605922674686377,2
time,best,best bound,gap %,status
3.0851190090179443,-219.17400000000106,-219.17400000000106,0.0,2
