time,best,best bound,gap %,status
0.29114389419555664,-1.5000000000000122,39.0499999999998,2703.3333333332985,2
time,best,best bound,gap %,status
0.323516845703125,2.0650000000000044,8.59,315.98062953995066,2
time,best,best bound,gap %,status
0.3366739749908447,2.215000000000004,8.59,287.81038374717764,2
time,best,best bound,gap %,status
0.34393811225891113,2.4550000000000023,8.59,249.89816700610965,2
time,best,best bound,gap %,status
0.3447859287261963,3.355000000000001,8.59,156.03576751117728,2
time,best,best bound,gap %,status
0.3553149700164795,5.674999999999999,7.470000000000001,31.6299559471366,2
time,best,best bound,gap %,status
0.36798787117004395,6.480000000000001,7.470000000000001,15.277777777777764,2
time,best,best bound,gap %,status
0.3887748718261719,6.779999999999995,6.8999999999999995,1.769911504424847,2
time,best,best bound,gap %,status
0.3945448398590088,6.829999999999994,6.879999999999995,0.7320644216691179,2
time,best,best bound,gap %,status
0.4027550220489502,6.879999999999993,6.879999999999995,2.5819140107561807e-14,2
