time,best,best bound,gap %,status
56.25101900100708,-5811.749999999996,1e+100,1.7206521271561932e+98,2
time,best,best bound,gap %,status
89.14540195465088,-1744.2899999999931,-1736.6099999999974,0.44029375849175156,2
time,best,best bound,gap %,status
89.17135500907898,-1742.649999999993,-1742.649999999993,0.0,2
