time,best,best bound,gap %,status
154.6530830860138,-77.85959999999348,1e+100,1.2843631356956416e+100,2
time,best,best bound,gap %,status
459.820050239563,20.53740000001027,35.23500000001027,71.56504718217812,2
time,best,best bound,gap %,status
461.06721091270447,22.57500000001024,22.614200000010268,0.17364341085274904,2
time,best,best bound,gap %,status
461.1902720928192,22.61260000001024,22.614200000010268,0.007075701157883308,2
