time,best,best bound,gap %,status
1.2646851539611816,-413.2800000000016,1e+100,2.419667053813386e+99,2
time,best,best bound,gap %,status
1.539668083190918,-122.25000000000169,-108.41000000000199,11.321063394682628,2
time,best,best bound,gap %,status
1.551081895828247,-117.13000000000169,-117.05000000000169,0.0683001792879682,2
time,best,best bound,gap %,status
1.5588150024414062,-117.05000000000169,-117.05000000000169,0.0,2
