time,best,best bound,gap %,status
533.8227126598358,-830.812500000027,1e+100,1.2036410140675155e+99,2
time,best,best bound,gap %,status
8278.763649702072,-208.8560000000132,-208.80700000001323,0.0234611406902244,2
time,best,best bound,gap %,status
8278.941512823105,-208.8160000000132,-208.80700000001323,0.004310014558250872,2
