time,best,best bound,gap %,status
4.598271131515503,-1e+100,5094.607638888826,100.0,2
time,best,best bound,gap %,status
4.697397947311401,-2362.6809722222156,5094.607638888826,315.6282502286841,2
time,best,best bound,gap %,status
9.648391485214233,-2362.6809722222156,-1378.5015455160396,41.655197560613004,2
