time,best,best bound,gap %,status
157.65412402153015,-335.3099999999737,1e+100,2.9823148728045047e+99,2
time,best,best bound,gap %,status
270.9606819152832,-57.98399999998783,-39.08399999998784,32.59519867550352,2
time,best,best bound,gap %,status
271.043016910553,-56.23999999998783,-56.23999999998783,0.0,2
