time,best,best bound,gap %,status
474.4170129299164,6.830150000000079,26.883999999997947,293.60775385603006,2
