time,best,best bound,gap %,status
43.07795000076294,-170.77499999999102,1e+100,5.855658029571381e+99,2
time,best,best bound,gap %,status
67.6679482460022,-7.60499999999653,6.455000000003342,184.87836949383677,2
time,best,best bound,gap %,status
67.74881505966187,-6.59299999999653,-6.56499999999653,0.42469285605967416,2
time,best,best bound,gap %,status
67.84453892707825,-6.57699999999653,-6.56899999999653,0.12163600425732443,2
