time,best,best bound,gap %,status
1.329427719116211,4.594999999999984,5.6599999999999655,23.17736670293766,2
time,best,best bound,gap %,status
1.345050573348999,4.9849999999999834,5.016391865079348,0.6297264810303883,2
time,best,best bound,gap %,status
1.345050573348999,4.994999999999983,5.016391865079348,0.42826556715445524,2
