time,best,best bound,gap %,status
41.577950954437256,6.339050000000121,6.422850000000121,1.3219646476995526,2
time,best,best bound,gap %,status
41.61646509170532,6.369350000000121,6.377800000000121,0.13266659863252253,2
time,best,best bound,gap %,status
41.630616188049316,6.370100000000121,6.377800000000121,0.12087722327750836,2
time,best,best bound,gap %,status
41.64745616912842,6.371700000000121,6.377800000000121,0.09573583188159955,2
time,best,best bound,gap %,status
41.686352252960205,6.372500000000121,6.376150000000121,0.057277363672019105,2
time,best,best bound,gap %,status
41.710883140563965,6.373300000000121,6.376050000000121,0.04314876123828717,2
time,best,best bound,gap %,status
41.77744698524475,6.373600000000121,6.374400000000121,0.012551776076313179,2
time,best,best bound,gap %,status
41.78618311882019,6.373750000000121,6.374400000000121,0.010198078054524403,2
time,best,best bound,gap %,status
42.60393023490906,6.373749999999901,6.374250000000121,0.007844675430005867,2
