time,best,best bound,gap %,status
54.30299210548401,2.1457500000002443,20.23299999999811,842.9337061631508,2
time,best,best bound,gap %,status
6562.606192827225,2.3993999999999724,10.59815,341.70000833542235,2
