time,best,best bound,gap %,status
1862.9291861057281,-0.5208000000000336,31.929777777778305,6230.909711554579,2
time,best,best bound,gap %,status
2277.838680744171,16.791311111111135,16.923310245204803,0.7861157072262318,2
time,best,best bound,gap %,status
3070.6744277477264,16.795544444444477,16.810260083991448,0.08761632941192504,2
