time,best,best bound,gap %,status
13.340895891189575,-1173.3749999999961,1e+100,8.522424629807209e+98,2
time,best,best bound,gap %,status
19.044647216796875,-311.45999999999464,-287.1399999999954,7.808386309638372,2
time,best,best bound,gap %,status
19.05750012397766,-309.73999999999467,-309.61999999999466,0.0387421708529756,2
time,best,best bound,gap %,status
19.063704013824463,-309.69999999999465,-309.61999999999466,0.02583144979011478,2
