time,best,best bound,gap %,status
47.500909090042114,-568.6000000000041,1e+100,1.758705592683772e+99,2
time,best,best bound,gap %,status
105.37927293777466,-133.20000000000798,-107.65600000000799,19.177177177176016,2
time,best,best bound,gap %,status
105.45874905586243,-129.96000000000797,-129.92000000000797,0.030778701138803936,2
time,best,best bound,gap %,status
105.4871277809143,-129.92800000000798,-129.92000000000797,0.006157256326588023,2
