time,best,best bound,gap %,status
0.6461689472198486,-281.5680000000006,1e+100,3.5515399477213244e+99,2
time,best,best bound,gap %,status
0.7534260749816895,-205.5080000000001,-205.5080000000001,0.0,2
