time,best,best bound,gap
0.09135651588439941,1.8772222222222223,4.420555555555554,135.4838709677418
time,best,best bound,gap
0.09135651588439941,1.8772222222222223,4.420555555555554,135.4838709677418
time,best,best bound,gap
0.09135651588439941,3.8538888888888874,3.8538888888888874,0.0
