time,best,best bound,gap %,status
185.5272250175476,-83.26799999999439,1e+100,1.200941538166003e+100,2
time,best,best bound,gap %,status
438.91276597976685,15.49199999999984,41.21599999999984,166.04699199587054,2
time,best,best bound,gap %,status
444.8023269176483,18.807999999999844,18.83599999999984,0.14887282007653857,2
time,best,best bound,gap %,status
444.82752299308777,18.82399999999984,18.83599999999984,0.06374840628982684,2
