time,best,best bound,gap %,status
36.43352699279785,-79.87199999999946,1e+100,1.2520032051282137e+100,2
time,best,best bound,gap %,status
54.286075830459595,-9.371999999997767,22.420000000002048,339.2232180965364,2
time,best,best bound,gap %,status
54.302387952804565,-2.763999999997762,-2.7639999999977665,1.6066903395456663e-13,2
