time,best,best bound,gap %,status
45.699748039245605,-13.350000000334571,1e+100,7.490636703932124e+100,2
time,best,best bound,gap %,status
109.99889802932739,392.7419999996572,409.3699999996524,4.2338227131322155,2
time,best,best bound,gap %,status
110.06810593605042,394.7499999996572,394.7499999996572,0.0,2
