time,best,best bound,gap %,status
60.9292950630188,65.6039999997524,1e+100,1.524297298950939e+100,2
time,best,best bound,gap %,status
148.73206210136414,298.88199999972005,313.2199999997201,4.797210939438792,2
time,best,best bound,gap %,status
148.95282912254333,300.32599999972007,300.42799999972004,0.03396309343848702,2
time,best,best bound,gap %,status
149.01547622680664,300.41199999972,300.42799999972004,0.005326018934008784,2
