time,best,best bound,gap %,status
6.764010906219482,-36.69120000000021,1e+100,2.7254491540205673e+100,2
time,best,best bound,gap %,status
8.788681983947754,-10.011200000000203,-10.011200000000203,0.0,2
