time,best,best bound,gap
0.08571219444274902,2.2123469387755104,3.273571428571426,47.968267146349206
time,best,best bound,gap
0.08571219444274902,2.2123469387755104,3.273571428571426,47.968267146349206
time,best,best bound,gap
0.08870220184326172,3.152142857142855,3.152142857142855,0.0
