time,best,best bound,gap %,status
18.916025161743164,-37.27360000000169,1e+100,2.6828640109888892e+100,2
time,best,best bound,gap %,status
25.99513006210327,2.572700000003594,15.768500000003003,512.916391339098,2
time,best,best bound,gap %,status
26.051883935928345,4.916700000003598,4.916700000003598,0.0,2
