time,best,best bound,gap %,status
39.10708022117615,-73.15466666666269,1e+100,1.366966791820145e+100,2
time,best,best bound,gap %,status
66.02979922294617,-53.389333333330235,439.7700000013511,923.7038609485852,2
time,best,best bound,gap %,status
70.58467411994934,-18.308666666667843,-18.308666666667843,0.0,2
