time,best,best bound,gap %,status
3.0265088081359863,-1057.49,1e+100,9.456354197202811e+98,2
time,best,best bound,gap %,status
3.738353729248047,-8.13000000000011,173.48999999999978,2233.9483394833637,2
time,best,best bound,gap %,status
3.7453367710113525,22.139999999999873,22.13999999999851,6.161888223393859e-12,2
