time,best,best bound,gap %,status
360.289174079895,39.06999999999935,116.26849999999946,197.59022267724956,2
time,best,best bound,gap %,status
360.31908798217773,44.5709999999994,44.5829999999994,0.026923335801307163,2
