time,best,best bound,gap %,status
136.19267916679382,10.288400007117307,10.349850007117286,0.5972746001075919,2
time,best,best bound,gap %,status
136.24897289276123,10.311850007117307,10.316600007117307,0.04606350942576848,2
time,best,best bound,gap %,status
136.30525588989258,10.312850007117307,10.313650007117307,0.007757312473737135,2
time,best,best bound,gap %,status
138.75142812728882,10.31285000000181,10.313650007117307,0.0077573814755115805,2
