time,best,best bound,gap %,status
451.2126040458679,-1354.1250000000002,1e+100,7.384842610541861e+98,2
time,best,best bound,gap %,status
6658.649619102478,-364.1510000000268,-356.1310000000269,2.2023830773495825,2
time,best,best bound,gap %,status
6662.912034034729,-362.77500000002675,-362.7750000000268,1.56690562637458e-14,2
