time,best,best bound,gap %,status
5.804741859436035,-360.3600000000036,1e+100,2.775002775002747e+99,2
time,best,best bound,gap %,status
6.011496067047119,-314.4400000000006,171.7160000000002,154.61010049612005,2
time,best,best bound,gap %,status
6.076624870300293,-234.78,-234.78,0.0,2
