time,best,best bound,gap %,status
18.022728204727173,4.651066670284526,4.7174000036178665,1.426196140277705,2
time,best,best bound,gap %,status
18.060417890548706,4.6694000036178585,4.673044671912527,0.07805431729654823,2
time,best,best bound,gap %,status
18.06501007080078,4.670733336951192,4.673044671912527,0.049485483212031306,2
