time,best,best bound,gap %,status
27.110039949417114,-36.36800000000218,1e+100,2.7496700395950836e+100,2
