time,best,best bound,gap %,status
1.6366541385650635,-127.57600000000708,1e+100,7.838464915030604e+99,2
time,best,best bound,gap %,status
1.740812063217163,272.40999999999315,288.40999999999315,5.873499504423627,2
time,best,best bound,gap %,status
1.7445461750030518,276.8099999999931,276.8099999999931,0.0,2
