time,best,best bound,gap %,status
546.5087502002716,-830.812500000027,1e+100,1.2036410140675155e+99,2
time,best,best bound,gap %,status
7030.081717014313,-211.45200000001475,-197.27600000001752,6.704121975671189,2
time,best,best bound,gap %,status
7033.424467086792,-209.68400000001475,-209.66000000001475,0.01144579462429142,2
time,best,best bound,gap %,status
7033.572547197342,-209.66000000001475,-209.66000000001475,0.0,2
