time,best,best bound,gap %,status
0.23552393913269043,10.119,21.403999999999908,111.52287775471794,2
time,best,best bound,gap %,status
0.23552393913269043,10.119,21.403999999999908,111.52287775471794,2
time,best,best bound,gap %,status
0.23960518836975098,16.088999999999928,16.088999999999928,0.0,2
