time,best,best bound,gap %,status
1.3593683242797852,-352.48000000000025,1e+100,2.8370403994552863e+99,2
time,best,best bound,gap %,status
1.4356310367584229,127.20200000000133,133.00200000000135,4.5596767346424985,2
time,best,best bound,gap %,status
1.441720962524414,128.40200000000132,133.00200000000135,3.582498714973268,2
