time,best,best bound,gap %,status
12.29351282119751,2.122500000004561,1e+100,4.711425206114729e+101,2
time,best,best bound,gap %,status
20.67407774925232,176.59299999999655,191.1449999999896,8.240417230577284,2
time,best,best bound,gap %,status
20.787283897399902,179.59299999999655,179.63699999999656,0.02449984130785275,2
time,best,best bound,gap %,status
20.79825186729431,179.63299999999654,179.63699999999656,0.002226762343232689,2
