time,best,best bound,gap %,status
41.32663130760193,0.09601111111108206,16.563000000003267,17151.12834163575,2
time,best,best bound,gap %,status
41.96807026863098,1.808055555555434,16.563000000003267,816.0669841759989,2
time,best,best bound,gap %,status
3082.613775253296,1.8101111111109898,9.076013975131906,401.40645617944034,2
