time,best,best bound,gap %,status
26.813825845718384,0.4395000000000768,28.877,6470.420932877123,2
time,best,best bound,gap %,status
27.232949018478394,2.8299999999998438,28.877,920.3886925795615,2
time,best,best bound,gap %,status
529.4459347724915,2.8704999999998453,13.2195,360.52952447311316,2
