time,best,best bound,gap %,status
3.6580007076263428,56.54000000000006,79.71399999999932,40.986911920762694,2
time,best,best bound,gap %,status
3.6590802669525146,56.54000000000006,79.71399999999932,40.986911920762694,2
time,best,best bound,gap %,status
3.945019483566284,68.92100000000131,68.92100000000136,6.185714679938654e-14,2
