time,best,best bound,gap %,status
39.96291208267212,1.8790000000001443,16.478,776.955827567788,2
time,best,best bound,gap %,status
250.29344511032104,2.565499999999765,9.1113,255.14714480611315,2
time,best,best bound,gap %,status
5968.443839073181,4.590450000000791,8.95485,95.07564617844562,2
