time,best,best bound,gap %,status
635.2613172531128,7.954700000000421,20.625925000000958,159.29230517806914,2
