time,best,best bound,gap %,status
21.986927032470703,5.801288890940262,5.9006222242736035,1.712263174627771,2
time,best,best bound,gap %,status
22.028027296066284,5.832288890940261,5.840437975189346,0.13972360425669506,2
time,best,best bound,gap %,status
22.03862500190735,5.832622224273594,5.840437975189346,0.13400063668147297,2
time,best,best bound,gap %,status
22.061944007873535,5.833955557606928,5.838605170956542,0.07969915615059475,2
time,best,best bound,gap %,status
22.077850103378296,5.834955557606928,5.836138890940261,0.0202800744864431,2
time,best,best bound,gap %,status
22.08059597015381,5.835133335384706,5.836138890940261,0.017232777689204018,2
time,best,best bound,gap %,status
22.089481115341187,5.835844446495817,5.8361000020513725,0.004379067295203592,2
