time,best,best bound,gap %,status
347.83948802948,-143.7299999999792,1e+100,6.957489737703642e+99,2
time,best,best bound,gap %,status
2131.3433611392975,-0.3839999999972996,24.33200000000207,6436.458333378432,2
time,best,best bound,gap %,status
2163.5355200767517,1.596000000002702,1.7240000000027005,8.020050125299615,2
time,best,best bound,gap %,status
2163.8879029750824,1.6960000000027018,1.7240000000027005,1.650943396223708,2
