time,best,best bound,gap %,status
41.23539686203003,-50.517600000003625,1e+100,1.9795081318192636e+100,2
time,best,best bound,gap %,status
59.016493797302246,28.65580000000092,41.655800000000916,45.366034101297394,2
time,best,best bound,gap %,status
59.03898286819458,30.535800000000922,30.53580000000092,1.1634585237001792e-14,2
