time,best,best bound,gap %,status
14.682472944259644,-37.27360000000169,1e+100,2.6828640109888892e+100,2
time,best,best bound,gap %,status
24.460276126861572,-30.013599999998718,200.64099999985646,768.5002798726745,2
time,best,best bound,gap %,status
27.80004906654358,-16.8135999999985,-16.8135999999985,0.0,2
