time,best,best bound,gap %,status
18.003561973571777,-1e+100,49.267500000000105,100.0,2
time,best,best bound,gap %,status
18.058939933776855,14.527999999999995,49.267500000000105,239.1210077092519,2
time,best,best bound,gap %,status
18.547014951705933,14.527999999999995,16.230195789415895,11.716656039481691,2
