time,best,best bound,gap %,status
8.184461116790771,-90.86399999999934,1e+100,1.100545870751901e+100,2
