time,best,best bound,gap %,status
406.46644401550293,2.8422500000003037,10.224849999996302,259.7449203974038,2
