time,best,best bound,gap %,status
713.9692189693451,7.790400000000126,31.548999999997225,304.9727870198798,2
