time,best,best bound,gap %,status
0.10006594657897949,3.9327551020408165,6.148673469387754,56.34519083573334,2
time,best,best bound,gap %,status
0.11570096015930176,3.9327551020408165,6.148673469387754,56.34519083573334,2
time,best,best bound,gap %,status
0.11570096015930176,5.292448979591838,5.292448979591838,0.0,2
