time,best,best bound,gap %,status
62.07017278671265,-223.3559999999891,1e+100,4.477157542219814e+99,2
time,best,best bound,gap %,status
106.89163494110107,-189.2719999999958,1005.7155000052376,631.3598947574178,2
time,best,best bound,gap %,status
113.89593696594238,-128.97799999999827,-128.97799999999827,0.0,2
