time,best,best bound,gap
0.23537826538085938,3.004722222222222,3.658472222222226,21.757418877692658
time,best,best bound,gap
0.23537826538085938,3.004722222222222,3.658472222222226,21.757418877692658
time,best,best bound,gap
0.23537826538085938,3.5876388888888933,3.5876388888888933,0.0
