time,best,best bound,gap %,status
0.5737769603729248,8.469999999999938,102.14999999999952,1106.0212514758,2
time,best,best bound,gap %,status
0.6889548301696777,9.979999999999936,14.864999999999977,48.94789579158388,2
