time,best,best bound,gap %,status
59.13109087944031,2.502199999999573,37.89733333333441,1414.560520075968,2
time,best,best bound,gap %,status
59.77781677246094,2.9766111111107016,37.89733333333441,1173.1704585753994,2
time,best,best bound,gap %,status
60.65139675140381,5.2156222222237405,37.89733333333441,626.6119308230196,2
time,best,best bound,gap %,status
1331.9520609378815,6.437411116460938,17.318092660143257,169.02262954527808,2
