time,best,best bound,gap %,status
36.366655111312866,-41.50346666666837,1e+100,2.4094372839536913e+100,2
