time,best,best bound,gap %,status
173.8800208568573,44.37594999999833,146.78785000000005,230.78243958722135,2
time,best,best bound,gap %,status
173.91755485534668,45.618949999998684,45.61895000000111,5.311281230589507e-12,2
