time,best,best bound,gap %,status
3.4109299182891846,-61.75999999999949,1e+100,1.6191709844559719e+100,2
time,best,best bound,gap %,status
4.181149005889893,-30.843999999999724,-30.84400000000008,1.1518329914409716e-12,2
