time,best,best bound,gap %,status
10.4861741065979,-43.13493333333437,1e+100,2.3183065852270766e+100,2
time,best,best bound,gap %,status
14.91743016242981,-35.58160000000004,192.21537777764556,640.2100461408294,2
time,best,best bound,gap %,status
16.699429988861084,-21.848266666666838,-21.848266666666838,0.0,2
time,best,best bound,gap %,status
16.78213596343994,-21.848266666665683,-21.848266666666838,5.2847759651881525e-12,2
