time,best,best bound,gap %,status
102.59733319282532,-1466.2500000000002,1e+100,6.820119352088661e+98,2
time,best,best bound,gap %,status
194.67904210090637,-420.1590000000125,-412.9510000000125,1.7155410213751832,2
time,best,best bound,gap %,status
194.74944424629211,-419.8390000000125,-419.8390000000125,0.0,2
