time,best,best bound,gap %,status
53.20505619049072,-0.27650000000001723,10.322577777778005,3833.301185452933,2
time,best,best bound,gap %,status
63.155893087387085,3.725788888888652,3.9996443171779847,7.350266922155637,2
time,best,best bound,gap %,status
64.45356512069702,3.919499999999763,3.9996443171779847,2.0447586982581076,2
time,best,best bound,gap %,status
64.46636128425598,3.923911111110874,3.9996443171779847,1.9300438751700004,2
time,best,best bound,gap %,status
67.20383596420288,3.925399999999763,3.9604552367069243,0.8930360398217603,2
time,best,best bound,gap %,status
67.2138741016388,3.9261444444442075,3.9604552367069243,0.8739055006310124,2
