time,best,best bound,gap %,status
40.27607607841492,-50.517600000003625,1e+100,1.9795081318192636e+100,2
time,best,best bound,gap %,status
56.811302185058594,-0.6622000000001234,27.233799999999178,4212.624584716717,2
time,best,best bound,gap %,status
56.84381818771362,4.817799999999881,4.8177999999998775,7.37414105774542e-14,2
