time,best,best bound,gap %,status
13.408693075180054,-42.56124444444571,1e+100,2.3495553597011917e+100,2
time,best,best bound,gap %,status
19.283218145370483,-33.9492444444444,150.31537777777015,542.7650165344648,2
time,best,best bound,gap %,status
22.145262241363525,-18.429244444443544,-18.429244444443544,0.0,2
