time,best,best bound,gap %,status
11.150551080703735,-51.61920000000252,1e+100,1.9372636538341377e+100,2
time,best,best bound,gap %,status
15.19262170791626,-36.819200000000286,299.01579999980066,912.1192204061966,2
time,best,best bound,gap %,status
16.97476887702942,-10.919199999999224,299.01579999980066,2838.440545093248,2
