time,best,best bound,gap %,status
4.04886794090271,-2.5694999999999917,22.70000000000001,983.4403580463156,2
time,best,best bound,gap %,status
4.114557981491089,2.3534999999999755,22.70000000000001,864.520926280019,2
time,best,best bound,gap %,status
23.225795030593872,2.3689999999999753,10.763064596605679,354.32944688078476,2
time,best,best bound,gap %,status
228.84989094734192,7.71999999999997,10.344726314264443,33.99904552156066,2
time,best,best bound,gap %,status
520.8129980564117,7.74999999999997,10.25536602718512,32.32730357658271,2
time,best,best bound,gap %,status
937.6392660140991,8.04999999999998,10.20908012363781,26.820871101091125,2
time,best,best bound,gap %,status
1648.0805130004883,8.109999999999989,10.132461187938276,24.937869148437606,2
