time,best,best bound,gap %,status
72.07134819030762,-155.29500000000897,1e+100,6.439357352135885e+99,2
time,best,best bound,gap %,status
147.62479329109192,-128.8730000000016,655.4559999993628,608.6061471366032,2
time,best,best bound,gap %,status
159.91632223129272,-82.04700000000028,-82.04700000000028,0.0,2
time,best,best bound,gap %,status
160.11260223388672,-82.04700000000513,-82.04700000000028,5.9062506342505896e-12,2
