time,best,best bound,gap %,status
3.422834873199463,-62.103999999999466,1e+100,1.6102022414015339e+100,2
time,best,best bound,gap %,status
4.33401894569397,-29.547999999999757,-29.548000000000116,1.214376883575381e-12,2
