time,best,best bound,gap %,status
40.60759973526001,2.296499999999566,37.13999999999656,1517.2436316134804,2
time,best,best bound,gap %,status
41.02397894859314,2.9440499999997267,37.13999999999656,1161.5274876445715,2
time,best,best bound,gap %,status
41.57152199745178,5.1083999999996195,37.13999999999656,627.0378200610628,2
time,best,best bound,gap %,status
508.71080803871155,6.405449999999158,17.064650000000007,166.40829293808008,2
time,best,best bound,gap %,status
1444.3890130519867,10.63000000024629,16.539300000000004,55.590780805426135,2
