time,best,best bound,gap %,status
53.53660869598389,2.426200000000138,23.424500000000002,865.4809990931776,2
time,best,best bound,gap %,status
305.0606589317322,3.4464499999994853,12.157244640502102,252.74687404442014,2
