time,best,best bound,gap %,status
134.92465901374817,-245.99555555556014,1e+100,4.0651140942021686e+99,2
time,best,best bound,gap %,status
392.0970251560211,-209.61422222221705,1461.234888868226,797.1067484720269,2
time,best,best bound,gap %,status
423.82132720947266,-145.26488888888628,-145.1498544061309,0.07918946115282736,2
time,best,best bound,gap %,status
426.90646505355835,-145.24888888888623,-145.1498544061309,0.06818260952830746,2
time,best,best bound,gap %,status
428.41225123405457,-145.2035555555529,-145.1498544061309,0.036983357064860056,2
time,best,best bound,gap %,status
465.37167620658875,-145.17155555555323,-145.1498544061309,0.01494862360554406,2
