time,best,best bound,gap %,status
4.391236066818237,-90.86399999999934,1e+100,1.100545870751901e+100,2
time,best,best bound,gap %,status
5.228718996047974,-80.96399999999917,224.68799999994468,377.515933007197,2
time,best,best bound,gap %,status
5.674731969833374,-62.963999999999515,-62.963999999999665,2.369829974423833e-13,2
