time,best,best bound,gap %,status
0.46959424018859863,0.27500000000000013,1.3099999999999978,376.36363636363535,2
time,best,best bound,gap %,status
0.4914560317993164,0.7045000000000003,0.7613446275946275,8.068790290223864,2
time,best,best bound,gap %,status
0.5191020965576172,0.7145000000000004,0.7457738095238098,4.377020227265138,2
time,best,best bound,gap %,status
0.5324532985687256,0.7150000000000003,0.7316666666666668,2.3310023310023062,2
time,best,best bound,gap %,status
0.5379021167755127,0.7200000000000003,0.7316666666666668,1.6203703703703454,2
time,best,best bound,gap %,status
0.5673830509185791,0.7250000000000003,0.7312500000000003,0.8620689655172379,2
