time,best,best bound,gap %,status
13.359973192214966,-33.592800000000295,1e+100,2.9768283679835898e+100,2
time,best,best bound,gap %,status
16.377597093582153,-15.608800000000041,-15.608800000000041,0.0,2
