time,best,best bound,gap %,status
27.796104192733765,-93.50549999999396,1e+100,1.0694558074124673e+100,2
time,best,best bound,gap %,status
38.99300718307495,-71.77350000000212,435.08599999855943,706.1930935492161,2
time,best,best bound,gap %,status
43.25394010543823,-33.3635000000007,-33.3635000000007,0.0,2
