time,best,best bound,gap %,status
3.4564595222473145,4.599999999999984,5.679999999999965,23.478260869564895,2
time,best,best bound,gap %,status
3.5034141540527344,4.9849999999999834,5.016749007936491,0.636890831223832,2
time,best,best bound,gap %,status
3.546084403991699,4.994999999999983,5.009288690476174,0.28605986939320466,2
