time,best,best bound,gap %,status
91.58718991279602,11.180100002266766,14.541300002266782,30.06413179952355,2
time,best,best bound,gap %,status
92.4518461227417,12.137700002266733,12.431097286817181,2.417239546995357,2
time,best,best bound,gap %,status
92.68364810943604,12.171300002266733,12.431097286817181,2.1345072794365794,2
time,best,best bound,gap %,status
92.97044801712036,12.182750002266735,12.431097286817181,2.038515807221181,2
time,best,best bound,gap %,status
93.87128806114197,12.238800002266732,12.383200002266781,1.1798542338571165,2
time,best,best bound,gap %,status
94.8294939994812,12.242400002266733,12.360700002266782,0.9663137945022677,2
time,best,best bound,gap %,status
95.08941793441772,12.256600002745307,12.359850002266782,0.8424032725090868,2
time,best,best bound,gap %,status
96.36706209182739,12.269500005216006,12.356350002266781,0.7078527813998418,2
time,best,best bound,gap %,status
96.78452920913696,12.27525000226673,12.356350002266781,0.6606790084525772,2
time,best,best bound,gap %,status
98.81011509895325,12.278050002266731,12.351050002266781,0.5945569531527656,2
time,best,best bound,gap %,status
100.39548802375793,12.28555000226673,12.345500002266782,0.4879716413916441,2
time,best,best bound,gap %,status
101.32518601417542,12.286050002762762,12.342600002266781,0.4602781161667348,2
time,best,best bound,gap %,status
102.73067307472229,12.290250002266731,12.338100002266781,0.38933300780069563,2
time,best,best bound,gap %,status
104.92738604545593,12.29105000275453,12.33390000226678,0.34862765591750133,2
time,best,best bound,gap %,status
106.71778607368469,12.29200000226673,12.329450002266782,0.3046697038166713,2
time,best,best bound,gap %,status
107.49735403060913,12.292650002266729,12.328350002266781,0.2904174445174053,2
time,best,best bound,gap %,status
110.89666414260864,12.29345000226673,12.323550002266781,0.24484583249210473,2
time,best,best bound,gap %,status
119.09839200973511,12.29450000226673,12.321100002266782,0.21635690752082204,2
time,best,best bound,gap %,status
119.82100915908813,12.29565000226673,12.321100002266782,0.20698377064539766,2
time,best,best bound,gap %,status
133.82801508903503,12.295650000000023,12.29640000226678,0.0060997366284618985,2
