time,best,best bound,gap %,status
1323.331375837326,67.62761111111132,189.21776666666258,179.79365758725405,2
time,best,best bound,gap %,status
1349.9496598243713,71.7648444444499,71.76484444443831,1.615840950729134e-11,2
