time,best,best bound,gap %,status
10.974689960479736,-25.366399999999985,1e+100,3.942222782893909e+100,2
time,best,best bound,gap %,status
15.661960124969482,-17.67839999999986,-17.67839999999986,0.0,2
