time,best,best bound,gap %,status
44.508780002593994,1.8045000000002411,15.607499999998167,764.921030756225,2
time,best,best bound,gap %,status
6906.060298204422,1.9416000000003066,8.542800000000002,339.9876390604992,2
