time,best,best bound,gap %,status
121.41255617141724,1.883477777777456,39.258666666669136,1984.3711101808271,2
time,best,best bound,gap %,status
123.15088701248169,3.7586333333331035,39.258666666669136,944.4931225003292,2
time,best,best bound,gap %,status
8607.48639702797,3.9788333333332835,16.57076973917676,316.4730801954585,2
