time,best,best bound,gap %,status
36.18137526512146,-79.87199999999946,1e+100,1.2520032051282137e+100,2
time,best,best bound,gap %,status
54.00430107116699,18.828000000001897,34.72400000000147,84.42744848097499,2
time,best,best bound,gap %,status
54.02020311355591,22.1320000000019,22.132000000001895,1.6052384234593332e-14,2
time,best,best bound,gap %,status
54.235833168029785,22.132000000000954,22.1320000000019,4.269934206402008e-12,2
