time,best,best bound,gap %,status
17.34706997871399,-36.36800000000218,1e+100,2.7496700395950836e+100,2
time,best,best bound,gap %,status
27.682281017303467,-29.107999999999763,236.57499999982167,912.7490724193473,2
time,best,best bound,gap %,status
33.22557187080383,-15.907999999999213,-15.907999999999213,0.0,2
time,best,best bound,gap %,status
33.36957287788391,-15.907999999999598,-15.907999999999213,2.423116885528439e-12,2
