time,best,best bound,gap %,status
9.57658076286316,6.571733333345354,1e+100,1.5216685602958697e+101,2
time,best,best bound,gap %,status
12.522158861160278,117.11635555559717,123.53448888893537,5.480134096463926,2
time,best,best bound,gap %,status
12.574275016784668,118.28702222226383,118.36502222226383,0.06594129984389945,2
time,best,best bound,gap %,status
12.582613945007324,118.31902222226383,118.36502222226383,0.03887794129467608,2
time,best,best bound,gap %,status
12.594636917114258,118.32702222226384,118.36502222226383,0.03211438882372788,2
time,best,best bound,gap %,status
12.616615772247314,118.34835555559717,118.36502222226383,0.014082719264177798,2
