time,best,best bound,gap %,status
1807.317305803299,70.19250000000224,188.75200000000325,168.9062221747298,2
time,best,best bound,gap %,status
1833.193636894226,73.30150000000303,73.31250000000357,0.01500651419211781,2
