time,best,best bound,gap %,status
240.32002568244934,6.977000000000093,25.495,265.41493478571965,2
