time,best,best bound,gap %,status
29.6425199508667,-75.43433333333019,1e+100,1.3256563103450353e+100,2
time,best,best bound,gap %,status
47.49126982688904,-56.19966666666451,362.4090000010011,744.859696678536,2
time,best,best bound,gap %,status
51.59411287307739,-22.16433333333461,-22.16433333333461,0.0,2
