time,best,best bound,gap %,status
175.2949662208557,-238.07500000001136,1e+100,4.200357030347379e+99,2
time,best,best bound,gap %,status
432.1323924064636,-27.33699999999986,3.4469999999994885,112.60928412042107,2
time,best,best bound,gap %,status
435.55569314956665,-24.24899999999986,-24.24899999999986,0.0,2
