time,best,best bound,gap %,status
6.8969128131866455,-1.0524999999999878,38.750000000000405,3781.7102137768034,2
time,best,best bound,gap %,status
6.985421895980835,3.158499999999975,38.750000000000405,1126.8481874307647,2
time,best,best bound,gap %,status
63.13223195075989,3.468499999999972,16.539300967956315,376.8430436199062,2
time,best,best bound,gap %,status
576.335294008255,10.469500000000107,15.129537304553256,44.5106003586905,2
time,best,best bound,gap %,status
1677.0775837898254,10.698500000000108,14.45227692731279,35.086946088822216,2
