time,best,best bound,gap %,status
80.5035629272461,-33.37840000000458,1e+100,2.99594947630762e+100,2
time,best,best bound,gap %,status
114.27195477485657,-31.926550000007744,1e+100,3.1321893533744096e+100,2
