time,best,best bound,gap %,status
7.489940881729126,8.168999999999915,50.69599999999998,520.5900355000673,2
time,best,best bound,gap %,status
7.496633052825928,12.086999999999918,12.141999999999914,0.4550343344088404,2
