time,best,best bound,gap %,status
39.764559268951416,-31.629600000005485,1e+100,3.1615954675361896e+100,2
time,best,best bound,gap %,status
54.49289512634277,-27.669600000000074,421.18789999965674,1622.2045132551812,2
time,best,best bound,gap %,status
56.35628128051758,-21.06959999999827,-21.06959999999827,0.0,2
