time,best,best bound,gap %,status
326.96848487854004,68.20167777777793,220.30430000000663,223.01888630632502,2
time,best,best bound,gap %,status
326.99306178092957,71.84877777778263,71.84877777778306,5.933651965168018e-13,2
