time,best,best bound,gap %,status
3284.894749879837,-0.641277777776148,112.50767777778587,17644.296976568417,2
time,best,best bound,gap %,status
3304.5715508461,43.75126666666711,43.83070584844723,0.18157001575601614,2
