time,best,best bound,gap %,status
3.9417755603790283,-1e+100,60.96566666666696,100.0,2
time,best,best bound,gap %,status
3.9417755603790283,12.494888888888887,60.96566666666696,387.92484037917967,2
time,best,best bound,gap %,status
4.010896682739258,15.053777777777768,15.05377777777784,4.838030127090231e-13,2
