time,best,best bound,gap %,status
18.923083782196045,-37.27360000000169,1e+100,2.6828640109888892e+100,2
time,best,best bound,gap %,status
23.011147022247314,-35.741050000003455,1e+100,2.797903251303203e+100,2
