time,best,best bound,gap %,status
6.715579271316528,-337.17600000000414,1e+100,2.9658101406979966e+99,2
time,best,best bound,gap %,status
9.574231147766113,-227.1180000000025,-211.1180000000025,7.044796097182885,2
time,best,best bound,gap %,status
9.578445196151733,-222.7180000000025,-222.7180000000025,0.0,2
