time,best,best bound,gap %,status
139.18484091758728,10.250100004546404,10.343950004546373,0.9156008230001917,2
time,best,best bound,gap %,status
139.2436089515686,10.275550004546403,10.286799528565707,0.10947855846476787,2
time,best,best bound,gap %,status
139.2714068889618,10.276600004546403,10.286799528565707,0.09924998554767296,2
time,best,best bound,gap %,status
139.31036400794983,10.277450004546402,10.286799528565707,0.09097124301425692,2
time,best,best bound,gap %,status
139.35951280593872,10.278400004546404,10.284700004546403,0.06129358652331953,2
time,best,best bound,gap %,status
139.3976378440857,10.279200004546404,10.284700004546403,0.053506109401188925,2
time,best,best bound,gap %,status
139.45991206169128,10.281200004546402,10.283650004546404,0.023829903113624793,2
time,best,best bound,gap %,status
142.16362690925598,10.281200000001819,10.282150004546404,0.009240210720388154,2
