time,best,best bound,gap %,status
19.70666813850403,9.377499999999895,9.822499999999874,4.745401226339472,2
time,best,best bound,gap %,status
19.757349967956543,9.497499999999896,9.555499999999896,0.6106870229007683,2
time,best,best bound,gap %,status
19.76680612564087,9.498999999999896,9.555499999999896,0.5947994525739593,2
time,best,best bound,gap %,status
19.784131288528442,9.504499999999895,9.555499999999896,0.5365879320322028,2
time,best,best bound,gap %,status
19.825753211975098,9.519999999999895,9.547499999999895,0.2888655462184891,2
time,best,best bound,gap %,status
19.858504056930542,9.520999999999896,9.546999999999896,0.2730805587648365,2
time,best,best bound,gap %,status
19.885648012161255,9.521999999999895,9.546999999999896,0.26254988447805744,2
time,best,best bound,gap %,status
19.89158821105957,9.531999999999895,9.546999999999896,0.15736466638691496,2
time,best,best bound,gap %,status
19.973917961120605,9.532999999999895,9.545999999999895,0.13636840448966792,2
time,best,best bound,gap %,status
19.98924207687378,9.534999999999895,9.545499999999896,0.11012060828527019,2
