time,best,best bound,gap %,status
0.9682085514068604,-1e+100,22.151944444444513,100.0,2
time,best,best bound,gap %,status
0.9781825542449951,1.4800000000000002,22.151944444444513,1396.7530030030075,2
time,best,best bound,gap %,status
0.9823713302612305,5.645555555555554,5.645555555555561,1.2585878019761667e-13,2
