time,best,best bound,gap %,status
4.232109069824219,-1e+100,51.643500000000046,100.0,2
time,best,best bound,gap %,status
4.234528064727783,10.770000000000008,51.643500000000046,379.5125348189415,2
time,best,best bound,gap %,status
4.239089250564575,10.770000000000008,14.546413742690053,35.06419445394653,2
