time,best,best bound,gap %,status
460.30232977867126,41.32120000000303,101.64605000000188,145.9900728923517,2
time,best,best bound,gap %,status
460.37524485588074,43.906150000002654,43.914150000001584,0.018220682066018696,2
