time,best,best bound,gap %,status
6.229758977890015,-337.17600000000414,1e+100,2.9658101406979966e+99,2
time,best,best bound,gap %,status
9.068351030349731,-57.79800000000154,-42.55800000000179,26.367694383887574,2
time,best,best bound,gap %,status
9.075121879577637,-55.878000000001535,-55.838000000001536,0.07158452342603179,2
