time,best,best bound,gap %,status
45.77289390563965,-5811.749999999996,1e+100,1.7206521271561932e+98,2
time,best,best bound,gap %,status
83.25081086158752,-1743.1699999999928,-1728.6000000000033,0.8358335675803013,2
time,best,best bound,gap %,status
83.2709128856659,-1741.809999999993,-1741.779999999993,0.0017223462949445027,2
