time,best,best bound,gap %,status
2061.77526307106,-0.5498999999999749,35.01399999999369,6467.339516274831,2
