time,best,best bound,gap %,status
1.5155770778656006,-360.02400000000137,1e+100,2.777592604937438e+99,2
time,best,best bound,gap %,status
1.82965087890625,-69.75600000000063,-62.076000000000626,11.009805608119633,2
time,best,best bound,gap %,status
1.8330280780792236,-68.63600000000062,-68.63600000000062,0.0,2
