time,best,best bound,gap %,status
69.55941891670227,70.2366666674056,1e+100,1.423757771329523e+100,2
time,best,best bound,gap %,status
363.5893142223358,407.78066666737,430.3326666673099,5.530424035118807,2
time,best,best bound,gap %,status
364.8116991519928,410.47933333403665,410.51666666737,0.009095057972855673,2
