time,best,best bound,gap %,status
2.29378604888916,-1053.2000000000028,1e+100,9.494872768704876e+98,2
time,best,best bound,gap %,status
3.0150132179260254,262.91999999999837,279.4799999999983,6.29849383842996,2
time,best,best bound,gap %,status
3.021078109741211,265.79999999999836,265.79999999999836,0.0,2
