time,best,best bound,gap %,status
243.1471347808838,3.5220500000003203,10.924949999995208,210.1872489031733,2
time,best,best bound,gap %,status
6833.850949764252,3.52325000000032,5.799975707878828,64.62004421708085,2
time,best,best bound,gap %,status
10016.630587816238,5.043550000000377,5.680716135218894,12.633286776545674,2
