time,best,best bound,gap %,status
7.5184478759765625,-83.2239999999992,1e+100,1.201576468326456e+100,2
time,best,best bound,gap %,status
9.08709979057312,-65.22399999999942,364.0379999998137,658.1350423154313,2
time,best,best bound,gap %,status
9.487239837646484,-33.72399999999957,-33.72400000000016,1.7487559918185585e-12,2
