time,best,best bound,gap %,status
398.2464210987091,2.981725000000305,10.224849999996302,242.9172710426098,2
