time,best,best bound,gap %,status
26.319310665130615,0.25275000000004105,20.47200000000001,7999.703264093642,2
time,best,best bound,gap %,status
26.800575971603394,2.1732499999999377,20.47200000000001,841.9993097895132,2
time,best,best bound,gap %,status
1033.505373954773,2.184299999999942,10.691590627732076,389.4744599062564,2
time,best,best bound,gap %,status
10811.670683860779,2.5014500000000783,10.523943028490628,320.71370718944206,2
