time,best,best bound,gap %,status
106.32339596748352,2.786449999999694,29.520500000000002,959.4304581098978,2
