time,best,best bound,gap %,status
504.4921360015869,6.356800000000458,17.1565749999945,169.89326390626204,2
time,best,best bound,gap %,status
2325.9997029304504,6.359525000000458,9.396235902120125,47.75059304145276,2
time,best,best bound,gap %,status
2333.2313809394836,6.406800000000458,9.396235902120125,46.66035933881897,2
time,best,best bound,gap %,status
5317.451402902603,9.121999999998982,9.350087723979966,2.500413549451978,2
