time,best,best bound,gap
0.24566173553466797,2.7326388888888884,7.017777777777797,156.81321473951792
time,best,best bound,gap
0.24566173553466797,2.7326388888888884,7.017777777777797,156.81321473951792
time,best,best bound,gap
0.24566173553466797,5.000000000000007,5.000000000000007,0.0
