time,best,best bound,gap %,status
69.65652775764465,-47.79600000000426,1e+100,2.0922252908191287e+100,2
time,best,best bound,gap %,status
105.16608786582947,-35.254500000004164,1e+100,2.8365173240292212e+100,2
