time,best,best bound,gap %,status
0.23000884056091309,11.384027777777769,17.312361111110967,52.07588604892217,2
time,best,best bound,gap %,status
0.23000884056091309,11.384027777777769,17.312361111110967,52.07588604892217,2
time,best,best bound,gap %,status
0.23000884056091309,14.628611111110954,14.628611111110954,0.0,2
