time,best,best bound,gap %,status
20.163201093673706,-6089.999999999995,1e+100,1.6420361247947468e+98,2
time,best,best bound,gap %,status
39.00781989097595,-1903.0649999999978,-1890.025000000009,0.6852104368473403,2
time,best,best bound,gap %,status
39.030559062957764,-1901.1849999999977,-1901.0649999999978,0.006311852870703851,2
