time,best,best bound,gap %,status
2.6817171573638916,6.466999999999992,7.789999999999975,20.457708365547937,2
time,best,best bound,gap %,status
2.7053661346435547,6.998999999999992,7.078671157059307,1.138322003990788,2
time,best,best bound,gap %,status
2.7201220989227295,7.014499999999992,7.078671157059307,0.9148357981226737,2
time,best,best bound,gap %,status
2.7392470836639404,7.044999999999992,7.059333333333325,0.2034539862786814,2
