time,best,best bound,gap %,status
14.606011152267456,-53.630400000001835,1e+100,1.864614099465911e+100,2
