time,best,best bound,gap %,status
12.974657773971558,-24.864000000000058,1e+100,4.0218790218790126e+100,2
time,best,best bound,gap %,status
19.575894117355347,-9.819999999999325,-9.819999999999325,0.0,2
