time,best,best bound,gap %,status
84.1842679977417,3.468499999999906,37.46175,980.0562202681567,2
time,best,best bound,gap %,status
402.16461300849915,5.279800000000971,17.316399999999998,227.97454449026128,2
