time,best,best bound,gap %,status
1.166368007659912,-325.5840000000017,1e+100,3.071404000196554e+99,2
time,best,best bound,gap %,status
1.2970468997955322,-312.50400000000093,177.9559999999997,156.94519110155363,2
time,best,best bound,gap %,status
1.3280928134918213,-290.70400000000075,-290.70400000000075,0.0,2
