time,best,best bound,gap %,status
3.424077272415161,8.486499999999987,10.654999999999987,25.5523478465799,2
time,best,best bound,gap %,status
3.4746451377868652,8.807999999999987,9.320503516329953,5.818613945617243,2
time,best,best bound,gap %,status
3.487173318862915,8.843499999999988,9.320503516329953,5.393831812404206,2
time,best,best bound,gap %,status
3.515867233276367,8.853499999999988,9.320503516329953,5.274789815665739,2
time,best,best bound,gap %,status
3.517756223678589,8.913499999999987,9.320503516329953,4.566147039097632,2
time,best,best bound,gap %,status
3.550469160079956,9.162499999999987,9.258914678925153,1.0522748040945835,2
time,best,best bound,gap %,status
3.551870346069336,9.186499999999988,9.258914678925153,0.7882727798962094,2
time,best,best bound,gap %,status
4.002167224884033,9.186500002552622,9.200729966271831,0.15490081875856485,2
time,best,best bound,gap %,status
4.500471115112305,9.186500004287707,9.194243072435574,0.08428746687262184,2
