time,best,best bound,gap %,status
29.643215894699097,-6.02000000025749,1e+100,1.661129568035262e+101,2
time,best,best bound,gap %,status
66.76008200645447,297.90399999973044,311.03999999972217,4.409474193029839,2
time,best,best bound,gap %,status
66.83126592636108,299.31999999973044,299.3999999997304,0.026727248429792905,2
time,best,best bound,gap %,status
66.86336016654968,299.3759999997304,299.3999999997304,0.008016674683348872,2
