time,best,best bound,gap %,status
3.2637858390808105,-325.5840000000017,1e+100,3.071404000196554e+99,2
time,best,best bound,gap %,status
4.001508951187134,-87.95400000000119,-67.55400000000161,23.193942288013396,2
time,best,best bound,gap %,status
4.005583047866821,-83.39400000000118,-83.39400000000118,0.0,2
