time,best,best bound,gap %,status
888.4978811740875,4.880925000000494,15.645074999989316,220.53504202559412,2
