time,best,best bound,gap %,status
7.310931444168091,-564.4800000000001,1e+100,1.7715419501133785e+99,2
time,best,best bound,gap %,status
7.52962851524353,-451.7920000000049,-442.0720000000049,2.15143251761871,2
time,best,best bound,gap %,status
7.52962851524353,-445.0720000000049,-445.0720000000049,0.0,2
