time,best,best bound,gap %,status
8.999229669570923,-61.76000000000002,1e+100,1.6191709844559583e+100,2
time,best,best bound,gap %,status
9.2398202419281,-47.45000000000002,119.91200000000059,352.7123287671244,2
time,best,best bound,gap %,status
9.441389560699463,-42.472000000000016,-42.472000000000115,2.34215443130566e-13,2
