time,best,best bound,gap %,status
87.94127988815308,-162.5960000000068,1e+100,6.150212797362532e+99,2
time,best,best bound,gap %,status
186.49898767471313,-4.656000000005295,12.301999999994303,364.21821305799637,2
time,best,best bound,gap %,status
187.22501587867737,-2.298000000005308,-2.2920000000052956,0.26109660574405397,2
