time,best,best bound,gap %,status
94.38848495483398,1.8834777777774583,39.25866666666915,1984.3711101808258,2
time,best,best bound,gap %,status
96.05396604537964,3.6669999999997893,39.25866666666915,970.5935824017292,2
time,best,best bound,gap %,status
7400.608403205872,3.78992222222202,16.570786827062257,337.2328996595305,2
