time,best,best bound,gap %,status
234.13845801353455,-1.311999999999911,43.24799999999986,3396.341463414847,2
time,best,best bound,gap %,status
239.84232187271118,26.057500000001866,26.409000000000564,1.348939844569404,2
