time,best,best bound,gap %,status
222.80662178993225,141.34444443869933,1e+100,7.0749154943525e+99,2
time,best,best bound,gap %,status
2666.6003110408783,870.3306666608275,870.3733333274942,0.004902351290263399,2
