time,best,best bound,gap %,status
23.268195152282715,-34.74880000000333,1e+100,2.877797218896492e+100,2
time,best,best bound,gap %,status
31.256826877593994,-19.66879999999879,204.26729999934255,1138.5346335279992,2
time,best,best bound,gap %,status
36.62112307548523,6.25120000000252,6.25120000000252,0.0,2
