time,best,best bound,gap %,status
5.7805657386779785,2.1560000000000006,8.963000000000035,315.72356215213506,2
time,best,best bound,gap %,status
5.782302141189575,3.297500000000002,8.963000000000035,171.8119787717977,2
time,best,best bound,gap %,status
5.801565885543823,4.201500000000003,4.317214285714286,2.754118427092298,2
