time,best,best bound,gap %,status
1670.9582719802856,66.34304999999696,173.2754499999929,161.18101293202653,2
time,best,best bound,gap %,status
1699.4530181884766,70.3251999999989,71.14679999999349,1.1682867592194577,2
time,best,best bound,gap %,status
1699.8188111782074,71.1361999999993,71.14679999999349,0.014900992735322489,2
