time,best,best bound,gap %,status
23.191477060317993,180.12515555597028,1e+100,5.551695413743974e+99,2
time,best,best bound,gap %,status
25.781758069992065,279.6211111115033,295.6717777781436,5.740148375363501,2
time,best,best bound,gap %,status
25.858707904815674,284.15977777816994,284.2211111115033,0.02158410096352901,2
time,best,best bound,gap %,status
25.87553095817566,284.1944444448366,284.2211111115033,0.009383246994427217,2
