time,best,best bound,gap %,status
20.187179565429688,-37.27360000000169,1e+100,2.6828640109888892e+100,2
