time,best,best bound,gap %,status
29.4163019657135,17.13000000000001,36.038999999999966,110.38528896672473,2
time,best,best bound,gap %,status
29.52967095375061,19.327000000000023,19.828770502645533,2.596215153130383,2
