time,best,best bound,gap %,status
3.8932762145996094,-59.99199999999936,1e+100,1.6668889185224876e+100,2
time,best,best bound,gap %,status
4.2219319343566895,-36.049999999999464,182.8480000000008,607.2066574202595,2
time,best,best bound,gap %,status
4.467146873474121,-25.947999999999794,-25.948000000000107,1.2048666707817426e-12,2
