time,best,best bound,gap %,status
159.524906873703,-177.8427777777767,1e+100,5.622944111059428e+99,2
time,best,best bound,gap %,status
326.51074290275574,-9.948222222208955,22.289111111122697,324.0511984278283,2
time,best,best bound,gap %,status
326.65813183784485,-6.140222222208937,-6.140222222208955,2.8929846105166017e-13,2
