time,best,best bound,gap %,status
15.340852975845337,5.614600000660145,5.735100000660134,2.1461902893495743,2
time,best,best bound,gap %,status
15.38019609451294,5.652450000660145,5.659314235328985,0.12143822002916348,2
time,best,best bound,gap %,status
15.387984991073608,5.6529500006601445,5.659314235328985,0.11258253952533082,2
time,best,best bound,gap %,status
15.395750999450684,5.653450000660145,5.659314235328985,0.10372842544207567,2
time,best,best bound,gap %,status
15.407984972000122,5.654300000660145,5.658096713596332,0.06714735574241931,2
time,best,best bound,gap %,status
15.416712045669556,5.655600000660145,5.658096713596332,0.044145854301856996,2
time,best,best bound,gap %,status
15.485795021057129,5.655950000660145,5.656266667326811,0.005598823657025971,2
