time,best,best bound,gap %,status
4.95671820640564,18.272000000004518,1e+100,5.472854640979382e+100,2
time,best,best bound,gap %,status
5.5073792934417725,172.2840000000068,183.7720000000068,6.668059715353454,2
time,best,best bound,gap %,status
5.5329389572143555,175.50000000000682,175.52400000000682,0.013675213675213663,2
time,best,best bound,gap %,status
5.539109230041504,175.52400000000682,175.52400000000682,0.0,2
