time,best,best bound,gap %,status
27.148137092590332,-81.04133333333229,1e+100,1.2339382372781128e+100,2
time,best,best bound,gap %,status
34.67313003540039,21.502666666669832,36.45733333333649,69.5479630433332,2
time,best,best bound,gap %,status
34.83222198486328,24.630666666669843,24.652000000003163,0.08661289449460391,2
time,best,best bound,gap %,status
35.0676691532135,24.63600000000318,24.649333333336497,0.05412134004430887,2
