time,best,best bound,gap %,status
9.088324069976807,36.211500000000115,156.4345000000001,332.002264473992,2
time,best,best bound,gap %,status
9.091232061386108,46.83900000000074,46.839000000000084,1.395630386855573e-12,2
