time,best,best bound,gap %,status
27.36187982559204,-36.36800000000218,1e+100,2.7496700395950836e+100,2
time,best,best bound,gap %,status
35.17104983329773,-34.83695000000422,1e+100,2.870515357974446e+100,2
