time,best,best bound,gap %,status
0.4592278003692627,10.204999999999995,22.322222222222113,118.73809134955535,2
time,best,best bound,gap %,status
0.4592278003692627,10.204999999999995,22.322222222222113,118.73809134955535,2
time,best,best bound,gap %,status
0.4592278003692627,16.56597222222208,16.565972222222086,4.289170150888925e-14,2
