time,best,best bound,gap %,status
17.750566720962524,192.17922222221924,445.0064444444373,131.55804217475227,2
time,best,best bound,gap %,status
17.75656223297119,192.17922222221924,445.0064444444373,131.55804217475227,2
time,best,best bound,gap %,status
18.53542995452881,225.40088888883693,225.40088888883693,0.0,2
