time,best,best bound,gap %,status
14.59564733505249,-68.80050000000132,1e+100,1.453477809027523e+100,2
time,best,best bound,gap %,status
16.083479166030884,-60.700500000001654,360.6779999989101,694.192799069036,2
time,best,best bound,gap %,status
17.8471941947937,-57.57250000000164,-57.57250000000164,0.0,2
