time,best,best bound,gap %,status
22.54924488067627,-408.17000000000013,1e+100,2.4499595756670005e+99,2
time,best,best bound,gap %,status
38.26137971878052,-82.42499999999987,-65.04099999999987,21.090688504701276,2
time,best,best bound,gap %,status
38.30091595649719,-80.09699999999987,-65.04099999999987,18.797208384833418,2
