time,best,best bound,gap %,status
2.6568660736083984,9.827500000000006,23.911500000000004,143.3121343169676,2
time,best,best bound,gap %,status
2.664591073989868,11.29650000000002,11.439500000000004,1.265878812021285,2
time,best,best bound,gap %,status
2.6659839153289795,11.40700000000002,11.439500000000004,0.2849127728586359,2
