time,best,best bound,gap %,status
357.879114151001,3.329700000000426,14.224499999999916,327.2006487070335,2
time,best,best bound,gap %,status
362.4720878601074,6.0013500000002535,14.224499999999916,137.02167012421066,2
