time,best,best bound,gap %,status
18.619193077087402,-47.79600000000426,1e+100,2.0922252908191287e+100,2
time,best,best bound,gap %,status
23.73902678489685,-32.996000000000244,412.2223999996999,1349.3102194196172,2
time,best,best bound,gap %,status
24.51920986175537,-7.095999999999075,-7.096000000000051,1.3755750891355199e-11,2
