time,best,best bound,gap %,status
2.7673051357269287,-1e+100,65.77333333333382,100.0,2
time,best,best bound,gap %,status
2.7782742977142334,3.0668055555555447,65.77333333333382,2044.6854762012827,2
time,best,best bound,gap %,status
2.8461153507232666,3.0668055555555447,18.451794987922693,501.66171782547826,2
time,best,best bound,gap %,status
2.9345591068267822,17.66805555555554,18.451794987922693,4.435912202691221,2
time,best,best bound,gap %,status
2.956542730331421,17.66805555555554,18.162210648148132,2.796884416843541,2
time,best,best bound,gap %,status
3.0084033012390137,18.12152777777776,18.162210648148132,0.22450022354219293,2
time,best,best bound,gap %,status
3.0103986263275146,18.12152777777776,18.12152777777776,0.0,2
