time,best,best bound,gap %,status
19.912597179412842,-26.328711111110664,1e+100,3.798135031296697e+100,2
time,best,best bound,gap %,status
25.743542909622192,2.144622222221065,2.144622222221065,0.0,2
