time,best,best bound,gap %,status
0.8454489707946777,-360.02400000000137,1e+100,2.777592604937438e+99,2
time,best,best bound,gap %,status
0.9667470455169678,-346.94400000000087,146.46999999999932,142.21718778823066,2
time,best,best bound,gap %,status
0.9957020282745361,-325.1440000000008,-325.1440000000008,0.0,2
