time,best,best bound,gap %,status
1025.9026119709015,6.736688888888663,20.502088888890125,204.33480344781526,2
time,best,best bound,gap %,status
1121.1041169166565,8.673677777777607,9.34849395184958,7.780046611840771,2
time,best,best bound,gap %,status
1225.1096019744873,8.675799999999828,8.854658173706337,2.061575574661844,2
