time,best,best bound,gap %,status
60.171204805374146,-37.76266666666803,1e+100,2.6481180707576193e+100,2
