time,best,best bound,gap %,status
3.000490665435791,-281.5680000000001,1e+100,3.551539947721331e+99,2
time,best,best bound,gap %,status
3.1835756301879883,-205.5080000000001,-205.5080000000001,0.0,2
