time,best,best bound,gap %,status
32.63317823410034,-555.850000000007,1e+100,1.7990465053521408e+99,2
time,best,best bound,gap %,status
45.123884201049805,-492.8980000000019,1076.7639999971439,318.45574540719167,2
time,best,best bound,gap %,status
48.83541417121887,-382.1860000000001,-382.1860000000001,0.0,2
