time,best,best bound,gap %,status
2.1092779636383057,-325.5840000000017,1e+100,3.071404000196554e+99,2
time,best,best bound,gap %,status
2.7670109272003174,-61.254000000000765,-51.97400000000095,15.150031018381984,2
time,best,best bound,gap %,status
2.77024507522583,-59.85400000000077,-59.85400000000077,0.0,2
