time,best,best bound,gap %,status
5.9683637619018555,20.27700000000002,62.82000000000012,209.80914336440333,2
time,best,best bound,gap %,status
5.976437091827393,20.50450000000002,20.50450000000003,3.465301449731032e-14,2
