time,best,best bound,gap %,status
7.187856197357178,-54.13440000000152,1e+100,1.8472542412956864e+100,2
time,best,best bound,gap %,status
8.9668447971344,-45.99439999999907,191.6451999999039,516.6707251315547,2
time,best,best bound,gap %,status
9.975383043289185,-31.194399999998737,191.6451999999039,714.3577052288605,2
