time,best,best bound,gap %,status
0.617070198059082,-1e+100,29.7762500000001,100.0,2
time,best,best bound,gap %,status
0.617070198059082,4.90333333333333,29.7762500000001,507.26546566961497,2
time,best,best bound,gap %,status
0.617070198059082,5.6455555555555526,5.645555555555561,1.573234752470209e-13,2
