time,best,best bound,gap %,status
0.8326170444488525,4.569999999999999,6.499999999999986,42.23194748358833,2
time,best,best bound,gap %,status
0.8616490364074707,5.25,5.31,1.1428571428571355,2
time,best,best bound,gap %,status
0.8897740840911865,5.27,5.286999999999999,0.3225806451612801,2
