time,best,best bound,gap %,status
4.655059099197388,-2093.300000000112,1e+100,4.77714613289995e+98,2
time,best,best bound,gap %,status
7.461862087249756,441.5399999998778,458.4599999998778,3.8320423970658823,2
time,best,best bound,gap %,status
7.4750330448150635,443.4599999998778,443.4999999998778,0.009019979254041998,2
