time,best,best bound,gap %,status
391.05416202545166,2.242950000000167,11.27649999999997,402.7530707327016,2
time,best,best bound,gap %,status
396.8703610897064,4.147550000000428,11.27649999999997,171.88340104396104,2
