time,best,best bound,gap %,status
208.5594720840454,-861.3750000000167,1e+100,1.1609345523145907e+99,2
time,best,best bound,gap %,status
553.7929239273071,-226.74850000000956,-219.74450000000957,3.0888848217296676,2
time,best,best bound,gap %,status
553.9980518817902,-226.68850000000955,-226.68850000000955,0.0,2
