time,best,best bound,gap %,status
24.447790145874023,1.9055555555552401,24.41423333334241,1181.2134110794057,2
time,best,best bound,gap %,status
25.017755270004272,3.8296222222220138,24.41423333334241,537.5102272927809,2
time,best,best bound,gap %,status
70.2605550289154,4.716055555854049,12.74530953514759,170.25359188839093,2
time,best,best bound,gap %,status
422.9929893016815,9.376655555557008,12.329194400847229,31.488187102494337,2
time,best,best bound,gap %,status
931.3010103702545,9.569811111553959,12.20096153757088,27.494277529054294,2
