time,best,best bound,gap %,status
197.64177298545837,3.3303500000001907,46.74875,1303.7188283512944,2
time,best,best bound,gap %,status
200.35102486610413,4.333550000000338,46.74875,978.7633695237474,2
