time,best,best bound,gap %,status
13.127439975738525,-87.00799999999953,1e+100,1.1493196027951514e+100,2
