time,best,best bound,gap %,status
13.22522783279419,-42.56124444444571,1e+100,2.3495553597011917e+100,2
time,best,best bound,gap %,status
18.879727840423584,-35.007911111110985,236.88071111092842,776.6490875707979,2
time,best,best bound,gap %,status
22.195788860321045,-21.27457777777787,-21.27457777777787,0.0,2
time,best,best bound,gap %,status
22.29676580429077,-21.27457777777667,-21.27457777777787,5.644376287876029e-12,2
