time,best,best bound,gap %,status
0.8604738712310791,-208.78400000000107,1e+100,4.789639052800957e+99,2
time,best,best bound,gap %,status
0.9323756694793701,175.18599999999978,184.46599999999978,5.297226947358815,2
time,best,best bound,gap %,status
0.9355597496032715,176.58599999999979,176.58599999999979,0.0,2
