time,best,best bound,gap %,status
16.223267078399658,-628.740000000002,1e+100,1.590482552406395e+99,2
time,best,best bound,gap %,status
23.42487907409668,-139.529999999994,-116.68999999999399,16.369239590053034,2
time,best,best bound,gap %,status
23.433812141418457,-137.409999999994,-137.409999999994,0.0,2
