time,best,best bound,gap %,status
92.263267993927,3.2885499999994052,35.43675,977.5797844036555,2
time,best,best bound,gap %,status
93.94332313537598,3.5824999999993676,35.43675,889.1625959527219,2
