time,best,best bound,gap %,status
44.29296374320984,-34.74880000000333,1e+100,2.877797218896492e+100,2
time,best,best bound,gap %,status
63.334413051605225,4.1602000000015655,27.216200000001095,554.2041248014724,2
time,best,best bound,gap %,status
63.383704662323,7.032200000001568,7.032200000001565,3.7890493147233886e-14,2
