time,best,best bound,gap %,status
10.482649087905884,-1484.6999999999948,1e+100,6.735367414292473e+98,2
time,best,best bound,gap %,status
15.335009098052979,-418.28999999999775,-401.20999999999816,4.08329149633022,2
time,best,best bound,gap %,status
15.348773002624512,-416.32999999999777,-416.20999999999776,0.028823289217689136,2
time,best,best bound,gap %,status
15.351586103439331,-416.2499999999977,-416.20999999999776,0.009609609609600922,2
