time,best,best bound,gap %,status
3.242690086364746,-1442.9100000000033,1e+100,6.930439181930943e+98,2
time,best,best bound,gap %,status
4.8288490772247314,323.2199999999945,344.45999999999447,6.5713755336923185,2
time,best,best bound,gap %,status
4.842165946960449,326.2199999999945,326.2999999999945,0.02452332781558011,2
time,best,best bound,gap %,status
4.847492933273315,326.25999999999453,326.2999999999945,0.012260160608093023,2
