time,best,best bound,gap %,status
299.8982763290405,57.27500399999161,174.13285000009125,204.02939823472863,2
time,best,best bound,gap %,status
300.02818989753723,57.27500399999161,174.13285000009125,204.02939823472863,2
time,best,best bound,gap %,status
518.354062795639,57.27500399999161,174.13285000009125,204.02939823472863,2
