time,best,best bound,gap %,status
23.796356916427612,-265.9750000000065,1e+100,3.759751856377387e+99,2
time,best,best bound,gap %,status
31.168583869934082,-227.89500000000206,722.3129999978187,416.94991114232965,2
time,best,best bound,gap %,status
33.372928619384766,-160.70900000000069,-160.70900000000069,0.0,2
