time,best,best bound,gap %,status
7.001568078994751,-1373.399999999999,1e+100,7.281199941750406e+98,2
time,best,best bound,gap %,status
10.184263944625854,-377.7299999999993,-353.1299999999993,6.5125883567627705,2
time,best,best bound,gap %,status
10.19523000717163,-374.4099999999993,-374.4099999999993,0.0,2
