time,best,best bound,gap %,status
182.20863103866577,9.581900000001928,31.5140999999986,228.8919734081159,2
time,best,best bound,gap %,status
183.35570096969604,11.981400000004909,12.454149999998597,3.9456991669879518,2
time,best,best bound,gap %,status
183.43055701255798,12.006150000004931,12.454149999998597,3.731420980026752,2
time,best,best bound,gap %,status
183.4978859424591,12.154650000004937,12.454149999998597,2.4640775340592995,2
