time,best,best bound,gap %,status
167.80455708503723,4.253299999999827,46.74875,999.1171560906098,2
