time,best,best bound,gap %,status
10.550832986831665,-54.13440000000152,1e+100,1.8472542412956864e+100,2
time,best,best bound,gap %,status
12.549027919769287,-40.80180000000206,1e+100,2.450872265439146e+100,2
