time,best,best bound,gap %,status
68.62863326072693,38.238499999999554,118.49100000000062,209.87355675563114,2
time,best,best bound,gap %,status
68.64034581184387,41.07149999999992,41.071500000000626,1.7127139461731385e-12,2
