time,best,best bound,gap %,status
1.740807056427002,11.759000000000029,22.22549999999974,89.0084190832527,2
time,best,best bound,gap %,status
1.741804599761963,11.759000000000029,22.22549999999974,89.0084190832527,2
time,best,best bound,gap %,status
1.7647418975830078,16.673000000000098,16.673000000000098,0.0,2
