time,best,best bound,gap %,status
13.595125913619995,-1e+100,25.035500000000024,100.0,2
time,best,best bound,gap %,status
13.59711503982544,11.607499999999991,25.035500000000024,115.68382511307382,2
time,best,best bound,gap %,status
13.603975296020508,17.505499999999994,17.505499999999994,0.0,2
