time,best,best bound,gap %,status
7.9333250522613525,-1492.0499999999904,1e+100,6.702188264468391e+98,2
time,best,best bound,gap %,status
9.058677911758423,-1331.329999999998,917.1049999994013,168.88637678106875,2
time,best,best bound,gap %,status
9.316778898239136,-1049.579999999998,-1049.5799999999988,6.498990323078731e-14,2
