time,best,best bound,gap %,status
799.7068650722504,4.875825000000493,15.645074999989316,220.87031425425923,2
