time,best,best bound,gap %,status
26.429683923721313,-242.67500000000928,1e+100,4.120737612032396e+99,2
time,best,best bound,gap %,status
36.44520425796509,-204.60300000000203,804.2129999974345,493.0602190571138,2
time,best,best bound,gap %,status
38.625651121139526,-137.17700000000124,-137.17700000000124,0.0,2
