time,best,best bound,gap %,status
24.01376986503601,-394.6599999999994,1e+100,2.533826584908533e+99,2
time,best,best bound,gap %,status
52.69370698928833,-346.7479999999949,787.5669999975138,327.12950038573416,2
time,best,best bound,gap %,status
55.26841878890991,-262.33399999999733,-262.33399999999915,6.93386828831137e-13,2
