time,best,best bound,gap %,status
48.13792610168457,-0.5208000000000336,1e+100,1.9201228878646997e+102,2
time,best,best bound,gap %,status
82.30836391448975,-0.42375555555559213,39.23666666666912,9359.268970580304,2
time,best,best bound,gap %,status
4779.541872024536,3.9567888888886977,16.355523325322764,313.3534485817961,2
