time,best,best bound,gap %,status
271.2915391921997,-315.25499999996924,1e+100,3.172035336473958e+99,2
time,best,best bound,gap %,status
856.8534760475159,-52.07699999998823,-34.828999999988234,33.12018741479712,2
time,best,best bound,gap %,status
894.4889891147614,-50.22899999998823,-50.22899999998823,0.0,2
