time,best,best bound,gap %,status
1.8932223320007324,5.783999999999986,7.289999999999968,26.03734439834001,2
time,best,best bound,gap %,status
1.9177601337432861,6.449499999999985,6.505993908382052,0.8759424510747679,2
time,best,best bound,gap %,status
1.9214982986450195,6.479999999999985,6.505993908382052,0.40114056145165294,2
time,best,best bound,gap %,status
1.9335131645202637,6.484999999999985,6.505993908382052,0.3237302757450611,2
