time,best,best bound,gap %,status
171.43176126480103,3.8898999999998303,11.57216666666563,197.49265191048963,2
time,best,best bound,gap %,status
3692.6792402267456,3.9033666666664972,5.710347711957639,46.292885081029716,2
time,best,best bound,gap %,status
6252.341605186462,4.843100000000738,5.589661657634724,15.414954422454057,2
