time,best,best bound,gap %,status
0.8931701183319092,-208.78400000000107,1e+100,4.789639052800957e+99,2
time,best,best bound,gap %,status
0.95318603515625,176.34599999999975,186.54599999999976,5.784083562995493,2
time,best,best bound,gap %,status
0.9600141048431396,179.62599999999975,179.66599999999974,0.022268491198374457,2
time,best,best bound,gap %,status
0.9632413387298584,179.66599999999974,179.66599999999974,0.0,2
