time,best,best bound,gap
0.5816121101379395,10.119000000000002,16.73899999999994,65.42148433639626
time,best,best bound,gap
0.5826191902160645,10.119000000000002,16.73899999999994,65.42148433639626
time,best,best bound,gap
0.671093225479126,12.496999999999941,12.496999999999941,0.0
