time,best,best bound,gap %,status
0.6704010963439941,11.656111111111102,29.195972222222103,150.47781325961503,2
time,best,best bound,gap %,status
0.6704010963439941,11.656111111111102,29.195972222222103,150.47781325961503,2
time,best,best bound,gap %,status
0.6860237121582031,18.594027777777615,18.594027777777622,3.821349221653283e-14,2
