time,best,best bound,gap %,status
5.1663830280303955,-90.7279999999995,1e+100,1.1021955735825827e+100,2
time,best,best bound,gap %,status
6.4634270668029785,14.0060000000022,20.184000000001873,44.10966728543984,2
time,best,best bound,gap %,status
6.481178045272827,15.238000000002199,15.30400000000219,0.433127707048053,2
time,best,best bound,gap %,status
6.485951900482178,15.2780000000022,15.30400000000219,0.1701793428458383,2
