time,best,best bound,gap %,status
50.66565179824829,-71.61699999999446,1e+100,1.3963165170281877e+100,2
time,best,best bound,gap %,status
64.52531790733337,-51.699666666661024,530.6626666679101,1126.4334392896822,2
time,best,best bound,gap %,status
70.24374389648438,-16.22700000000035,-16.22700000000035,0.0,2
