time,best,best bound,gap %,status
14.794124841690063,-0.32350000000000034,16.275,5130.91190108191,2
time,best,best bound,gap %,status
15.053849935531616,1.9129999999999001,16.275,750.7579717721301,2
time,best,best bound,gap %,status
3078.9770958423615,5.153000000000057,8.718,69.18300019405983,2
time,best,best bound,gap %,status
7969.719556808472,5.1560000000000565,8.597,66.73778122575456,2
