time,best,best bound,gap %,status
5.566681861877441,-57.975999999999246,1e+100,1.7248516627570254e+100,2
time,best,best bound,gap %,status
6.73837685585022,-36.967999999999506,-36.96799999999997,1.2493312547177865e-12,2
