time,best,best bound,gap %,status
2.5219850540161133,-2.325499999999993,16.169999999999977,795.3343367017858,2
time,best,best bound,gap %,status
2.5565881729125977,1.9049999999999814,16.169999999999977,748.8188976378024,2
time,best,best bound,gap %,status
40.9893319606781,6.25499999999997,8.767358920188185,40.16561023482378,2
time,best,best bound,gap %,status
45.132641077041626,6.534999999999969,8.671171952964302,32.68817066510089,2
time,best,best bound,gap %,status
193.30551505088806,6.564999999999968,8.551347678614556,30.256628767929893,2
time,best,best bound,gap %,status
228.91670393943787,6.609999999999969,8.551347678614556,29.369858980553648,2
time,best,best bound,gap %,status
325.4250020980835,6.67499999999997,8.506686267801173,27.440992776048123,2
time,best,best bound,gap %,status
463.3787999153137,6.9149999999999645,8.428491419544462,21.887077650679764,2
time,best,best bound,gap %,status
463.3916161060333,6.929999999999964,8.428491419544462,21.62325280728003,2
time,best,best bound,gap %,status
560.9856688976288,6.9599999999999635,8.375359237448638,20.33562122771095,2
time,best,best bound,gap %,status
673.0116610527039,6.989999999999965,8.321266800360899,19.045304726193717,2
time,best,best bound,gap %,status
743.7982540130615,7.034999999999964,8.286015871668637,17.782741601544842,2
time,best,best bound,gap %,status
1017.0370280742645,7.039999999999964,8.245391777716204,17.12204229710578,2
time,best,best bound,gap %,status
1017.0469930171967,7.054999999999963,8.245391777716204,16.873023071810728,2
time,best,best bound,gap %,status
1353.0212638378143,7.114999999999966,8.245391777716204,15.887445927143274,2
time,best,best bound,gap %,status
1353.0309240818024,7.1199999999999655,8.245391777716204,15.806064293767472,2
time,best,best bound,gap %,status
1381.03941988945,7.134999999999965,8.245391777716204,15.562603752154791,2
time,best,best bound,gap %,status
1553.0223789215088,7.149999999999965,8.245391777716204,15.320164723304119,2
time,best,best bound,gap %,status
1686.787281036377,7.154999999999965,8.245391777716204,15.23957760609706,2
