time,best,best bound,gap %,status
37.347289085388184,-79.87199999999946,1e+100,1.2520032051282137e+100,2
