time,best,best bound,gap %,status
14.358860969543457,-43.13493333333437,1e+100,2.3183065852270766e+100,2
time,best,best bound,gap %,status
17.340923070907593,-37.57651111111716,1e+100,2.6612369547638656e+100,2
