time,best,best bound,gap %,status
59.21259880065918,1.6164999999996699,37.98099999999682,2249.582431178755,2
time,best,best bound,gap %,status
60.22762870788574,3.4554500000003596,37.98099999999682,999.1621930571376,2
time,best,best bound,gap %,status
2801.1919898986816,3.5900000000004137,16.014500000000005,346.0863509748791,2
