time,best,best bound,gap %,status
30.61396312713623,46.61300000000069,119.67900000000003,156.75026280221886,2
