time,best,best bound,gap %,status
67.42815613746643,1.6990888888885862,34.89733333333384,1953.8850887407662,2
time,best,best bound,gap %,status
68.5643801689148,3.493666666666477,34.89733333333384,898.8741532297224,2
time,best,best bound,gap %,status
3490.6776490211487,3.644133333333154,15.651620202163057,329.5018532663595,2
