time,best,best bound,gap %,status
39.90909790992737,-154.37999999999928,1e+100,6.477522995206664e+99,2
time,best,best bound,gap %,status
58.264947175979614,-3.8520000000009804,15.595999999998874,504.8805815159633,2
time,best,best bound,gap %,status
58.30010199546814,-2.1320000000009793,-2.132000000000981,8.331880109753445e-14,2
