time,best,best bound,gap %,status
52.18498682975769,7.445450000000197,7.526850000000197,1.0932851607357152,2
time,best,best bound,gap %,status
52.232603788375854,7.463850000000197,7.47594975282717,0.16211141471188417,2
time,best,best bound,gap %,status
52.248908042907715,7.4640500000001975,7.47594975282717,0.15942756046613502,2
time,best,best bound,gap %,status
52.26874804496765,7.465700000000197,7.47594975282717,0.13729124967481798,2
time,best,best bound,gap %,status
52.32216691970825,7.4674500000001975,7.473150000000197,0.0763312777454017,2
time,best,best bound,gap %,status
52.333576917648315,7.4678500000001975,7.473100000000197,0.07030135849004963,2
time,best,best bound,gap %,status
52.428515911102295,7.468800000000197,7.472750000000197,0.05288667523564122,2
time,best,best bound,gap %,status
52.438599824905396,7.469100000000197,7.472750000000197,0.04886800283835256,2
time,best,best bound,gap %,status
52.456156969070435,7.470100000000198,7.470300000000197,0.002677340330109752,2
