time,best,best bound,gap %,status
3.6252481937408447,-628.740000000002,1e+100,1.590482552406395e+99,2
time,best,best bound,gap %,status
4.1790971755981445,-605.6399999999974,406.1599999998696,167.06294168150572,2
time,best,best bound,gap %,status
4.29876708984375,-567.1399999999977,-567.1399999999995,3.20730225966404e-13,2
