time,best,best bound,gap %,status
130.20986413955688,3.1706499999994753,38.06125,1100.4242032392822,2
time,best,best bound,gap %,status
132.53058409690857,3.5588999999993396,38.06125,969.466689145721,2
