time,best,best bound,gap %,status
13.33208179473877,-42.56124444444571,1e+100,2.3495553597011917e+100,2
time,best,best bound,gap %,status
17.724028825759888,-27.745244444444385,156.51937777779816,664.1304696060772,2
time,best,best bound,gap %,status
20.230005025863647,-2.842577777777744,-2.842577777777744,0.0,2
