time,best,best bound,gap %,status
9.559453964233398,3.4355000000000064,28.01499999999971,715.4562654635325,2
time,best,best bound,gap %,status
9.670109033584595,8.50799999999997,28.01499999999971,229.27832628114487,2
time,best,best bound,gap %,status
34.34997487068176,8.52349999999997,24.32050000000002,185.33466299055675,2
time,best,best bound,gap %,status
34.46802592277527,8.55449999999997,24.32050000000002,184.3006604710983,2
time,best,best bound,gap %,status
52.4859619140625,14.068999999999988,24.00850000000002,70.64823370530982,2
time,best,best bound,gap %,status
53.181156873703,16.649500000000053,24.00850000000002,44.19952551127627,2
time,best,best bound,gap %,status
100.20832991600037,19.00649999999999,23.07400000000002,21.400573488017432,2
time,best,best bound,gap %,status
110.63799095153809,21.905499999999925,22.90650000000002,4.569628632079144,2
time,best,best bound,gap %,status
110.7636239528656,21.936499999999924,22.90650000000002,4.4218539876466085,2
time,best,best bound,gap %,status
113.84660267829895,22.771999999999935,22.905500000000018,0.5862462673462304,2
time,best,best bound,gap %,status
142.79315495491028,22.846999999999934,22.902000000000022,0.24073182474761978,2
