time,best,best bound,gap %,status
134.835875749588,-31.629600000005485,1e+100,3.1615954675361896e+100,2
time,best,best bound,gap %,status
229.67926597595215,4.562400000002081,35.85040000000187,685.7794143430106,2
time,best,best bound,gap %,status
229.81795406341553,11.182400000002005,11.186400000002042,0.035770496494814584,2
