time,best,best bound,gap %,status
0.06693482398986816,8.40111111111111,16.37722222222225,94.9411453511444,2
time,best,best bound,gap %,status
0.06693482398986816,8.40111111111111,16.37722222222225,94.9411453511444,2
time,best,best bound,gap %,status
0.08251714706420898,13.459444444444475,13.459444444444475,0.0,2
