time,best,best bound,gap %,status
5.68948769569397,-564.4800000000187,1e+100,1.77154195011332e+99,2
time,best,best bound,gap %,status
5.920917987823486,-433.26200000002854,-431.64200000002967,0.3739077048065053,2
time,best,best bound,gap %,status
5.925356864929199,-432.60200000002857,-432.60200000002857,0.0,2
