time,best,best bound,gap %,status
7.742767095565796,5.755500008812409,6.041500008812399,4.969159926367598,2
time,best,best bound,gap %,status
7.778568983078003,5.860500008812409,5.876000008812409,0.26448255228552187,2
time,best,best bound,gap %,status
7.792402982711792,5.861500008812409,5.876000008812409,0.2473769509204144,2
time,best,best bound,gap %,status
7.814661979675293,5.8655000088124085,5.8720000088124085,0.11081749194841463,2
time,best,best bound,gap %,status
7.829638957977295,5.867500008812409,5.868500008812409,0.01704303363438507,2
