time,best,best bound,gap %,status
29.16510796546936,-2468.5499999999934,1e+100,4.050961090518736e+98,2
time,best,best bound,gap %,status
45.5526909828186,-703.8300000000045,-677.4300000000045,3.750905758492791,2
time,best,best bound,gap %,status
45.573572874069214,-701.2700000000045,-701.1900000000045,0.01140787428523114,2
time,best,best bound,gap %,status
45.58554291725159,-701.2300000000045,-701.1900000000045,0.005704262510155493,2
