time,best,best bound,gap %,status
87.7242329120636,-315.25499999996924,1e+100,3.172035336473958e+99,2
time,best,best bound,gap %,status
160.8245038986206,-272.1269999999976,1401.6639999965766,615.0771514758143,2
time,best,best bound,gap %,status
172.21084094047546,-196.00700000000234,-196.00700000000234,0.0,2
