time,best,best bound,gap %,status
47.229292154312134,-568.6000000000041,1e+100,1.758705592683772e+99,2
time,best,best bound,gap %,status
90.90401005744934,-133.20000000000798,-113.86400000000799,14.516516516515635,2
time,best,best bound,gap %,status
90.96635127067566,-130.70400000000797,-130.67200000000798,0.02448280083240017,2
time,best,best bound,gap %,status
90.98530721664429,-130.68800000000797,-130.67200000000798,0.012242899118503731,2
