time,best,best bound,gap %,status
7.522006988525391,-337.17600000000414,1e+100,2.9658101406979966e+99,2
time,best,best bound,gap %,status
10.366580963134766,-227.1180000000025,-211.1180000000025,7.044796097182885,2
time,best,best bound,gap %,status
10.373764991760254,-224.03800000000248,-224.03800000000248,0.0,2
