time,best,best bound,gap %,status
1.3317699432373047,-493.28999999999894,1e+100,2.0272050923391965e+99,2
time,best,best bound,gap %,status
1.4316399097442627,-458.42999999999904,278.2999999999884,160.70719630041427,2
time,best,best bound,gap %,status
1.4659931659698486,-455.10999999999905,-455.11,2.1233067184499097e-13,2
