time,best,best bound,gap %,status
8.075760126113892,156.60800000000603,1e+100,6.385369840620923e+99,2
time,best,best bound,gap %,status
8.840224981307983,298.98400000001607,314.8800000000127,5.316672464076943,2
time,best,best bound,gap %,status
8.86286211013794,303.42400000001606,303.4880000000161,0.02109259649863491,2
time,best,best bound,gap %,status
8.871771097183228,303.48000000001605,303.4880000000161,0.002636088045353162,2
