time,best,best bound,gap %,status
29.197986125946045,-33.37840000000458,1e+100,2.99594947630762e+100,2
time,best,best bound,gap %,status
38.30068778991699,-24.48039999999989,235.32689999919637,1061.2869887714148,2
time,best,best bound,gap %,status
43.17640399932861,-8.238399999998151,-8.238399999998151,0.0,2
