time,best,best bound,gap %,status
0.08351278305053711,3.3674999999999993,4.118055555555558,22.288212488658022,2
time,best,best bound,gap %,status
0.08351278305053711,3.3674999999999993,4.118055555555558,22.288212488658022,2
time,best,best bound,gap %,status
0.08351278305053711,3.795000000000002,3.795000000000002,0.0,2
