time,best,best bound,gap %,status
47.60540819168091,1.7161888888886023,30.129333333349916,1655.595408432085,2
time,best,best bound,gap %,status
48.16224217414856,2.2649666666663952,30.129333333349916,1230.2329688451716,2
time,best,best bound,gap %,status
48.88672208786011,3.995366666666463,30.129333333349916,654.106840423944,2
time,best,best bound,gap %,status
1263.0449101924896,5.101466666667922,14.609551134652731,186.37942947091952,2
