time,best,best bound,gap %,status
12.828953981399536,-28.56497777777754,1e+100,3.50079040067716e+100,2
time,best,best bound,gap %,status
18.025625944137573,-12.287644444443378,-12.287644444443378,0.0,2
