time,best,best bound,gap %,status
15.718316078186035,-2397.1499999999996,1e+100,4.1716204659700066e+98,2
time,best,best bound,gap %,status
23.537848949432373,-698.310000000004,-673.950000000004,3.4884220475146956,2
time,best,best bound,gap %,status
23.55786418914795,-695.470000000004,-695.430000000004,0.005751506175674492,2
