time,best,best bound,gap %,status
6.430207967758179,-337.17600000000414,1e+100,2.9658101406979966e+99,2
time,best,best bound,gap %,status
9.35105299949646,-57.79800000000154,-41.798000000001814,27.68261877573497,2
time,best,best bound,gap %,status
9.358271837234497,-54.71800000000154,-54.71800000000154,0.0,2
