time,best,best bound,gap %,status
6.6030778884887695,-0.9969999999999888,39.065000000000545,4018.254764292977,2
time,best,best bound,gap %,status
6.6947479248046875,3.0984999999999756,39.065000000000545,1160.7713409714654,2
time,best,best bound,gap %,status
24.680810928344727,3.5169999999999715,17.068450661249635,385.3127853639401,2
time,best,best bound,gap %,status
234.73098802566528,9.550000004694493,15.518175021145103,62.49397919912916,2
time,best,best bound,gap %,status
532.5090658664703,9.868500000000086,14.668978459418659,48.64445923310058,2
time,best,best bound,gap %,status
848.4001417160034,11.197500000000034,14.385994242583143,28.475054633472652,2
time,best,best bound,gap %,status
980.5262539386749,11.45800000000004,14.304092274226576,24.839346083317572,2
time,best,best bound,gap %,status
1083.8169090747833,11.551000000000046,14.266347918518528,23.507470509206748,2
time,best,best bound,gap %,status
1240.8609631061554,11.854000000000033,14.264085924200977,20.331414916491795,2
time,best,best bound,gap %,status
1461.6882228851318,11.949500000000027,14.25924559109258,19.32922374235363,2
time,best,best bound,gap %,status
1461.7106778621674,11.978000000000042,14.25924559109258,19.045296302325337,2
time,best,best bound,gap %,status
1461.7344508171082,12.023500000000041,14.25924559109258,18.59479844548202,2
time,best,best bound,gap %,status
1572.8400650024414,12.070000000327315,14.25924559109258,18.137908787952743,2
time,best,best bound,gap %,status
1572.8683428764343,12.086000000000048,14.25924559109258,17.981512420093683,2
time,best,best bound,gap %,status
1747.805824995041,12.17450000000004,14.25924559109258,17.123870311655782,2
