time,best,best bound,gap %,status
1.7141358852386475,-766.395000000001,1e+100,1.3048101827386644e+99,2
time,best,best bound,gap %,status
2.179569721221924,-196.79999999999865,-185.63999999999862,5.670731707317125,2
time,best,best bound,gap %,status
2.1889748573303223,-194.75999999999866,-194.71999999999863,0.02053809817211991,2
