time,best,best bound,gap %,status
9.798176050186157,-0.000999999999991251,16.593999999999998,1659500.0000145177,2
time,best,best bound,gap %,status
9.905723333358765,0.8900000000000187,16.593999999999998,1764.4943820224328,2
time,best,best bound,gap %,status
10.047399044036865,2.0074999999998857,16.593999999999998,726.6002490660494,2
time,best,best bound,gap %,status
67.36526918411255,2.5199999999998792,9.1295,262.2817460317634,2
time,best,best bound,gap %,status
374.7710962295532,5.462500000000087,8.948,63.80778032036352,2
time,best,best bound,gap %,status
706.1506402492523,5.577000000000052,8.858,58.83091267706504,2
time,best,best bound,gap %,status
1234.8456752300262,6.280499999999883,8.7335,39.05739988854649,2
time,best,best bound,gap %,status
1434.6193861961365,6.333999999999867,8.618,36.05936217240576,2
