time,best,best bound,gap %,status
7.525384902954102,-90.86399999999934,1e+100,1.100545870751901e+100,2
time,best,best bound,gap %,status
9.487429857254028,-52.409000000000646,1e+100,1.9080692247514506e+100,2
