time,best,best bound,gap %,status
4.447827100753784,-360.3600000000036,1e+100,2.775002775002747e+99,2
time,best,best bound,gap %,status
6.162177085876465,-132.8490000000011,1e+100,7.527343073715208e+99,2
