time,best,best bound,gap %,status
22.058515071868896,8.569000002944984,8.934000002944968,4.259540201593435,2
time,best,best bound,gap %,status
22.099940061569214,8.693000002944983,8.729500002944983,0.41987806266691435,2
time,best,best bound,gap %,status
22.124510049819946,8.696000002944983,8.729500002944983,0.385234590485913,2
time,best,best bound,gap %,status
22.146812915802002,8.705500002944984,8.729500002944983,0.2756877834918175,2
time,best,best bound,gap %,status
22.1913001537323,8.710000002944984,8.722500002944983,0.1435132031661636,2
time,best,best bound,gap %,status
22.27513027191162,8.711000003020816,8.718500002944984,0.086098036064364,2
time,best,best bound,gap %,status
23.120854139328003,8.710999999999917,8.71150000294498,0.005739902939541684,2
