time,best,best bound,gap %,status
4025.9766879081726,-0.5954666666666565,42.226655555553485,7191.355052992758,2
time,best,best bound,gap %,status
4245.301396846771,20.33984444444872,20.55948342913613,1.0798459412375485,2
time,best,best bound,gap %,status
4248.663094997406,20.47226666667116,20.55948342913613,0.4260239663982004,2
time,best,best bound,gap %,status
6036.183591842651,20.473677777782274,20.4897804055323,0.07865039161405857,2
