time,best,best bound,gap %,status
41.563759088516235,-50.517600000003625,1e+100,1.9795081318192636e+100,2
time,best,best bound,gap %,status
58.35849070549011,28.65580000000092,42.60380000000081,48.674264895760864,2
time,best,best bound,gap %,status
58.38910365104675,31.39580000000092,31.395800000000918,1.131588836341293e-14,2
