time,best,best bound,gap %,status
27.035720109939575,-36.36800000000218,1e+100,2.7496700395950836e+100,2
time,best,best bound,gap %,status
35.034919023513794,3.420000000002205,22.158000000001863,547.8947368417421,2
time,best,best bound,gap %,status
35.045382022857666,3.427800000002205,22.158000000001863,546.4204445996736,2
time,best,best bound,gap %,status
35.0995979309082,9.539300000002088,9.539300000002088,0.0,2
