time,best,best bound,gap %,status
0.7402749061584473,-413.2800000000016,1e+100,2.419667053813386e+99,2
time,best,best bound,gap %,status
0.8644769191741943,-368.9200000000006,50.795999999999765,113.76883877263356,2
time,best,best bound,gap %,status
0.8991339206695557,-292.8600000000003,-292.8600000000003,0.0,2
