time,best,best bound,gap %,status
6.330059051513672,-337.17600000000414,1e+100,2.9658101406979966e+99,2
time,best,best bound,gap %,status
9.273950099945068,-57.79800000000154,-41.798000000001814,27.68261877573497,2
time,best,best bound,gap %,status
9.281168222427368,-54.71800000000154,-54.71800000000154,0.0,2
