time,best,best bound,gap %,status
41.88103675842285,7.494900002694091,7.568350002694091,0.9799997327996125,2
time,best,best bound,gap %,status
41.9218111038208,7.518650002694091,7.5247000026940905,0.08046657309266132,2
time,best,best bound,gap %,status
41.9471480846405,7.520150002694091,7.5247000026940905,0.06050411226330764,2
time,best,best bound,gap %,status
41.98487401008606,7.522300002694091,7.523000002694091,0.009305664487582813,2
