time,best,best bound,gap %,status
279.264701128006,-106.47499999998549,1e+100,9.39187602723772e+99,2
time,best,best bound,gap %,status
915.8655581474304,12.081000000006236,45.63500000000623,277.74190878224215,2
time,best,best bound,gap %,status
980.0984671115875,15.689000000006164,15.839000000006163,0.9560838804253914,2
time,best,best bound,gap %,status
980.3323872089386,15.81700000000616,15.839000000006163,0.13909085161530915,2
