time,best,best bound,gap %,status
60.96705603599548,-0.5954666666666565,1e+100,1.6793551276310185e+102,2
time,best,best bound,gap %,status
101.01564407348633,-0.564588888888877,45.97366666667149,8242.857142858169,2
time,best,best bound,gap %,status
5132.345132112503,4.811211111112037,18.706060429332798,288.8014888003778,2
