time,best,best bound,gap %,status
153.18845391273499,-31.374999996662375,1e+100,3.1872509963549912e+100,2
time,best,best bound,gap %,status
584.7577848434448,899.8260000033401,908.0380000033401,0.9126208844787221,2
time,best,best bound,gap %,status
585.0458047389984,901.1380000033402,901.2140000033402,0.008433780397646102,2
