time,best,best bound,gap %,status
1.9904389381408691,-425.8799999999986,1e+100,2.348079271156202e+99,2
time,best,best bound,gap %,status
2.125357151031494,-304.2499999999993,404.41999999987314,232.92358258007363,2
time,best,best bound,gap %,status
2.1785888671875,-292.3299999999993,-292.33,2.3333938573861657e-13,2
