time,best,best bound,gap %,status
59.06087899208069,12.197999999999887,12.841499999999861,5.275454992621582,2
time,best,best bound,gap %,status
59.11577296257019,12.334999999999885,12.437999999999885,0.835022294284562,2
time,best,best bound,gap %,status
59.16032099723816,12.337499999999887,12.437999999999885,0.8145896656534906,2
time,best,best bound,gap %,status
59.16888904571533,12.341999999999885,12.437999999999885,0.7778317938745826,2
time,best,best bound,gap %,status
59.192179918289185,12.385499999999887,12.432999999999886,0.3835129788866002,2
time,best,best bound,gap %,status
59.21856689453125,12.386999999999887,12.432999999999886,0.3713570678937579,2
time,best,best bound,gap %,status
59.23937797546387,12.395999999999885,12.432999999999886,0.29848338173605315,2
time,best,best bound,gap %,status
59.285656213760376,12.399499999999886,12.426999999999886,0.2217831364167919,2
time,best,best bound,gap %,status
59.3271861076355,12.401999999999886,12.426499999999885,0.1975487824544426,2
time,best,best bound,gap %,status
59.43717408180237,12.402999999999887,12.423999999999886,0.16931387567523348,2
time,best,best bound,gap %,status
59.524595975875854,12.407999999999886,12.420499999999885,0.10074145712443104,2
time,best,best bound,gap %,status
59.66409206390381,12.408999999999885,12.417499999999885,0.06849867031992754,2
time,best,best bound,gap %,status
59.77082300186157,12.412999999999887,12.416999999999886,0.03222428099572703,2
