time,best,best bound,gap %,status
21.893874883651733,-23.27360000000015,1e+100,4.296713873229726e+100,2
time,best,best bound,gap %,status
29.313042163848877,-14.93559999999906,-14.93559999999906,0.0,2
