time,best,best bound,gap %,status
19.99165630340576,81.0111999998809,1e+100,1.2343972191517596e+100,2
time,best,best bound,gap %,status
22.652616262435913,182.79909999987456,195.1908999998796,6.778917401679522,2
time,best,best bound,gap %,status
22.793137311935425,186.0330999998745,186.08709999987454,0.02902709249056587,2
time,best,best bound,gap %,status
22.81031823158264,186.0690999998745,186.08709999987454,0.009673825476686479,2
