time,best,best bound,gap %,status
17.191570043563843,7.379450000000086,7.48195000000008,1.3889924045828974,2
time,best,best bound,gap %,status
17.208779096603394,7.442450000000086,7.443022222222308,0.00768862702768534,2
