time,best,best bound,gap %,status
16.9235782623291,-41.50346666666837,1e+100,2.4094372839536913e+100,2
time,best,best bound,gap %,status
21.55807328224182,-36.53279999999969,185.74991111127628,608.4469602967138,2
time,best,best bound,gap %,status
24.218916177749634,-28.084799999999674,-28.084799999999674,0.0,2
