time,best,best bound,gap %,status
53.56129574775696,7.774250000000042,21.789200000000424,180.273981413002,2
