time,best,best bound,gap %,status
12.495108842849731,-1e+100,41.756000000000036,100.0,2
time,best,best bound,gap %,status
12.53059196472168,8.078,41.756000000000036,416.9101262688789,2
time,best,best bound,gap %,status
12.650541067123413,8.078,16.233362490450705,100.95769361785972,2
