time,best,best bound,gap %,status
14.22024393081665,-285.37500000000256,1e+100,3.504161191414774e+99,2
time,best,best bound,gap %,status
18.199368953704834,-248.37500000000097,416.28599999925984,267.6038248613018,2
time,best,best bound,gap %,status
19.34756302833557,-183.2610000000003,-183.2610000000003,0.0,2
