time,best,best bound,gap %,status
148.8614799976349,2.524566666666545,10.252666666669,306.11590107884496,2
time,best,best bound,gap %,status
371.5194318294525,2.5340222222221014,6.139727207368611,142.29176656488207,2
time,best,best bound,gap %,status
781.8588819503784,5.477977777777632,6.0298245026994675,10.073913172128917,2
time,best,best bound,gap %,status
1568.127496957779,5.53225555555538,5.965024107738163,7.822642100258833,2
