time,best,best bound,gap %,status
14.262912034988403,0.3275222222222385,14.548333333336515,4341.937782000276,2
time,best,best bound,gap %,status
14.450804948806763,0.5289111111112429,14.548333333336515,2650.619721860342,2
time,best,best bound,gap %,status
14.699948072433472,1.9633666666665048,14.548333333336515,640.9891173326963,2
time,best,best bound,gap %,status
46.868995904922485,2.450444444444312,8.093764711998311,230.29782537403074,2
time,best,best bound,gap %,status
221.7268590927124,6.9840000000001705,7.937310551289974,13.649921982957903,2
time,best,best bound,gap %,status
349.6665518283844,7.016522222222376,7.875495801882374,12.242155763998012,2
time,best,best bound,gap %,status
620.9017479419708,7.049577777777915,7.801947183031767,10.672545632811001,2
time,best,best bound,gap %,status
840.4721300601959,7.06506666666679,7.76782567264697,9.946955055581,2
time,best,best bound,gap %,status
1039.8613879680634,7.261388888888897,7.7560535633870415,6.812259776570594,2
time,best,best bound,gap %,status
1156.1812269687653,7.2708000004761955,7.747034943550568,6.549966207888837,2
time,best,best bound,gap %,status
1418.6173210144043,7.274722222550309,7.731068001464536,6.273033731784805,2
time,best,best bound,gap %,status
1636.3575329780579,7.2831333333333355,7.722787237330839,6.036603806019889,2
time,best,best bound,gap %,status
1808.4098389148712,7.298855555555546,7.718875946296846,5.754606150845114,2
