time,best,best bound,gap %,status
41.691235303878784,5.141000000182489,5.224400000182489,1.6222524800046627,2
time,best,best bound,gap %,status
41.70685696601868,5.141750000182489,5.224400000182489,1.6074293771005346,2
time,best,best bound,gap %,status
41.72247862815857,5.159550000182488,5.159700000182489,0.0029072302816182272,2
time,best,best bound,gap %,status
42.26922965049744,5.159550000000008,5.159700000182489,0.0029072338184598927,2
