time,best,best bound,gap %,status
41.64011883735657,8.007550000984253,8.183900000984254,2.2022965823294887,2
time,best,best bound,gap %,status
41.690654039382935,8.055650000984253,8.085950000984253,0.37613352114724863,2
time,best,best bound,gap %,status
41.70711398124695,8.056650000984254,8.085950000984253,0.36367472828557446,2
time,best,best bound,gap %,status
41.72824788093567,8.057600000984253,8.085950000984253,0.35184173943279184,2
time,best,best bound,gap %,status
41.739336013793945,8.059600000984254,8.085950000984253,0.3269393021586812,2
time,best,best bound,gap %,status
41.7691388130188,8.065400000984253,8.081800000984254,0.2033377141617217,2
time,best,best bound,gap %,status
41.788182735443115,8.071400000984253,8.081800000984254,0.12885001361266224,2
time,best,best bound,gap %,status
41.82334899902344,8.072950000984253,8.081700000984254,0.10838664922901944,2
time,best,best bound,gap %,status
41.90857982635498,8.077900000984254,8.080100000984253,0.027234801120716596,2
time,best,best bound,gap %,status
41.920326948165894,8.078750000984254,8.080100000984253,0.01671050595493308,2
time,best,best bound,gap %,status
41.964834690093994,8.079250000984253,8.080100000984253,0.010520778536327558,2
