time,best,best bound,gap %,status
72.43310213088989,2.502611111110667,38.036000000001145,1419.852598397545,2
time,best,best bound,gap %,status
73.14572501182556,3.0947555555551265,38.036000000001145,1129.0469898899132,2
time,best,best bound,gap %,status
1265.0117387771606,4.913788888889984,17.321288108541438,252.50370946347851,2
