time,best,best bound,gap %,status
92.29260396957397,-340.31999999998044,1e+100,2.938410907381457e+99,2
time,best,best bound,gap %,status
199.6154429912567,-61.26599999999018,-36.909999999990426,39.754513106786234,2
time,best,best bound,gap %,status
200.0636019706726,-58.50999999999018,-58.47399999999018,0.061527943941219285,2
time,best,best bound,gap %,status
200.120747089386,-58.47399999999018,-58.47399999999018,0.0,2
