time,best,best bound,gap %,status
29.244969844818115,4.6799999999999855,14.796999999999855,216.17521367521158,2
time,best,best bound,gap %,status
65.80928993225098,6.959499999999985,7.112586714364056,2.1996797810772524,2
time,best,best bound,gap %,status
267.2641339302063,6.962999999999985,7.081826633105154,1.706543632129382,2
