time,best,best bound,gap %,status
28.915122985839844,-33.37840000000458,1e+100,2.99594947630762e+100,2
time,best,best bound,gap %,status
37.96324300765991,-17.830399999998775,241.97689999916437,1457.1030375043802,2
time,best,best bound,gap %,status
43.43182325363159,8.901600000001887,8.901600000001887,0.0,2
