time,best,best bound,gap %,status
134.71274185180664,-31.629600000005485,1e+100,3.1615954675361896e+100,2
time,best,best bound,gap %,status
227.14639902114868,4.562400000002081,35.85040000000187,685.7794143430106,2
time,best,best bound,gap %,status
227.277606010437,13.526400000001928,13.66240000000208,1.005441211261922,2
time,best,best bound,gap %,status
227.3072168827057,13.622400000001928,13.66240000000208,0.29363401456532073,2
