time,best,best bound,gap %,status
51.70904207229614,-340.31999999998044,1e+100,2.938410907381457e+99,2
time,best,best bound,gap %,status
98.02523112297058,-297.9280000000002,897.6319999999977,401.29158722912814,2
time,best,best bound,gap %,status
105.06347012519836,-223.18000000000148,-223.18000000000148,0.0,2
