time,best,best bound,gap %,status
35.45796823501587,-41.50346666666837,1e+100,2.4094372839536913e+100,2
