time,best,best bound,gap %,status
22.903391122817993,6.482800003730525,6.612850003730518,2.0060776196266343,2
time,best,best bound,gap %,status
22.935495376586914,6.522750003730525,6.536300003730525,0.2077344677053514,2
time,best,best bound,gap %,status
22.941720247268677,6.528850003730525,6.536300003730525,0.1141089165127632,2
time,best,best bound,gap %,status
22.977314233779907,6.529350003730525,6.533950003730525,0.07045111683968146,2
