time,best,best bound,gap %,status
0.4334902763366699,2.7326388888888884,10.010694444444471,266.3379923761129,2
time,best,best bound,gap %,status
0.4334902763366699,2.7326388888888884,10.010694444444471,266.3379923761129,2
time,best,best bound,gap %,status
0.4334902763366699,5.000000000000007,5.000000000000007,0.0,2
