time,best,best bound,gap %,status
6.396383285522461,4.751499999999924,4.978499999999916,4.77743870356721,2
time,best,best bound,gap %,status
6.397804021835327,4.7694999999999235,4.978499999999916,4.382010692944667,2
time,best,best bound,gap %,status
6.419835329055786,4.844999999999923,4.852999999999923,0.16511867905057034,2
time,best,best bound,gap %,status
6.433261156082153,4.845999999999924,4.852999999999923,0.14444903012793608,2
time,best,best bound,gap %,status
6.444009304046631,4.846999999999923,4.850999999999924,0.08252527336497856,2
time,best,best bound,gap %,status
6.4550940990448,4.8479999999999235,4.848999999999924,0.02062706270627784,2
