time,best,best bound,gap %,status
108.34226822853088,-73.15466666666269,1e+100,1.366966791820145e+100,2
time,best,best bound,gap %,status
171.53817129135132,20.58833333334105,39.66300000000749,92.64793977167956,2
time,best,best bound,gap %,status
171.5920422077179,22.396333333341047,39.66300000000749,77.09595320659855,2
