time,best,best bound,gap %,status
0.25417304039001465,1.5000000000000004,8.099999999999994,439.9999999999995,2
time,best,best bound,gap %,status
0.27736878395080566,3.249999999999999,3.6750000000000003,13.076923076923116,2
time,best,best bound,gap %,status
0.2905609607696533,3.2999999999999994,3.6500000000000004,10.606060606060637,2
time,best,best bound,gap %,status
0.3000068664550781,3.4,3.5250000000000004,3.6764705882353073,2
