time,best,best bound,gap %,status
1.1863787174224854,-1e+100,22.12033333333351,100.0,2
time,best,best bound,gap %,status
1.1863787174224854,5.010833333333335,22.12033333333351,341.4501912522901,2
time,best,best bound,gap %,status
1.2020018100738525,5.082111111111112,5.082111111111112,0.0,2
