time,best,best bound,gap %,status
34.36110281944275,-6727.874999999996,1e+100,1.4863534176838907e+98,2
time,best,best bound,gap %,status
61.32634973526001,-2080.9049999999993,-2075.105000000005,0.27872488172186005,2
time,best,best bound,gap %,status
61.34544277191162,-2080.2649999999994,-2080.184999999999,0.003845663893801127,2
