time,best,best bound,gap %,status
0.7491369247436523,-413.2800000000016,1e+100,2.419667053813386e+99,2
time,best,best bound,gap %,status
0.8863780498504639,-388.2600000000008,31.45599999999959,108.10178746200987,2
time,best,best bound,gap %,status
0.926461935043335,-343.26000000000056,-343.26000000000056,0.0,2
