time,best,best bound,gap %,status
0.14914536476135254,3.004722222222222,4.021250000000004,33.83100674863654,2
time,best,best bound,gap %,status
0.14914536476135254,3.004722222222222,4.021250000000004,33.83100674863654,2
time,best,best bound,gap %,status
0.14914536476135254,3.5876388888888933,3.5876388888888933,0.0,2
