time,best,best bound,gap %,status
29.31363797187805,5.7571500000001485,5.811400000000148,0.9423065231928694,2
time,best,best bound,gap %,status
29.347620010375977,5.7716500000001485,5.774500000000148,0.049379293616201636,2
time,best,best bound,gap %,status
29.364365100860596,5.771900000000148,5.774450000000148,0.04417955959043311,2
time,best,best bound,gap %,status
29.377129077911377,5.772900000000148,5.773900000000149,0.017322316340146342,2
