time,best,best bound,gap %,status
8.907804012298584,-35.584800000000186,1e+100,2.8101886198601506e+100,2
time,best,best bound,gap %,status
11.389516115188599,-7.3608000000003075,-7.3608000000003075,0.0,2
