time,best,best bound,gap %,status
9.777760982513428,-79.87199999999946,1e+100,1.2520032051282137e+100,2
time,best,best bound,gap %,status
11.422590970993042,-59.431999999998986,282.959999999881,576.1071476643657,2
time,best,best bound,gap %,status
11.93485689163208,-23.539999999999797,-23.54000000000005,1.0715491554581043e-12,2
