time,best,best bound,gap %,status
21.83379626274109,-83.2239999999992,1e+100,1.201576468326456e+100,2
time,best,best bound,gap %,status
30.2448570728302,-47.00400000000092,1e+100,2.1274785124669824e+100,2
