time,best,best bound,gap %,status
2.379808187484741,-1053.2000000000028,1e+100,9.494872768704876e+98,2
time,best,best bound,gap %,status
2.81837797164917,261.99999999999807,273.3599999999977,4.335877862595305,2
time,best,best bound,gap %,status
2.826519012451172,263.39999999999804,263.39999999999804,0.0,2
