time,best,best bound,gap %,status
2.3443539142608643,-1053.2000000000028,1e+100,9.494872768704876e+98,2
time,best,best bound,gap %,status
2.818121910095215,261.99999999999807,273.3599999999977,4.335877862595305,2
time,best,best bound,gap %,status
2.8267078399658203,263.39999999999804,263.39999999999804,0.0,2
