time,best,best bound,gap %,status
59.889219999313354,-37.76266666666803,1e+100,2.6481180707576193e+100,2
time,best,best bound,gap %,status
85.06838917732239,30.675644444443765,43.81164444444377,42.82224624095651,2
time,best,best bound,gap %,status
85.13302302360535,34.39297777777711,43.81164444444377,27.38543526973257,2
