time,best,best bound,gap %,status
15.429761171340942,-0.32350000000000034,16.275,5130.91190108191,2
time,best,best bound,gap %,status
15.680360078811646,1.9129999999999001,16.275,750.7579717721301,2
