time,best,best bound,gap %,status
18.522821187973022,7.379450000000086,7.48195000000008,1.3889924045828974,2
time,best,best bound,gap %,status
18.541138172149658,7.442450000000086,7.443022222222308,0.00768862702768534,2
