time,best,best bound,gap %,status
129.66664290428162,-160.3574999999832,1e+100,6.23606628938531e+99,2
time,best,best bound,gap %,status
214.9803102016449,-4.0544999999946,18.181500000004945,548.4276729566941,2
time,best,best bound,gap %,status
215.06861114501953,-2.330499999994599,-2.2984999999946005,1.3730959021700244,2
time,best,best bound,gap %,status
215.09729099273682,-2.3144999999945988,-2.2984999999946005,0.6912940159877112,2
