time,best,best bound,gap %,status
27.373615741729736,-37.36817777777932,1e+100,2.6760737597289043e+100,2
time,best,best bound,gap %,status
34.52240204811096,-21.194844444442875,284.7440444450744,1443.4589963208343,2
time,best,best bound,gap %,status
37.811959743499756,7.278488888888863,7.278488888888863,0.0,2
