time,best,best bound,gap %,status
258.8739137649536,6.116000000000116,25.495,316.8574231523793,2
time,best,best bound,gap %,status
1124.7875719070435,6.141500000000115,11.847987690589857,92.91683938108987,2
