time,best,best bound,gap %,status
65.42520809173584,1.9333500000003019,17.278750000000002,793.720743786552,2
