time,best,best bound,gap %,status
0.3680429458618164,0.16000000000000006,0.7000000000000004,337.5000000000001,2
time,best,best bound,gap %,status
0.3769829273223877,0.4600000000000002,0.4652619047619049,1.1438923395444973,2
