time,best,best bound,gap %,status
14.757252931594849,60.789866666588196,1e+100,1.6450110106091544e+100,2
time,best,best bound,gap %,status
18.53797674179077,169.76079999994548,180.65413333327882,6.416872053699585,2
time,best,best bound,gap %,status
18.591566801071167,171.23279999994548,171.2861333332788,0.031146680620377773,2
time,best,best bound,gap %,status
18.669670820236206,171.2701333332788,171.27546666661215,0.0031139891290687476,2
