time,best,best bound,gap %,status
69.89542579650879,-47.79600000000426,1e+100,2.0922252908191287e+100,2
time,best,best bound,gap %,status
105.67235279083252,27.453000000001005,41.604000000001136,51.54627909517945,2
time,best,best bound,gap %,status
105.71245884895325,29.453000000001005,29.497000000001005,0.1493905544426679,2
time,best,best bound,gap %,status
105.73629403114319,29.465000000001005,29.497000000001005,0.1086034277956862,2
