time,best,best bound,gap %,status
48.04849624633789,11.959499999999878,13.161999999999829,10.054768175926778,2
time,best,best bound,gap %,status
48.14856290817261,12.180999999999878,12.360999999999878,1.47771118955752,2
time,best,best bound,gap %,status
48.178272008895874,12.201499999999879,12.360999999999878,1.3072163258615834,2
time,best,best bound,gap %,status
48.241389989852905,12.237999999999877,12.360999999999878,1.0050661872855233,2
time,best,best bound,gap %,status
48.35037899017334,12.278499999999879,12.352999999999877,0.6067516390438523,2
time,best,best bound,gap %,status
48.48602914810181,12.27949999999988,12.346999999999877,0.5496966488863381,2
time,best,best bound,gap %,status
48.83698010444641,12.28649999999988,12.342499999999877,0.455784804460163,2
time,best,best bound,gap %,status
49.08141207695007,12.28799999999988,12.335499999999877,0.38655598958331805,2
time,best,best bound,gap %,status
49.36488127708435,12.28899999999988,12.328999999999878,0.32549434453574544,2
time,best,best bound,gap %,status
49.68731999397278,12.29399999999988,12.317999999999877,0.19521717911174225,2
time,best,best bound,gap %,status
49.98858904838562,12.29449999999988,12.314499999999878,0.16267436658666876,2
time,best,best bound,gap %,status
50.10423302650452,12.29599999999988,12.312499999999877,0.13418998048143488,2
time,best,best bound,gap %,status
50.2794771194458,12.29699999999988,12.311999999999877,0.12198097096850584,2
time,best,best bound,gap %,status
50.68845796585083,12.297999999999881,12.311999999999877,0.11383964872333655,2
time,best,best bound,gap %,status
52.999183177948,12.29999999999988,12.302499999999872,0.02032520325197091,2
time,best,best bound,gap %,status
53.193928956985474,12.300999999999881,12.302499999999872,0.012194130558419555,2
