time,best,best bound,gap %,status
90.45017194747925,11.180100002266766,14.541300002266782,30.06413179952355,2
time,best,best bound,gap %,status
91.32564210891724,12.137700002266733,12.431097286817181,2.417239546995357,2
time,best,best bound,gap %,status
91.54955410957336,12.171300002266733,12.431097286817181,2.1345072794365794,2
time,best,best bound,gap %,status
91.82986187934875,12.182750002266735,12.431097286817181,2.038515807221181,2
time,best,best bound,gap %,status
92.70085215568542,12.238800002266732,12.383200002266781,1.1798542338571165,2
time,best,best bound,gap %,status
93.6690661907196,12.242400002266733,12.360700002266782,0.9663137945022677,2
time,best,best bound,gap %,status
93.95893621444702,12.256600002745307,12.359850002266782,0.8424032725090868,2
time,best,best bound,gap %,status
95.29955005645752,12.269500005216006,12.356350002266781,0.7078527813998418,2
time,best,best bound,gap %,status
95.7038300037384,12.27525000226673,12.356350002266781,0.6606790084525772,2
time,best,best bound,gap %,status
97.6859359741211,12.278050002266731,12.351050002266781,0.5945569531527656,2
time,best,best bound,gap %,status
99.23215293884277,12.28555000226673,12.345500002266782,0.4879716413916441,2
time,best,best bound,gap %,status
100.08969211578369,12.286050002762762,12.342600002266781,0.4602781161667348,2
time,best,best bound,gap %,status
101.46564197540283,12.290250002266731,12.338100002266781,0.38933300780069563,2
time,best,best bound,gap %,status
103.4341368675232,12.29105000275453,12.33390000226678,0.34862765591750133,2
time,best,best bound,gap %,status
105.12185502052307,12.29200000226673,12.329450002266782,0.3046697038166713,2
time,best,best bound,gap %,status
105.84002304077148,12.292650002266729,12.328350002266781,0.2904174445174053,2
time,best,best bound,gap %,status
109.07774806022644,12.29345000226673,12.323550002266781,0.24484583249210473,2
time,best,best bound,gap %,status
117.18126606941223,12.29450000226673,12.321100002266782,0.21635690752082204,2
time,best,best bound,gap %,status
117.89187407493591,12.29565000226673,12.321100002266782,0.20698377064539766,2
time,best,best bound,gap %,status
131.24008202552795,12.295650000000023,12.29640000226678,0.0060997366284618985,2
