time,best,best bound,gap %,status
29.180954217910767,-0.24164999999998155,1e+100,4.1382164287195377e+102,2
time,best,best bound,gap %,status
54.87030911445618,0.5248500000000238,17.277250000000002,3191.845289130079,2
time,best,best bound,gap %,status
9669.91193819046,1.8802500000002615,8.462441062002002,350.06999399020475,2
