time,best,best bound,gap %,status
24.111934900283813,-0.36409999999996806,1e+100,2.7464982147764017e+102,2
time,best,best bound,gap %,status
43.87139701843262,0.07495000000003041,23.248,30918.01200799275,2
time,best,best bound,gap %,status
2784.9830272197723,4.66830000000046,11.787647008480123,152.50405947516143,2
time,best,best bound,gap %,status
10334.529874801636,5.446200000000427,11.247650000000002,106.52289669859938,2
