time,best,best bound,gap %,status
13.902981996536255,-53.630400000001835,1e+100,1.864614099465911e+100,2
time,best,best bound,gap %,status
17.770131826400757,-39.95940000000222,1e+100,2.5025400781792133e+100,2
