time,best,best bound,gap %,status
220.07752799987793,-245.9955555555578,1e+100,4.065114094202207e+99,2
time,best,best bound,gap %,status
483.9904260635376,-32.64444444445322,-15.777777777788273,51.66780122530419,2
time,best,best bound,gap %,status
496.03476190567017,-31.10044444445322,-31.10044444445322,0.0,2
