time,best,best bound,gap %,status
1.1513071060180664,4.599999999999984,5.679999999999965,23.478260869564895,2
time,best,best bound,gap %,status
1.1752510070800781,4.9849999999999834,5.016749007936491,0.636890831223832,2
time,best,best bound,gap %,status
1.1890251636505127,4.989999999999984,5.009288690476174,0.3865469033304527,2
time,best,best bound,gap %,status
1.2006580829620361,4.994999999999984,4.996499999999983,0.030030030030013484,2
