time,best,best bound,gap %,status
247.00122499465942,3.289855555555369,10.780166666665803,227.67902677252877,2
