time,best,best bound,gap %,status
76.97913098335266,-636.2500000008602,1e+100,1.5717092337896236e+99,2
time,best,best bound,gap %,status
179.6578230857849,902.1079999990941,909.4999999990902,0.8194140834582441,2
time,best,best bound,gap %,status
179.72493386268616,902.7639999990942,909.4999999990902,0.7461529259034222,2
