time,best,best bound,gap %,status
223.31484079360962,141.34444443869933,1e+100,7.0749154943525e+99,2
time,best,best bound,gap %,status
1228.0986609458923,867.5226666608324,874.5733333274491,0.8127357287107239,2
time,best,best bound,gap %,status
1228.7242031097412,867.9706666608324,868.0426666608324,0.00829521120535026,2
