time,best,best bound,gap %,status
11.609304189682007,-87.00799999999953,1e+100,1.1493196027951514e+100,2
time,best,best bound,gap %,status
15.50247597694397,17.67000000000134,29.158000000000765,65.01414827390238,2
time,best,best bound,gap %,status
15.525657176971436,20.910000000001343,20.91000000000134,1.6990500615974525e-14,2
