time,best,best bound,gap %,status
66.45467805862427,3.0858999999996173,31.219250000000002,911.6740659128252,2
time,best,best bound,gap %,status
405.6439380645752,4.417200000000065,14.703585625974046,232.87117689880083,2
time,best,best bound,gap %,status
4725.351212024689,4.835350000000815,14.26725,195.06137094517655,2
time,best,best bound,gap %,status
9159.058927059174,5.268050000000894,13.98395,165.44831579042773,2
