time,best,best bound,gap %,status
2.252046823501587,-766.395000000001,1e+100,1.3048101827386644e+99,2
time,best,best bound,gap %,status
2.5091400146484375,-691.4749999999998,63.90000000000006,109.24111500777325,2
time,best,best bound,gap %,status
2.5721607208251953,-560.8449999999995,-560.8449999999999,8.108253633115469e-14,2
