time,best,best bound,gap %,status
24.08996295928955,5.378499999999824,12.991499999999705,141.5450404387865,2
time,best,best bound,gap %,status
24.12749409675598,6.770499999999694,6.928999999999806,2.3410383280425253,2
