time,best,best bound,gap %,status
71.05730509757996,-555.850000000007,1e+100,1.7990465053521408e+99,2
time,best,best bound,gap %,status
117.74362111091614,-127.67400000001115,-109.17800000001117,14.486896314048566,2
time,best,best bound,gap %,status
117.77495217323303,-126.09000000001114,-126.09000000001114,0.0,2
