time,best,best bound,gap %,status
4.866222143173218,-413.2800000000016,1e+100,2.419667053813386e+99,2
time,best,best bound,gap %,status
5.106229066848755,-89.54999999999872,-83.74999999999872,6.476828587381441,2
time,best,best bound,gap %,status
5.10919713973999,-88.34999999999872,-83.74999999999872,5.20656479909458,2
