time,best,best bound,gap %,status
29.68728995323181,5.75490000000015,5.80915000000015,0.9426749378789947,2
time,best,best bound,gap %,status
29.72811985015869,5.76915000000015,5.77225000000015,0.05373408561052842,2
time,best,best bound,gap %,status
29.743467092514038,5.76965000000015,5.77225000000015,0.04506339206017853,2
time,best,best bound,gap %,status
29.76166296005249,5.770100000000149,5.77155000000015,0.025129547148232022,2
time,best,best bound,gap %,status
29.76686406135559,5.77065000000015,5.77155000000015,0.01559616334381145,2
