time,best,best bound,gap %,status
21.163507223129272,-42.56124444444571,1e+100,2.3495553597011917e+100,2
