time,best,best bound,gap %,status
37.64307522773743,-77.48533333333168,1e+100,1.2905668169460302e+100,2
time,best,best bound,gap %,status
55.96670722961426,20.959333333337263,33.64200000000304,60.51083049713761,2
time,best,best bound,gap %,status
56.05159831047058,22.37800000000393,22.452666666670595,0.3336610361366183,2
time,best,best bound,gap %,status
56.07359838485718,22.415333333337262,22.452666666670595,0.16655265740710032,2
