time,best,best bound,gap %,status
10.183538913726807,-54.13440000000152,1e+100,1.8472542412956864e+100,2
time,best,best bound,gap %,status
12.56076693534851,-3.984400000002634,10.860399999997231,372.5730348356102,2
time,best,best bound,gap %,status
12.566235065460205,-3.930000000002634,10.860399999997231,376.3460559793881,2
time,best,best bound,gap %,status
12.623919010162354,1.5931999999973767,1.6031999999973703,0.6276675872464245,2
