time,best,best bound,gap %,status
3.657365083694458,-90.7279999999995,1e+100,1.1021955735825827e+100,2
time,best,best bound,gap %,status
4.44789981842041,-72.38399999999938,115.21600000000073,259.17329796640377,2
time,best,best bound,gap %,status
4.812327861785889,-41.46799999999959,-41.46799999999994,8.39601477096683e-13,2
