time,best,best bound,gap %,status
21.657504081726074,6.3711499999999885,6.4941999999999815,1.9313624698836664,2
time,best,best bound,gap %,status
21.696895122528076,6.411899999999989,6.419899999999989,0.12476800948236905,2
time,best,best bound,gap %,status
21.73493194580078,6.414549999999989,6.417549999999989,0.04676867434192763,2
time,best,best bound,gap %,status
21.7487051486969,6.416699999999988,6.417549999999989,0.013246684432818817,2
