time,best,best bound,gap %,status
66.94543099403381,-4638.374999999998,1e+100,2.1559274530412063e+98,2
time,best,best bound,gap %,status
122.81772494316101,-1371.525000000014,-1348.3750000000332,1.687902152711801,2
time,best,best bound,gap %,status
122.83405089378357,-1369.165000000014,-1369.165000000014,0.0,2
