time,best,best bound,gap %,status
10.350815057754517,-25.366399999999985,1e+100,3.942222782893909e+100,2
time,best,best bound,gap %,status
11.504839181900024,-13.65159999999959,124.75839999975317,1013.8738316370017,2
time,best,best bound,gap %,status
13.847446918487549,-2.22839999999889,-2.22839999999889,0.0,2
