time,best,best bound,gap %,status
3.5591249465942383,-1e+100,84.66763888888805,100.0,2
time,best,best bound,gap %,status
3.5780739784240723,1.667638888888893,84.66763888888805,4977.09669359534,2
time,best,best bound,gap %,status
3.702740430831909,1.667638888888893,19.6598501984127,1078.9033183024162,2
time,best,best bound,gap %,status
3.831395387649536,19.461805555555554,19.6598501984127,1.017606728686132,2
time,best,best bound,gap %,status
3.859321355819702,19.461805555555554,19.502430555555545,0.20874219446918013,2
time,best,best bound,gap %,status
3.89127779006958,19.486805555555552,19.502430555555545,0.08018245964145887,2
time,best,best bound,gap %,status
3.919163703918457,19.486805555555552,19.499305555555544,0.06414596771315616,2
time,best,best bound,gap %,status
3.9211578369140625,19.486805555555552,19.499305555555544,0.06414596771315616,2
time,best,best bound,gap %,status
3.9211578369140625,19.486805555555552,19.499305555555544,0.06414596771315616,2
time,best,best bound,gap %,status
3.9520769119262695,19.4868055555556,19.499305555555544,0.06414596771291899,2
time,best,best bound,gap %,status
3.9520769119262695,19.4868055555556,19.499305555555544,0.06414596771291899,2
time,best,best bound,gap %,status
3.9520769119262695,19.4868055555556,19.4868055555556,0.0,2
