time,best,best bound,gap %,status
7.83175802230835,-29.32159999999988,1e+100,3.4104550911273743e+100,2
time,best,best bound,gap %,status
8.610870838165283,-17.358488888889433,120.49742222214216,794.1699994362319,2
time,best,best bound,gap %,status
9.840309858322144,-5.501599999999099,-5.501599999999099,0.0,2
