time,best,best bound,gap %,status
11.402553081512451,-51.61920000000252,1e+100,1.9372636538341377e+100,2
time,best,best bound,gap %,status
14.019623756408691,-46.37119999999971,182.70659999975854,494.0087813120205,2
time,best,best bound,gap %,status
15.28060007095337,-37.44319999999986,-37.44319999999986,0.0,2
