time,best,best bound,gap %,status
1.970139980316162,-337.17600000000414,1e+100,2.9658101406979966e+99,2
time,best,best bound,gap %,status
2.2359440326690674,-290.8960000000011,219.06200000000024,175.30595126780685,2
time,best,best bound,gap %,status
2.2998180389404297,-209.59600000000017,-209.59600000000017,0.0,2
