time,best,best bound,gap %,status
3.7836709022521973,-62.103999999999466,1e+100,1.6102022414015339e+100,2
time,best,best bound,gap %,status
4.066474914550781,-41.2639999999996,148.30400000000068,459.4028693292024,2
time,best,best bound,gap %,status
4.270097970962524,-29.467999999999765,-29.46800000000011,1.1694489848094588e-12,2
