time,best,best bound,gap %,status
9.671932935714722,-1e+100,89.76800000000006,100.0,2
time,best,best bound,gap %,status
9.67373275756836,19.663000000000046,89.76800000000006,356.5325738697038,2
time,best,best bound,gap %,status
9.67582392692566,27.955000000000037,27.955000000000037,0.0,2
