time,best,best bound,gap %,status
58.439494132995605,0.2671555555555663,22.433333333340755,8297.105306939722,2
time,best,best bound,gap %,status
59.51045513153076,2.4068666666665126,22.433333333340755,832.055507852901,2
