time,best,best bound,gap %,status
4.877997875213623,-1173.3749999999961,1e+100,8.522424629807209e+98,2
time,best,best bound,gap %,status
5.599717855453491,-1054.6949999999974,572.7899999997157,154.30859158332194,2
time,best,best bound,gap %,status
5.770424842834473,-846.6849999999991,-846.6850000000007,1.8798203914119488e-13,2
