time,best,best bound,gap %,status
67.69638204574585,-107.68999999999139,1e+100,9.285913269570806e+99,2
time,best,best bound,gap %,status
97.48697805404663,-85.11599999999974,597.8735000007264,802.4219888161194,2
time,best,best bound,gap %,status
106.0380208492279,-45.064000000000505,-45.064000000000505,0.0,2
