time,best,best bound,gap %,status
183.34333181381226,18.275000000000183,54.659999999998504,199.09712722297104,2
