time,best,best bound,gap %,status
32.77796411514282,-90.17999999999327,1e+100,1.1088933244622695e+100,2
time,best,best bound,gap %,status
50.61070394515991,-68.37600000000243,506.8554999982197,841.27691002428,2
time,best,best bound,gap %,status
55.92825198173523,-29.482000000000728,-29.482000000000728,0.0,2
