time,best,best bound,gap %,status
68.53829598426819,2.5735499999999014,26.669500000000003,936.2922810903624,2
time,best,best bound,gap %,status
69.75931119918823,2.7955499999997095,26.669500000000003,853.9983187566944,2
time,best,best bound,gap %,status
6330.491651058197,2.8294499999996807,12.96275,358.13674035595125,2
