time,best,best bound,gap %,status
54.58382320404053,-147.3524999999816,1e+100,6.786447464414413e+99,2
time,best,best bound,gap %,status
105.42946219444275,-119.31649999999802,831.3795000027466,796.7850213530907,2
time,best,best bound,gap %,status
113.33999013900757,-69.49850000000181,-69.49819230769302,0.0004427323018404189,2
