time,best,best bound,gap %,status
110.74796199798584,10.061611125763775,10.209900014652701,1.4738085882609522,2
time,best,best bound,gap %,status
110.80847883224487,10.105277792430442,10.120735159137809,0.1529633031854399,2
time,best,best bound,gap %,status
110.83254909515381,10.106277792430443,10.120735159137809,0.1430533278849072,2
time,best,best bound,gap %,status
110.92049884796143,10.10745557020822,10.11779534852771,0.10229852852351176,2
time,best,best bound,gap %,status
110.94879412651062,10.10945557020822,10.117729455445986,0.08184303477377496,2
time,best,best bound,gap %,status
111.0493860244751,10.111022236874888,10.11643403350596,0.053523733844990484,2
time,best,best bound,gap %,status
111.08173513412476,10.11106668131933,10.115623134741622,0.04506402307393631,2
time,best,best bound,gap %,status
111.18149590492249,10.111122238099105,10.115607460129812,0.04435928994911124,2
time,best,best bound,gap %,status
113.34860897064209,10.111122222224102,10.111992122236439,0.008603397261131077,2
