time,best,best bound,gap %,status
135.94112920761108,-31.629600000005485,1e+100,3.1615954675361896e+100,2
time,best,best bound,gap %,status
221.95692610740662,-30.237600000008875,1e+100,3.307140778367683e+100,2
