time,best,best bound,gap %,status
39.714747190475464,1.8790000000001443,16.478,776.955827567788,2
time,best,best bound,gap %,status
252.2529489994049,2.565499999999765,9.1113,255.14714480611315,2
