time,best,best bound,gap %,status
2243.3380558490753,64.79915000000148,198.09694999998135,205.70917982716875,2
time,best,best bound,gap %,status
2276.2560980319977,70.82930000000599,70.8292999999821,3.3726786479963164e-11,2
