time,best,best bound,gap %,status
0.9097769260406494,-520.0649999999998,1e+100,1.9228365685058605e+99,2
time,best,best bound,gap %,status
0.9946050643920898,-485.16499999999945,224.72,146.31826285902739,2
time,best,best bound,gap %,status
1.0279958248138428,-481.8449999999995,-481.845,1.0617330671632426e-13,2
