time,best,best bound,gap %,status
122.93509411811829,-90.17999999999327,1e+100,1.1088933244622695e+100,2
time,best,best bound,gap %,status
205.74191308021545,15.562500000000082,36.22250000000001,132.75502008032015,2
time,best,best bound,gap %,status
205.80234599113464,17.30650000000008,17.350500000000082,0.2542397365151838,2
time,best,best bound,gap %,status
205.8285849094391,17.342500000000083,17.350500000000082,0.04612945077122146,2
