time,best,best bound,gap %,status
3.925124168395996,-90.7279999999995,1e+100,1.1021955735825827e+100,2
time,best,best bound,gap %,status
4.666910886764526,-85.3279999999994,176.231999999989,306.53478342395255,2
time,best,best bound,gap %,status
4.988428115844727,-76.3279999999996,176.231999999989,330.8877476155407,2
