time,best,best bound,gap %,status
27.288724899291992,-36.36800000000218,1e+100,2.7496700395950836e+100,2
