time,best,best bound,gap %,status
0.08373427391052246,4.646666666666667,10.475555555555548,125.44237207077933,2
time,best,best bound,gap %,status
0.08373427391052246,4.646666666666667,10.475555555555548,125.44237207077933,2
time,best,best bound,gap %,status
0.08373427391052246,7.069444444444438,7.069444444444438,0.0,2
