time,best,best bound,gap %,status
6.0109100341796875,-36.8856000000002,1e+100,2.7110850846942833e+100,2
time,best,best bound,gap %,status
7.80315089225769,-20.941600000000065,-20.941600000000065,0.0,2
