time,best,best bound,gap %,status
33.96934413909912,2.520800000000424,24.95785,890.0765629957078,2
time,best,best bound,gap %,status
104.384437084198,4.949950000001008,12.903350000000003,160.67637046833553,2
time,best,best bound,gap %,status
857.6995179653168,5.723750000000759,12.538300000000003,119.05743612139487,2
