time,best,best bound,gap %,status
2.638307809829712,-1e+100,50.26080000000041,100.0,2
time,best,best bound,gap %,status
2.638307809829712,1.363799999999995,50.26080000000041,3585.34975802908,2
time,best,best bound,gap %,status
2.6851744651794434,12.320400000000001,12.320400000000042,3.316142926058063e-13,2
