time,best,best bound,gap %,status
21.79457998275757,-161.60999999999916,1e+100,6.187735907431503e+99,2
time,best,best bound,gap %,status
31.000133991241455,-5.643000000001335,11.284999999998586,299.982278929575,2
time,best,best bound,gap %,status
31.197037935256958,-3.3390000000013336,-3.3230000000013358,0.4791853848455047,2
time,best,best bound,gap %,status
31.716805934906006,-3.3230000000013336,-3.3230000000013358,6.682052510530912e-14,2
