time,best,best bound,gap %,status
35.949347257614136,-31.629600000005485,1e+100,3.1615954675361896e+100,2
time,best,best bound,gap %,status
45.52379012107849,-26.681600000000174,268.7268999992801,1107.161864353256,2
time,best,best bound,gap %,status
50.198193073272705,-18.257599999998728,-18.257599999998728,0.0,2
