time,best,best bound,gap %,status
2.1541624069213867,5.843999999999985,7.334999999999967,25.513347022587023,2
time,best,best bound,gap %,status
2.1873042583465576,6.448499999999985,6.5509939083820505,1.5894224762668177,2
time,best,best bound,gap %,status
2.1923933029174805,6.529999999999984,6.5509939083820505,0.3214993626656405,2
