time,best,best bound,gap %,status
0.9133260250091553,-413.2800000000016,1e+100,2.419667053813386e+99,2
time,best,best bound,gap %,status
1.0467760562896729,-389.3000000000012,113.89599999999749,129.25661443616673,2
time,best,best bound,gap %,status
1.0858731269836426,-345.70000000000095,-345.70000000000095,0.0,2
