time,best,best bound,gap %,status
7.575883865356445,-90.86399999999934,1e+100,1.100545870751901e+100,2
time,best,best bound,gap %,status
9.567425012588501,-13.953999999998361,2.410000000001503,117.27103339545495,2
time,best,best bound,gap %,status
9.583753824234009,-11.649999999998363,-11.16199999999839,4.188841201717095,2
time,best,best bound,gap %,status
9.587999820709229,-11.201999999998362,-11.16199999999839,0.35707909301891044,2
