time,best,best bound,gap %,status
16.923760890960693,-23.994400000000045,1e+100,4.167639115793677e+100,2
time,best,best bound,gap %,status
24.185045957565308,-15.784399999999339,-15.784399999999339,0.0,2
