time,best,best bound,gap %,status
155.06304693222046,-63.89400000000225,1e+100,1.5650921839295785e+100,2
time,best,best bound,gap %,status
269.4419581890106,25.074000000000257,47.40800000000026,89.07234585626453,2
time,best,best bound,gap %,status
269.5968670845032,27.824000000000233,27.826000000000256,0.007188039103018056,2
