time,best,best bound,gap %,status
20.771680116653442,-42.56124444444571,1e+100,2.3495553597011917e+100,2
time,best,best bound,gap %,status
28.23916530609131,1.7287555555561778,17.701866666667136,923.9658585491611,2
time,best,best bound,gap %,status
28.299418210983276,4.55542222222284,4.614088888889514,1.287842571002054,2
time,best,best bound,gap %,status
28.372413158416748,4.5660888888895075,4.576755555556177,0.23360619835116947,2
