time,best,best bound,gap %,status
23.853983879089355,4.826300000118234,4.869050000118234,0.8857717091550994,2
time,best,best bound,gap %,status
23.890187978744507,4.837300000118234,4.839200000118234,0.0392781096883297,2
time,best,best bound,gap %,status
23.9131498336792,4.838050000118234,4.838450000118234,0.008267793842357573,2
