time,best,best bound,gap %,status
873.3540778160095,-0.28015555555557725,16.51495555555587,5994.9234552229445,2
time,best,best bound,gap %,status
1631.6366238594055,7.046266666666566,7.4363180526245145,5.535575140849355,2
