time,best,best bound,gap %,status
36.52549982070923,-79.87199999999946,1e+100,1.2520032051282137e+100,2
