time,best,best bound,gap %,status
4.3650078773498535,7.51849999999998,9.379999999999985,24.758927977655247,2
time,best,best bound,gap %,status
4.400752782821655,8.222499999999979,8.419340121136154,2.393920597581943,2
time,best,best bound,gap %,status
4.43510890007019,8.25849999999998,8.419340121136154,1.9475706379629931,2
time,best,best bound,gap %,status
4.437705039978027,8.30899999999998,8.419340121136154,1.327959094189122,2
time,best,best bound,gap %,status
4.486263751983643,8.32949999999998,8.375453737983499,0.5516986371753259,2
time,best,best bound,gap %,status
4.493779897689819,8.329999999999979,8.37416843030574,0.5302332569719302,2
time,best,best bound,gap %,status
4.562403917312622,8.333999999999978,8.364663891715937,0.3679372656102543,2
time,best,best bound,gap %,status
4.799485921859741,8.33400000353401,8.351377669680273,0.20851531244173607,2
