time,best,best bound,gap %,status
58.656752824783325,-162.5960000000068,1e+100,6.150212797362532e+99,2
time,best,best bound,gap %,status
85.18180179595947,-136.302,538.0850000021269,494.7741045634891,2
time,best,best bound,gap %,status
101.38135695457458,-89.92799999999856,-89.92499999999853,0.0033360021350731513,2
