time,best,best bound,gap %,status
16.777552843093872,-41.50346666666837,1e+100,2.4094372839536913e+100,2
time,best,best bound,gap %,status
23.04688787460327,-37.38346666666656,292.56191111088566,882.5970601376897,2
time,best,best bound,gap %,status
26.63369083404541,-30.51680000000008,292.56191111088566,1058.6913146558122,2
