time,best,best bound,gap %,status
1.2036540508270264,-249.81600000000086,1e+100,4.002946168379914e+99,2
time,best,best bound,gap %,status
1.4042999744415283,-170.1560000000002,-170.1560000000002,0.0,2
