time,best,best bound,gap %,status
48.2965350151062,6.797133337734577,6.9065000044012494,1.6090116411211015,2
time,best,best bound,gap %,status
48.34273409843445,6.835011115512355,6.844071256891444,0.13255488873348487,2
time,best,best bound,gap %,status
48.36002206802368,6.835755559956799,6.844071256891444,0.12165000432954756,2
time,best,best bound,gap %,status
48.3810601234436,6.837600004401244,6.844071256891444,0.09464216225041418,2
time,best,best bound,gap %,status
48.41953706741333,6.838444448845688,6.841490327637003,0.04454052108048631,2
time,best,best bound,gap %,status
48.438786029815674,6.839366671067911,6.841490327637003,0.031050485684238554,2
time,best,best bound,gap %,status
48.53026103973389,6.8398777821790215,6.840903745938093,0.014999738178716394,2
