time,best,best bound,gap %,status
104.67321419715881,3.0274000000002133,37.58925,1141.6347360770744,2
time,best,best bound,gap %,status
342.7849361896515,4.768400000001011,17.319950000000002,263.2235131280163,2
time,best,best bound,gap %,status
7168.19254899025,5.22655000000118,17.07935,226.78057227035322,2
