time,best,best bound,gap %,status
106.97179698944092,7.72120000000009,28.805999999997628,273.076723825277,2
time,best,best bound,gap %,status
1002.7211620807648,7.834750000000078,14.00334971815883,78.7338424092497,2
