time,best,best bound,gap %,status
1.4301793575286865,-246.4560000000001,1e+100,4.057519394942706e+99,2
time,best,best bound,gap %,status
1.4999899864196777,-225.9360000000001,142.032,162.8638198427873,2
time,best,best bound,gap %,status
1.5348973274230957,-223.49600000000012,-223.49600000000018,2.5433752219640615e-14,2
