time,best,best bound,gap %,status
18.073628187179565,-0.4328999999999877,1e+100,2.310002310002376e+102,2
time,best,best bound,gap %,status
31.308879137039185,0.26085000000004344,21.81900000000001,8264.577343299357,2
time,best,best bound,gap %,status
1894.4668099880219,2.203449999999953,10.271747559170205,366.1665823672161,2
time,best,best bound,gap %,status
8498.092049837112,6.766450000000115,9.878450000000004,45.99162042134112,2
