time,best,best bound,gap %,status
8.895965099334717,-1e+100,968.6035999999889,100.0,2
time,best,best bound,gap %,status
8.994064331054688,-948.4152000000033,968.6035999999889,202.1286457661144,2
time,best,best bound,gap %,status
15.92469072341919,-948.4152000000033,-485.7094841247901,48.78725223670093,2
time,best,best bound,gap %,status
16.902858018875122,-486.214800000003,-485.7094841247901,0.10392852607795638,2
time,best,best bound,gap %,status
18.261983394622803,-486.214800000003,-486.0045293191905,0.04324645831687343,2
time,best,best bound,gap %,status
18.277604818344116,-486.214800000003,-486.0045293191905,0.04324645831687343,2
time,best,best bound,gap %,status
18.277604818344116,-486.214800000003,-486.0045293191905,0.04324645831687343,2
time,best,best bound,gap %,status
20.28972554206848,-486.2147999999948,-486.0045293191905,0.04324645831519065,2
time,best,best bound,gap %,status
20.28972554206848,-486.2147999999948,-486.0045293191905,0.04324645831519065,2
time,best,best bound,gap %,status
21.122395992279053,-486.2147999999948,-486.0045293191905,0.04324645831519065,2
time,best,best bound,gap %,status
21.35031294822693,-486.0787999999948,-486.0045293191905,0.015279555661411046,2
time,best,best bound,gap %,status
21.56336522102356,-486.0787999999948,-486.0787999999948,0.0,2
