time,best,best bound,gap %,status
27.06884503364563,-0.34230000000002564,1e+100,2.921413964358531e+102,2
time,best,best bound,gap %,status
49.51506304740906,0.3075444444444862,22.41266666667406,7187.618772355907,2
time,best,best bound,gap %,status
6895.789889097214,2.2446222222220693,10.478762232603666,366.83856770473335,2
