time,best,best bound,gap %,status
0.08740878105163574,15.3,1e+100,6.5359477124183e+100,2
