time,best,best bound,gap %,status
42.67476797103882,-337.34999999998746,1e+100,2.96428042092793e+99,2
time,best,best bound,gap %,status
59.12888503074646,-295.2540000000008,721.8039999999982,344.4688302275316,2
time,best,best bound,gap %,status
68.89807391166687,-221.1920000000016,-221.16800000000103,0.010850302000329654,2
