time,best,best bound,gap %,status
34.923054218292236,-41.50346666666837,1e+100,2.4094372839536913e+100,2
time,best,best bound,gap %,status
47.09010934829712,32.745644444444025,44.55048888889201,36.0501209999882,2
time,best,best bound,gap %,status
47.185559034347534,36.01764444444404,36.07364444444404,0.15547935147836373,2
time,best,best bound,gap %,status
47.19633197784424,36.06831111111071,36.07364444444404,0.014786756487996001,2
