time,best,best bound,gap %,status
488.7081501483917,6.89355000000007,26.883999999997947,289.9877421647435,2
