time,best,best bound,gap %,status
9.963251113891602,-54.13440000000152,1e+100,1.8472542412956864e+100,2
time,best,best bound,gap %,status
11.993381977081299,-40.80180000000206,1e+100,2.450872265439146e+100,2
