time,best,best bound,gap %,status
24.457547903060913,-22.27200000000043,1e+100,4.4899425287355465e+100,2
time,best,best bound,gap %,status
26.552467107772827,-5.3259999999987135,260.2139999991563,4985.730379256836,2
time,best,best bound,gap %,status
29.37507915496826,5.223999999999549,5.223999999999549,0.0,2
