time,best,best bound,gap %,status
43.156249046325684,1.581499999999669,35.02150000000002,2114.4483085682796,2
time,best,best bound,gap %,status
43.86487793922424,3.507450000000382,35.02150000000002,898.4889307045348,2
time,best,best bound,gap %,status
1128.479614019394,3.6381000000004344,15.679750000000006,330.98732855056573,2
time,best,best bound,gap %,status
6722.014257192612,8.740900000000892,15.151900000000007,73.34485007262937,2
