time,best,best bound,gap %,status
38.74318981170654,-130.86888888888944,1e+100,7.641235502878166e+99,2
time,best,best bound,gap %,status
65.14388394355774,-107.13288888888728,471.8521111126402,540.4362805916874,2
time,best,best bound,gap %,status
73.07838582992554,-65.21622222222285,-65.21622222222285,0.0,2
