time,best,best bound,gap %,status
17.002883911132812,-1346.519999999993,1e+100,7.426551406588875e+98,2
time,best,best bound,gap %,status
25.287495851516724,-368.08499999999844,-345.4049999999985,6.161620277924948,2
time,best,best bound,gap %,status
25.298316955566406,-365.32499999999845,-365.32499999999845,0.0,2
