time,best,best bound,gap %,status
15.423187017440796,-50.517600000003625,1e+100,1.9795081318192636e+100,2
time,best,best bound,gap %,status
18.772452116012573,-45.105600000000074,228.49419999953435,606.5761235845083,2
time,best,best bound,gap %,status
20.093179941177368,-35.957599999999964,-35.957599999999964,0.0,2
