time,best,best bound,gap
0.375560998916626,5.244591836734692,9.22979591836734,75.98692530692446
time,best,best bound,gap
0.375560998916626,5.244591836734692,9.22979591836734,75.98692530692446
time,best,best bound,gap
0.375560998916626,7.104285714285707,7.104285714285707,0.0
