time,best,best bound,gap %,status
0.8386449813842773,-224.78400000000073,1e+100,4.448715211047035e+99,2
time,best,best bound,gap %,status
0.9644742012023926,-178.8240000000003,-178.8240000000003,0.0,2
