time,best,best bound,gap %,status
77.18303203582764,2.415899999999989,21.688000000000002,797.7192764601225,2
