time,best,best bound,gap %,status
12.78013300895691,-162.2399999999999,1e+100,6.163708086785014e+99,2
time,best,best bound,gap %,status
17.749335050582886,-6.7140000000011515,8.989999999998837,233.89931486442202,2
time,best,best bound,gap %,status
17.76599097251892,-4.346000000001149,-4.346000000001153,8.17467482466535e-14,2
