time,best,best bound,gap %,status
134.622878074646,-31.629600000005485,1e+100,3.1615954675361896e+100,2
