time,best,best bound,gap %,status
7.603363990783691,-177.28499999999937,1e+100,5.64063513551628e+99,2
time,best,best bound,gap %,status
10.361530065536499,-150.43700000000112,220.42199999999985,246.52113509309424,2
time,best,best bound,gap %,status
11.108022928237915,-103.71900000000083,-103.71900000000083,0.0,2
