time,best,best bound,gap %,status
35.49998426437378,-0.2875499999999765,1e+100,3.4776560598159684e+102,2
time,best,best bound,gap %,status
65.7067358493805,0.4665000000000287,21.6585,4542.765273311611,2
