time,best,best bound,gap %,status
6.477460861206055,-1e+100,63.31360000000103,100.0,2
time,best,best bound,gap %,status
6.502350568771362,1.7981999999999956,63.31360000000103,3420.9431653876754,2
time,best,best bound,gap %,status
6.7177746295928955,1.7981999999999956,16.284106382978788,805.5781549871442,2
time,best,best bound,gap %,status
6.854410886764526,16.034800000000008,16.284106382978788,1.554783240070222,2
time,best,best bound,gap %,status
6.905276298522949,16.034800000000008,16.18956244407393,0.9651660393264683,2
time,best,best bound,gap %,status
6.956138610839844,16.160200000000007,16.18956244407393,0.18169604382322935,2
time,best,best bound,gap %,status
6.961125373840332,16.160200000000007,16.189562444073925,0.18169604382320736,2
time,best,best bound,gap %,status
7.07880973815918,16.160200000000007,16.189562444073925,0.18169604382320736,2
time,best,best bound,gap %,status
7.093773126602173,16.17220000000001,16.172200000000075,3.954245323357921e-13,2
