time,best,best bound,gap %,status
574.7565660476685,6.180500000000548,18.52944999999536,199.80503195524176,2
time,best,best bound,gap %,status
5586.875607967377,6.193400000000548,9.276118734307946,49.774255405869575,2
