time,best,best bound,gap %,status
20.129388093948364,1.7592499999996958,24.488149999999422,1291.9653261335031,2
time,best,best bound,gap %,status
20.491429090499878,3.7385500000003704,24.488149999999422,555.0173195489426,2
time,best,best bound,gap %,status
46.33287501335144,4.6223000000002425,12.700838552700965,174.773133563384,2
time,best,best bound,gap %,status
252.28700017929077,8.45305000000032,12.280300000000006,45.27655698238552,2
time,best,best bound,gap %,status
467.2788941860199,8.734550000000796,12.109700000000005,38.6413724805388,2
time,best,best bound,gap %,status
958.6798701286316,8.962450000001233,11.966350000000006,33.51650497351014,2
time,best,best bound,gap %,status
1415.6560492515564,9.088950000001098,11.873840529664674,30.64039883224398,2
time,best,best bound,gap %,status
1813.045247077942,10.792099999999927,11.846300000000005,9.768256409782019,2
