time,best,best bound,gap %,status
1.2327690124511719,-211.56000000000324,1e+100,4.726791453960979e+99,2
time,best,best bound,gap %,status
1.322498083114624,215.2299999999976,227.3899999999976,5.649770013474019,2
time,best,best bound,gap %,status
1.3295512199401855,218.5499999999976,218.5499999999976,0.0,2
