time,best,best bound,gap %,status
40.95768213272095,-0.5148999999999515,1e+100,1.942124684404922e+102,2
time,best,best bound,gap %,status
68.08647418022156,0.7860499999997517,37.30075,4645.340627188065,2
time,best,best bound,gap %,status
1949.1000559329987,4.957700000000483,17.2327,247.59465074527145,2
time,best,best bound,gap %,status
10840.619390010834,5.5111500000015194,15.9083,188.6566324631994,2
