time,best,best bound,gap %,status
3.0877435207366943,-1e+100,38.054999999999794,100.0,2
time,best,best bound,gap %,status
3.099777936935425,2.0744000000000002,38.054999999999794,1734.5063632857596,2
time,best,best bound,gap %,status
3.1196844577789307,11.458200000000009,11.45820000000005,3.5656741291132746e-13,2
