time,best,best bound,gap %,status
76.47056317329407,-208.07849999998703,1e+100,4.805878550643446e+99,2
time,best,best bound,gap %,status
96.3852801322937,-173.95449999999641,1171.3405000020277,773.3602752455682,2
time,best,best bound,gap %,status
108.11392211914062,-113.49649999999964,-113.49649999999936,2.5041925901154746e-13,2
