time,best,best bound,gap %,status
25.078935146331787,-0.08710000000000655,15.199000000000007,17550.057405279982,2
time,best,best bound,gap %,status
25.475094079971313,1.7795499999998918,15.199000000000007,754.0923267118615,2
time,best,best bound,gap %,status
880.2541851997375,1.7837999999998921,8.428400000000003,372.4969166947255,2
time,best,best bound,gap %,status
7133.29877114296,5.692149999999823,8.334000000000003,46.412164120767414,2
