time,best,best bound,gap %,status
15.551326990127563,7.114999999999994,33.612500000000125,372.41742796908153,2
time,best,best bound,gap %,status
15.565315008163452,10.561000000000027,10.731625000000003,1.6156140516994206,2
