time,best,best bound,gap %,status
9.23247218132019,-53.630400000001835,1e+100,1.864614099465911e+100,2
time,best,best bound,gap %,status
11.310947895050049,-48.52639999999988,142.77439999993982,394.22005341410073,2
time,best,best bound,gap %,status
12.305910110473633,-39.89839999999994,-39.89839999999994,0.0,2
