time,best,best bound,gap %,status
37.311362743377686,-33.37840000000458,1e+100,2.99594947630762e+100,2
time,best,best bound,gap %,status
45.23473882675171,-29.418399999999735,363.259499999711,1334.8037282779292,2
time,best,best bound,gap %,status
47.10242772102356,-22.818399999998434,-22.818399999998434,0.0,2
