time,best,best bound,gap %,status
7.909228801727295,-612.6750000000005,1e+100,1.632186722161014e+99,2
time,best,best bound,gap %,status
11.116898775100708,-146.23499999999572,-122.79499999999629,16.028994426778894,2
time,best,best bound,gap %,status
11.127704858779907,-142.55499999999572,-142.47499999999573,0.056118691031522214,2
time,best,best bound,gap %,status
11.246071815490723,-142.47499999999573,-142.47499999999573,0.0,2
