time,best,best bound,gap %,status
2.312869071960449,4.594999999999984,5.6599999999999655,23.17736670293766,2
time,best,best bound,gap %,status
2.3390800952911377,4.9799999999999836,5.016391865079348,0.730760342959132,2
time,best,best bound,gap %,status
2.3470590114593506,4.9849999999999834,5.016391865079348,0.6297264810303883,2
time,best,best bound,gap %,status
2.3760769367218018,4.994999999999983,5.006833333333317,0.23690357023690942,2
