time,best,best bound,gap %,status
2.621783971786499,-1e+100,22.349999999999866,100.0,2
time,best,best bound,gap %,status
2.6536996364593506,1.7832000000000003,22.349999999999866,1153.3647375504634,2
time,best,best bound,gap %,status
2.663675308227539,5.964400000000003,5.964400000000003,0.0,2
