time,best,best bound,gap %,status
0.32263755798339844,11.083000000000002,34.40199999999993,210.40332040061287,2
time,best,best bound,gap %,status
0.32263755798339844,11.083000000000002,34.40199999999993,210.40332040061287,2
time,best,best bound,gap %,status
0.3258373737335205,19.517999999999937,19.517999999999937,0.0,2
