time,best,best bound,gap %,status
147.4476180076599,43.08349999999954,143.25200000000066,232.49852031520697,2
time,best,best bound,gap %,status
147.4681031703949,45.63749999999988,45.64150000000082,0.008764721996024563,2
