time,best,best bound,gap %,status
90.33482575416565,3.2885499999994052,35.43675,977.5797844036555,2
time,best,best bound,gap %,status
91.90378665924072,3.5824999999993676,35.43675,889.1625959527219,2
time,best,best bound,gap %,status
6752.969232797623,3.7516999999992238,15.695189310244297,318.34873018225187,2
