time,best,best bound,gap %,status
30.47203302383423,179.17039999985238,1e+100,5.581279050562057e+99,2
time,best,best bound,gap %,status
39.867154359817505,272.09749999973684,287.74149999973685,5.749409678521536,2
time,best,best bound,gap %,status
40.01522421836853,275.4074999997368,275.4094999997368,0.0007261966358982458,2
