time,best,best bound,gap %,status
62.28204393386841,-267.09666666666806,1e+100,3.7439628598884107e+99,2
time,best,best bound,gap %,status
133.45193815231323,-231.68599999999762,752.9204444404573,424.97451051874737,2
time,best,best bound,gap %,status
151.0572600364685,-169.1331111111108,-169.12808695652205,0.0029705328280978972,2
