time,best,best bound,gap %,status
3.2609829902648926,0.763500000000016,29.272500000000004,3733.988212180667,2
time,best,best bound,gap %,status
3.2618627548217773,12.203500000000002,29.272500000000004,139.86970950956692,2
time,best,best bound,gap %,status
3.271328926086426,14.472000000000017,14.565888888888884,0.6487623610341774,2
