time,best,best bound,gap %,status
97.92043995857239,-267.09666666666806,1e+100,3.7439628598884107e+99,2
time,best,best bound,gap %,status
260.70042276382446,-38.61400000000454,-16.664666666671202,56.842941247554656,2
time,best,best bound,gap %,status
262.0349009037018,-35.91533333333786,-35.87800000000454,0.10394817441014258,2
time,best,best bound,gap %,status
262.1138069629669,-35.883333333337866,-35.87800000000454,0.01486298188571751,2
