time,best,best bound,gap %,status
1499.9454519748688,-1e+100,106.66184999999491,100.0,2
time,best,best bound,gap %,status
1501.413950920105,0.8392000000000195,106.66184999999491,12609.943994279365,2
time,best,best bound,gap %,status
1503.036101102829,3.9347000000000167,3.9347000000000167,0.0,2
