time,best,best bound,gap %,status
462.65350699424744,-56.58900000000201,1e+100,1.767127887045123e+100,2
