time,best,best bound,gap %,status
2.2690389156341553,-325.5840000000017,1e+100,3.071404000196554e+99,2
time,best,best bound,gap %,status
2.9303338527679443,-61.254000000000765,-51.054000000000975,16.651973748652598,2
time,best,best bound,gap %,status
2.933405876159668,-58.974000000000764,-58.974000000000764,0.0,2
