time,best,best bound,gap %,status
81.5283420085907,-33.37840000000458,1e+100,2.99594947630762e+100,2
time,best,best bound,gap %,status
119.12101411819458,33.40670000000297,46.57470000000297,39.4172426489262,2
time,best,best bound,gap %,status
119.19680595397949,35.24270000000297,35.278700000002964,0.10214881379687489,2
time,best,best bound,gap %,status
119.21430516242981,35.27470000000297,35.278700000002964,0.011339571987827935,2
