time,best,best bound,gap %,status
100.38300967216492,-245.9955555555578,1e+100,4.065114094202207e+99,2
time,best,best bound,gap %,status
192.51415276527405,-209.91555555555124,1147.6302222088993,646.7104232326388,2
time,best,best bound,gap %,status
209.34926795959473,-146.10488888888716,-146.10488888888716,0.0,2
time,best,best bound,gap %,status
209.60688376426697,-146.10488888888653,-146.10488888888716,4.2796487661984725e-13,2
