time,best,best bound,gap %,status
9.107892990112305,-53.630400000001835,1e+100,1.864614099465911e+100,2
time,best,best bound,gap %,status
11.518354177474976,-37.782400000000216,152.21519999989405,502.8732955023852,2
time,best,best bound,gap %,status
12.67248010635376,-11.102400000000284,-11.102400000000284,0.0,2
