time,best,best bound,gap %,status
15.01734209060669,-50.517600000003625,1e+100,1.9795081318192636e+100,2
time,best,best bound,gap %,status
19.338160037994385,-42.377600000000314,365.15939999974023,961.6802272892696,2
time,best,best bound,gap %,status
22.10648488998413,-27.577599999999848,365.15939999974023,1424.1159491752085,2
