time,best,best bound,gap %,status
46.90046000480652,-1e+100,51.946000000000126,100.0,2
time,best,best bound,gap %,status
46.98500084877014,18.004999999999992,51.946000000000126,188.50874757012022,2
time,best,best bound,gap %,status
47.58312392234802,18.004999999999992,30.32145362745097,68.40574078006657,2
