time,best,best bound,gap %,status
36.50326991081238,-0.5175999999999512,1e+100,1.9319938176199658e+102,2
time,best,best bound,gap %,status
57.747015953063965,0.09950000000004944,33.64069999999757,33709.748743699354,2
time,best,best bound,gap %,status
990.2724030017853,3.168499999999998,17.25290000000005,444.51317658198076,2
time,best,best bound,gap %,status
5925.881542921066,10.910299999999744,17.21000000000005,57.74085038908605,2
