time,best,best bound,gap %,status
91.6390118598938,11.804000000000128,38.6399999999999,227.34666214841988,2
time,best,best bound,gap %,status
565.6257798671722,15.124500000000074,17.429974937567515,15.243313415765344,2
time,best,best bound,gap %,status
1074.5505259037018,15.818500000000057,17.117449387012062,8.211583822815061,2
time,best,best bound,gap %,status
1689.4402148723602,15.818500029689904,16.989309260089193,7.401518653486648,2
