time,best,best bound,gap %,status
1.6700408458709717,-360.3600000000036,1e+100,2.775002775002747e+99,2
time,best,best bound,gap %,status
1.903425931930542,-346.280000000001,140.88399999999984,140.68499480189425,2
time,best,best bound,gap %,status
1.9618468284606934,-322.64000000000067,-322.64000000000067,0.0,2
