time,best,best bound,gap %,status
4.582526922225952,-1290.4499999999996,1e+100,7.74923476306715e+98,2
time,best,best bound,gap %,status
6.264372110366821,-354.1649999999982,-335.9649999999982,5.138847712224551,2
time,best,best bound,gap %,status
6.274739027023315,-352.4049999999982,-352.3649999999982,0.011350576751187034,2
time,best,best bound,gap %,status
6.27754282951355,-352.3649999999982,-352.3649999999982,0.0,2
