time,best,best bound,gap %,status
7.727190017700195,-90.86399999999934,1e+100,1.100545870751901e+100,2
