time,best,best bound,gap %,status
692.7018990516663,5.16403333333421,15.661366666665693,203.2777996526559,2
