time,best,best bound,gap %,status
102.16135931015015,285.1394999999756,616.0549999994571,116.05389642596336,2
time,best,best bound,gap %,status
102.17698240280151,285.1394999999756,616.0549999994571,116.05389642596336,2
time,best,best bound,gap %,status
113.52604246139526,316.9144999993584,316.9144999993584,0.0,2
