time,best,best bound,gap %,status
202.01749110221863,-30.468000000006217,1e+100,3.282132072993948e+100,2
time,best,best bound,gap %,status
494.9140191078186,31.901100000003566,49.04310000000356,53.73482419100933,2
time,best,best bound,gap %,status
512.692990064621,36.297100000003496,36.297100000003496,0.0,2
