time,best,best bound,gap %,status
2.3027923107147217,-246.4560000000001,1e+100,4.057519394942706e+99,2
time,best,best bound,gap %,status
2.3923327922821045,-191.28600000000006,142.032,174.25112135754839,2
time,best,best bound,gap %,status
2.4292349815368652,-169.67600000000013,-169.67600000000007,3.3501154471350086e-14,2
