time,best,best bound,gap %,status
45.42221021652222,-34.74880000000333,1e+100,2.877797218896492e+100,2
time,best,best bound,gap %,status
60.526586294174194,-33.25230000000579,1e+100,3.007310772487395e+100,2
