time,best,best bound,gap %,status
0.5393218994140625,8.469999999999938,102.14999999999952,1106.0212514758,2
time,best,best bound,gap %,status
0.6734020709991455,9.979999999999936,14.864999999999977,48.94789579158388,2
