time,best,best bound,gap %,status
34.23563599586487,-50.37899999999521,1e+100,1.9849540483139706e+100,2
time,best,best bound,gap %,status
37.57216811180115,-42.87633333333012,507.6733333349946,1284.0409239013734,2
time,best,best bound,gap %,status
42.00178384780884,-40.03099999999722,-40.03099999999722,0.0,2
