time,best,best bound,gap %,status
5.216673135757446,-1e+100,46.07533333333348,100.0,2
time,best,best bound,gap %,status
5.242602825164795,2.7890555555555543,46.07533333333348,1552.0048602673207,2
time,best,best bound,gap %,status
5.41813325881958,2.7890555555555543,13.423930555555579,381.3073919885276,2
time,best,best bound,gap %,status
5.461019039154053,13.35705555555556,13.423930555555579,0.5006717215621972,2
time,best,best bound,gap %,status
5.467003583908081,13.35705555555556,13.35705555555556,0.0,2
