time,best,best bound,gap %,status
6.8635478019714355,-90.86399999999934,1e+100,1.100545870751901e+100,2
time,best,best bound,gap %,status
8.655894994735718,-52.409000000000646,1e+100,1.9080692247514506e+100,2
