time,best,best bound,gap %,status
2.0063350200653076,6.649999999999983,8.239999999999991,23.90977443609042,2
time,best,best bound,gap %,status
2.035429000854492,7.349499999999981,7.4506388888888715,1.376132919095047,2
time,best,best bound,gap %,status
2.0513088703155518,7.354499999999982,7.4506388888888715,1.3072117599957804,2
time,best,best bound,gap %,status
2.0526070594787598,7.359499999999981,7.4506388888888715,1.2383842501377902,2
time,best,best bound,gap %,status
2.0829808712005615,7.379999999999981,7.431404761904743,0.6965414892244215,2
time,best,best bound,gap %,status
2.1156277656555176,7.384999999999981,7.412163018433161,0.3678133843355479,2
time,best,best bound,gap %,status
2.2241508960723877,7.389999999999982,7.406071924344941,0.217482061501475,2
