time,best,best bound,gap %,status
3.7828848361968994,-1e+100,16.79775000000016,100.0,2
time,best,best bound,gap %,status
3.8088161945343018,1.3964999999999983,16.79775000000016,1102.8464017185952,2
time,best,best bound,gap %,status
3.8277642726898193,1.3964999999999983,5.569250000000047,298.8005728607271,2
time,best,best bound,gap %,status
3.8616747856140137,5.555749999999998,5.569250000000047,0.24299149529855313,2
time,best,best bound,gap %,status
3.8646678924560547,5.555749999999998,5.555749999999998,0.0,2
