time,best,best bound,gap %,status
98.38519620895386,-140.4600000000009,1e+100,7.119464616260812e+99,2
time,best,best bound,gap %,status
159.5987241268158,-0.2640000000008017,26.20799999999854,10027.272727242027,2
time,best,best bound,gap %,status
159.63536524772644,3.0479999999992002,3.1039999999991967,1.837270341207716,2
time,best,best bound,gap %,status
159.65568113327026,3.0879999999992003,3.1039999999991967,0.5181347150259263,2
