time,best,best bound,gap %,status
16.751770973205566,-1346.519999999993,1e+100,7.426551406588875e+98,2
time,best,best bound,gap %,status
25.773719787597656,-368.08499999999844,-338.3249999999985,8.085089041933266,2
time,best,best bound,gap %,status
25.78582787513733,-364.24499999999847,-364.24499999999847,0.0,2
