time,best,best bound,gap %,status
27.54943084716797,-37.36817777777932,1e+100,2.6760737597289043e+100,2
time,best,best bound,gap %,status
33.72635579109192,-32.28017777777765,273.6587111116899,947.7608549606014,2
time,best,best bound,gap %,status
36.48983693122864,-23.62417777777781,-23.62417777777781,0.0,2
