time,best,best bound,gap %,status
53.47344899177551,7.476150000000086,21.789200000000424,191.4494760003501,2
time,best,best bound,gap %,status
1160.1865689754486,7.54245000000008,11.945679485306215,58.3792996348148,2
time,best,best bound,gap %,status
1591.085000038147,10.590500000000278,11.749277180259906,10.94166640158253,2
