time,best,best bound,gap %,status
5.547966003417969,-87.00799999999953,1e+100,1.1493196027951514e+100,2
time,best,best bound,gap %,status
6.620183229446411,-81.60799999999836,280.4599999998981,443.6672875207134,2
time,best,best bound,gap %,status
7.058333158493042,-72.60799999999853,-72.60799999999897,6.067327239026981e-13,2
