time,best,best bound,gap %,status
0.895841121673584,-413.2800000000016,1e+100,2.419667053813386e+99,2
time,best,best bound,gap %,status
1.0279929637908936,-400.2000000000009,121.1399999999991,130.269865067466,2
time,best,best bound,gap %,status
1.0574769973754883,-378.40000000000094,-378.40000000000094,0.0,2
