time,best,best bound,gap %,status
139.06889081001282,2.693688888888442,46.007666666671504,1607.9799696414348,2
time,best,best bound,gap %,status
141.13550281524658,4.280955555556618,46.007666666671504,974.7055434143487,2
