time,best,best bound,gap %,status
276.53917384147644,10.865100017034614,22.219322239264244,104.50177360933776,2
time,best,best bound,gap %,status
282.9550290107727,13.789277794813092,15.153060762473974,9.89016965177013,2
time,best,best bound,gap %,status
283.9638440608978,13.85920001717561,15.153060762473974,9.335753461201882,2
time,best,best bound,gap %,status
288.61218786239624,14.235611128146346,15.074308842645415,5.891546958885484,2
time,best,best bound,gap %,status
292.37003087997437,14.247322239257448,14.968398710940498,5.061136819774995,2
time,best,best bound,gap %,status
301.0674979686737,14.383366683701873,14.927447690263751,3.7827096988244713,2
time,best,best bound,gap %,status
308.52856612205505,14.392566684337327,14.876474931710462,3.362209520972703,2
time,best,best bound,gap %,status
316.8046028614044,14.476811128816486,14.84175173412666,2.5208632071171397,2
time,best,best bound,gap %,status
322.24222803115845,14.484411128146299,14.823815281528505,2.3432375011965236,2
time,best,best bound,gap %,status
329.53701615333557,14.505711128146299,14.806999627768949,2.0770336384132335,2
time,best,best bound,gap %,status
334.59748697280884,14.513033350939981,14.791779277821293,1.9206593145688466,2
time,best,best bound,gap %,status
341.50415205955505,14.531733350368512,14.779787234599606,1.7069807038869438,2
time,best,best bound,gap %,status
346.25344586372375,14.535377794812955,14.76989410153989,1.6134173465420578,2
time,best,best bound,gap %,status
352.4716649055481,14.535377777779933,14.762673142695686,1.5637389573954958,2
