time,best,best bound,gap %,status
35.96021008491516,-66.20100000000116,1e+100,1.510551200132902e+100,2
time,best,best bound,gap %,status
56.624693155288696,23.852999999999657,34.514999999999645,44.69878002767007,2
time,best,best bound,gap %,status
56.751275062561035,25.312999999999658,25.326999999999657,0.05530754948050226,2
