time,best,best bound,gap %,status
35.97623801231384,-31.629600000005485,1e+100,3.1615954675361896e+100,2
time,best,best bound,gap %,status
45.76970171928406,-22.709600000000258,272.65089999933383,1300.5975446477732,2
time,best,best bound,gap %,status
51.09757375717163,-6.18359999999796,-6.18359999999796,0.0,2
