time,best,best bound,gap %,status
23.078584909439087,-34.74880000000333,1e+100,2.877797218896492e+100,2
time,best,best bound,gap %,status
30.135665893554688,-30.788799999999398,305.06829999977333,1090.8417996147277,2
time,best,best bound,gap %,status
36.72224998474121,-24.188799999998466,305.06829999977333,1361.196504166361,2
