time,best,best bound,gap %,status
7.212938070297241,-54.13440000000152,1e+100,1.8472542412956864e+100,2
time,best,best bound,gap %,status
9.350547075271606,-39.33439999999827,198.30519999989716,604.152090790519,2
time,best,best bound,gap %,status
9.998660802841187,-13.434399999997465,-13.43439999999822,5.619541302516293e-12,2
time,best,best bound,gap %,status
10.054656028747559,-13.43440000000117,-13.434399999997465,2.7582030957754716e-11,2
