time,best,best bound,gap
0.08268928527832031,8.40111111111111,14.226111111111134,69.3360666578498
time,best,best bound,gap
0.08268928527832031,8.40111111111111,14.226111111111134,69.3360666578498
time,best,best bound,gap
0.08268928527832031,13.459444444444472,13.459444444444472,0.0
