time,best,best bound,gap %,status
20.57035803794861,-37.27360000000169,1e+100,2.6828640109888892e+100,2
