time,best,best bound,gap %,status
13.237343788146973,-53.630400000001835,1e+100,1.864614099465911e+100,2
time,best,best bound,gap %,status
18.048722743988037,-1.984400000000814,13.481199999999019,779.3590002012442,2
time,best,best bound,gap %,status
18.08958673477173,0.9275999999991891,0.9755999999991918,5.174644243213096,2
