time,best,best bound,gap %,status
22.8141450881958,-220.30000000034792,1e+100,4.539264639121292e+99,2
time,best,best bound,gap %,status
45.8833429813385,412.4439999996585,426.01999999965847,3.291598374569931,2
time,best,best bound,gap %,status
45.93261384963989,413.6679999996585,413.6679999996585,0.0,2
