time,best,best bound,gap %,status
481.5027940273285,5.129266666667532,15.707599999999031,206.2348093943848,2
