time,best,best bound,gap %,status
340.71878719329834,-160.92719999998502,1e+100,6.213989928365702e+99,2
time,best,best bound,gap %,status
1705.3170161247253,-4.473199999985351,10.051600000013718,324.7071447743592,2
time,best,best bound,gap %,status
1735.3800830841064,-2.956399999985356,-2.8723999999853644,2.841293465038821,2
time,best,best bound,gap %,status
1738.9721322059631,-2.890799999985354,-2.8723999999853644,0.6365020063678829,2
