time,best,best bound,gap %,status
26.884945154190063,-568.6000000000041,1e+100,1.758705592683772e+99,2
time,best,best bound,gap %,status
37.229764223098755,-505.7360000000019,880.9459999970624,274.1908821988269,2
time,best,best bound,gap %,status
39.69323110580444,-395.23200000000224,-395.23200000000224,0.0,2
