time,best,best bound,gap %,status
66.86177492141724,-107.68999999999139,1e+100,9.285913269570806e+99,2
time,best,best bound,gap %,status
96.74215412139893,-85.11599999999974,597.8735000007264,802.4219888161194,2
time,best,best bound,gap %,status
105.52608895301819,-45.064000000000505,-45.064000000000505,0.0,2
