time,best,best bound,gap %,status
18.191076278686523,-963.3749999999927,1e+100,1.0380173867912368e+99,2
time,best,best bound,gap %,status
27.510955095291138,-245.20499999999745,-211.00499999999835,13.947513305193393,2
time,best,best bound,gap %,status
27.557892084121704,-241.16499999999746,-241.08499999999745,0.0331723094147216,2
time,best,best bound,gap %,status
27.560550212860107,-241.08499999999745,-241.08499999999745,0.0,2
