time,best,best bound,gap %,status
18.741270065307617,-26.328711111110664,1e+100,3.798135031296697e+100,2
time,best,best bound,gap %,status
20.33886694908142,-8.367377777777175,266.52320000054647,3285.265528567414,2
time,best,best bound,gap %,status
22.159987926483154,2.155288888887718,2.155288888887718,0.0,2
