time,best,best bound,gap %,status
47.41851019859314,-568.6000000000041,1e+100,1.758705592683772e+99,2
time,best,best bound,gap %,status
79.26490187644958,-133.20000000000798,-117.64000000000799,11.681681681680974,2
time,best,best bound,gap %,status
79.29920697212219,-131.46400000000799,-131.46400000000799,0.0,2
