time,best,best bound,gap %,status
22.484573125839233,-63.445500000002,1e+100,1.576155913342898e+100,2
time,best,best bound,gap %,status
24.56329607963562,-47.59350000000125,488.39199999830527,1126.1737422091094,2
time,best,best bound,gap %,status
26.936290979385376,-40.87350000000172,-40.87350000000172,0.0,2
