time,best,best bound,gap %,status
20.40172004699707,-42.56124444444571,1e+100,2.3495553597011917e+100,2
time,best,best bound,gap %,status
26.336370944976807,-36.89624444445134,1e+100,2.7103029456169637e+100,2
