time,best,best bound,gap %,status
24.005970239639282,-34.74880000000333,1e+100,2.877797218896492e+100,2
time,best,best bound,gap %,status
31.942398071289062,-29.94879999999945,194.72729999940654,750.2006758180967,2
time,best,best bound,gap %,status
37.11692404747009,-21.738799999998907,-21.738799999998907,0.0,2
