time,best,best bound,gap %,status
22.647650718688965,-220.30000000034792,1e+100,4.539264639121292e+99,2
time,best,best bound,gap %,status
79.78013586997986,413.44399999965816,433.9239999996548,4.9535124466707945,2
time,best,best bound,gap %,status
79.81727910041809,416.15599999965815,416.15599999965815,0.0,2
