time,best,best bound,gap %,status
9.834656953811646,-2749.9499999999994,1e+100,3.636429753268242e+98,2
time,best,best bound,gap %,status
14.451939105987549,-824.3100000000036,-800.3100000000036,2.911526003566607,2
time,best,best bound,gap %,status
14.465137243270874,-821.8700000000035,-821.8700000000035,0.0,2
