time,best,best bound,gap %,status
4.581743240356445,5.7839999999999865,7.289999999999969,26.037344398340007,2
time,best,best bound,gap %,status
4.619642019271851,6.403499999999987,6.505993908382052,1.600591994722663,2
time,best,best bound,gap %,status
4.664521932601929,6.449499999999986,6.492205555555542,0.6621529662075523,2
time,best,best bound,gap %,status
4.678483486175537,6.479999999999986,6.492205555555542,0.18835733882030942,2
time,best,best bound,gap %,status
4.720372200012207,6.484999999999987,6.489967828947355,0.07660491823235555,2
