time,best,best bound,gap %,status
1.775360107421875,-766.395000000001,1e+100,1.3048101827386644e+99,2
time,best,best bound,gap %,status
2.2144181728363037,-196.79999999999865,-187.83999999999864,4.55284552845532,2
time,best,best bound,gap %,status
2.2231123447418213,-195.63999999999865,-195.51999999999865,0.06133714986710559,2
time,best,best bound,gap %,status
2.2273993492126465,-195.51999999999865,-195.51999999999865,0.0,2
