time,best,best bound,gap %,status
91.95185804367065,-148.41050000001107,1e+100,6.738067724318195e+99,2
time,best,best bound,gap %,status
286.486407995224,-121.81850000000225,815.2924999956346,769.268214594351,2
time,best,best bound,gap %,status
300.8579342365265,-74.5585000000008,-74.5585000000008,0.0,2
