time,best,best bound,gap %,status
0.07678532600402832,1.2500000000000004,7.399999999999996,491.99999999999943,2
time,best,best bound,gap %,status
0.07821798324584961,1.7000000000000006,7.399999999999996,335.29411764705844,2
time,best,best bound,gap %,status
0.09256410598754883,3.7500000000000004,4.04,7.733333333333321,2
time,best,best bound,gap %,status
0.1109001636505127,3.950000000000001,4.015,1.645569620253129,2
