time,best,best bound,gap %,status
67.38902997970581,-188.86777777777817,1e+100,5.294709408698608e+99,2
time,best,best bound,gap %,status
121.57547903060913,-12.970444444437703,4.84555555556183,137.35843884393503,2
time,best,best bound,gap %,status
121.90112495422363,-10.471777777771036,-10.45311111110437,0.17825690214980544,2
time,best,best bound,gap %,status
122.15764784812927,-10.46111111110437,-10.455777777771038,0.05098247477432357,2
