time,best,best bound,gap %,status
0.3435969352722168,5.55597222222222,10.742777777777803,93.35549833762522,2
time,best,best bound,gap %,status
0.35921359062194824,5.55597222222222,10.742777777777803,93.35549833762522,2
time,best,best bound,gap %,status
0.3616139888763428,7.55722222222223,7.55722222222223,0.0,2
