time,best,best bound,gap %,status
215.1728389263153,3.8702000000003047,12.214000000001011,215.59092553356544,2
time,best,best bound,gap %,status
5505.028324842453,3.8736000000003052,5.834889701441969,50.632220710489186,2
time,best,best bound,gap %,status
8716.720035076141,5.47215000000039,5.766302896078606,5.375453817570692,2
