time,best,best bound,gap %,status
10.623162031173706,9.149999999999947,11.117499999999923,21.502732240437023,2
time,best,best bound,gap %,status
10.632620096206665,9.857499999999947,11.117499999999923,12.78214557443554,2
time,best,best bound,gap %,status
10.849152088165283,10.157499999999947,10.18302827380947,0.2513243791240196,2
