time,best,best bound,gap %,status
13.313175916671753,-43.13493333333437,1e+100,2.3183065852270766e+100,2
time,best,best bound,gap %,status
16.686362981796265,-28.865599999999993,126.97404444435519,539.8801495356245,2
time,best,best bound,gap %,status
19.140097856521606,-5.178933333332323,-5.178933333332323,0.0,2
