time,best,best bound,gap %,status
21.458139181137085,-1e+100,78.96100000000001,100.0,2
time,best,best bound,gap %,status
21.459975242614746,30.301000000000002,78.96100000000001,160.58875944688296,2
time,best,best bound,gap %,status
21.466252088546753,32.56450000000001,32.56450000000001,0.0,2
