time,best,best bound,gap %,status
0.16518211364746094,9.824999999999996,27.35,178.37150127226477,2
time,best,best bound,gap %,status
0.1771988868713379,15.640000000000008,16.925,8.21611253196926,2
time,best,best bound,gap %,status
0.1890561580657959,15.840000000000003,16.135,1.8623737373737255,2
time,best,best bound,gap %,status
0.19762587547302246,15.880000000000006,16.085,1.2909319899243996,2
