time,best,best bound,gap %,status
33.1346697807312,6.304188901070901,6.426555567737573,1.9410374369633026,2
time,best,best bound,gap %,status
33.17396306991577,6.34616667884868,6.360096759727685,0.21950386089657892,2
time,best,best bound,gap %,status
33.188302755355835,6.34757778995979,6.360096759727685,0.19722436151465841,2
time,best,best bound,gap %,status
33.20710897445679,6.351577789959791,6.360096759727685,0.1341236783931122,2
time,best,best bound,gap %,status
33.24167084693909,6.3526555677375685,6.357901580028193,0.08257983192519393,2
time,best,best bound,gap %,status
33.25556397438049,6.35406667884868,6.357901580028193,0.06035349286274008,2
time,best,best bound,gap %,status
33.293931007385254,6.354755567737568,6.356977225999624,0.03496056202909095,2
time,best,best bound,gap %,status
33.358346939086914,6.355322234404235,6.3569767410131375,0.026033402365438805,2
time,best,best bound,gap %,status
33.39671778678894,6.355833345515346,6.356933345515346,0.0173069358524993,2
time,best,best bound,gap %,status
33.40363907814026,6.3561666788486795,6.356933345515346,0.012061777253538448,2
