time,best,best bound,gap %,status
2.9789392948150635,6.555999999999977,19.147999999999993,192.06833435021446,2
time,best,best bound,gap %,status
2.9800620079040527,9.032500000000006,19.147999999999993,111.99003598117885,2
time,best,best bound,gap %,status
2.9887120723724365,10.69650000000002,10.85792857142856,1.5091718920071102,2
