time,best,best bound,gap %,status
769.3525350093842,-560.7374999999867,1e+100,1.7833656568359061e+99,2
