time,best,best bound,gap %,status
1130.8936882019043,-630.1944444444226,1e+100,1.586811830563814e+99,2
