time,best,best bound,gap %,status
536.0746920108795,5.177488888890308,19.33440000000607,273.43199405976924,2
time,best,best bound,gap %,status
541.482714176178,10.42478888889186,19.33440000000607,85.4656262690159,2
time,best,best bound,gap %,status
1277.6613318920135,10.426022222225193,13.173839088235763,26.355371276238394,2
time,best,best bound,gap %,status
1706.8210530281067,12.514255555559487,13.099278283593158,4.674850417081129,2
