time,best,best bound,gap %,status
0.41597938537597656,50.594999999999956,70.46000000000124,39.26277300128729,2
time,best,best bound,gap %,status
0.41597938537597656,50.594999999999956,70.46000000000124,39.26277300128729,2
time,best,best bound,gap %,status
0.41997861862182617,65.00300000000126,65.00300000000126,0.0,2
