time,best,best bound,gap %,status
139.26197910308838,-1471.2500000000002,1e+100,6.796941376380629e+98,2
time,best,best bound,gap %,status
268.92104601860046,-417.59600000001564,-411.2760000000157,1.5134244580886071,2
time,best,best bound,gap %,status
269.08010172843933,-417.46800000001565,-417.46800000001565,0.0,2
