time,best,best bound,gap %,status
1.340074062347412,-325.5840000000017,1e+100,3.071404000196554e+99,2
time,best,best bound,gap %,status
1.4802989959716797,-311.7440000000008,85.71599999999978,127.49563744610948,2
time,best,best bound,gap %,status
1.5239179134368896,-288.50400000000064,-288.50400000000064,0.0,2
