time,best,best bound,gap %,status
6.396575927734375,76.13599999999018,1e+100,1.3134391089630779e+100,2
time,best,best bound,gap %,status
7.254671812057495,223.4879999999962,237.35999999999618,6.2070446735396185,2
time,best,best bound,gap %,status
7.27607798576355,226.2079999999962,226.2799999999962,0.03182911302871867,2
time,best,best bound,gap %,status
7.282247066497803,226.24799999999618,226.2799999999962,0.014143771436658546,2
