time,best,best bound,gap %,status
1.7422726154327393,-1e+100,39.94194444444456,100.0,2
time,best,best bound,gap %,status
1.7642138004302979,1.9258333333333293,39.94194444444456,1974.0083657868267,2
time,best,best bound,gap %,status
1.7847695350646973,12.477222222222213,12.47722222222225,2.9897274379682765e-13,2
