time,best,best bound,gap %,status
10.385396242141724,-62.104000000000035,1e+100,1.6102022414015193e+100,2
time,best,best bound,gap %,status
10.68648386001587,-54.424000000000035,148.30400000000068,372.4974276054692,2
time,best,best bound,gap %,status
10.916888236999512,-51.648000000000046,-51.64800000000021,3.1642044072340246e-13,2
