time,best,best bound,gap %,status
50.91430687904358,0.9841999999997264,30.302999999996715,2978.9473684215745,2
time,best,best bound,gap %,status
51.74340200424194,2.9290000000002507,30.302999999996715,934.5851826559959,2
time,best,best bound,gap %,status
2979.726854801178,2.979050000000271,13.67544159605795,359.0537787568758,2
