time,best,best bound,gap %,status
0.9592068195343018,-325.5840000000017,1e+100,3.071404000196554e+99,2
time,best,best bound,gap %,status
1.086845874786377,-301.60400000000084,182.9759999999999,160.6676304027796,2
time,best,best bound,gap %,status
1.1304130554199219,-258.0040000000004,-258.0040000000004,0.0,2
