time,best,best bound,gap %,status
40.87258696556091,-50.517600000003625,1e+100,1.9795081318192636e+100,2
time,best,best bound,gap %,status
58.5299129486084,-37.32270000000363,1e+100,2.6793345604683013e+100,2
