time,best,best bound,gap %,status
369.3687002658844,65.32900000000113,178.26900000000327,172.87881339068437,2
time,best,best bound,gap %,status
369.38429713249207,71.00300000000257,71.0030000000035,1.3009387722886312e-12,2
