time,best,best bound,gap %,status
309.22080302238464,-656.9888888888815,1e+100,1.5220957567352908e+99,2
time,best,best bound,gap %,status
1218.1820521354675,-162.75177777778387,-156.06377777778388,4.109325312029201,2
time,best,best bound,gap %,status
1229.7024490833282,-162.71444444445055,-162.69844444445056,0.00983317741373195,2
