time,best,best bound,gap %,status
59.650004863739014,-111.72749999999519,1e+100,8.95034794477674e+99,2
time,best,best bound,gap %,status
93.46386885643005,10.000500000002765,22.184500000002764,121.83390830455107,2
time,best,best bound,gap %,status
93.69951581954956,11.454500000002765,11.518500000002765,0.5587323759219923,2
