time,best,best bound,gap %,status
132.9284279346466,-542.7000000000107,1e+100,1.8426386585590202e+99,2
time,best,best bound,gap %,status
222.0162649154663,-119.50800000002091,-95.09200000002093,20.430431435548844,2
time,best,best bound,gap %,status
222.05864071846008,-116.62000000002091,-95.09200000002093,18.45995541073239,2
