time,best,best bound,gap %,status
67.4981141090393,-188.86777777777817,1e+100,5.294709408698608e+99,2
time,best,best bound,gap %,status
137.08472514152527,-12.970444444437703,9.186888888894972,170.82940702802756,2
time,best,best bound,gap %,status
137.3445200920105,-9.597111111104352,-9.583777777771036,0.1389306967373601,2
