time,best,best bound,gap %,status
130.09778261184692,11.187200000000134,30.93229999999726,176.49724685351907,2
time,best,best bound,gap %,status
565.5992708206177,11.217050000000132,17.574235828142918,56.67431123283494,2
time,best,best bound,gap %,status
1498.4195199012756,16.48925000000175,17.413515874316097,5.60526327343117,2
