time,best,best bound,gap %,status
1486.7408521175385,-1e+100,356.5627499999927,100.0,2
time,best,best bound,gap %,status
1487.4993259906769,94.32884999999268,356.5627499999927,277.9996787833419,2
time,best,best bound,gap %,status
1510.1531069278717,95.8789999999927,95.8789999999927,0.0,2
