time,best,best bound,gap %,status
10.9959716796875,-112.70000000001201,1e+100,8.87311446317563e+99,2
time,best,best bound,gap %,status
17.903311729431152,256.4219999999925,270.9419999999925,5.6625406556381295,2
time,best,best bound,gap %,status
17.923663854599,258.62999999999255,258.62999999999255,0.0,2
