time,best,best bound,gap %,status
4.060354709625244,-1e+100,84.62516666666377,100.0,2
time,best,best bound,gap %,status
4.07597541809082,4.865222222222209,84.62516666666377,1639.3895448420217,2
time,best,best bound,gap %,status
4.191840648651123,21.471777777777753,21.47177777777796,9.59666197661977e-13,2
