time,best,best bound,gap %,status
1.6359436511993408,-1e+100,66.71555555555557,100.0,2
time,best,best bound,gap %,status
1.6359436511993408,14.251666666666662,66.71555555555557,368.12458581842304,2
time,best,best bound,gap %,status
1.6671881675720215,17.499999999999986,17.50000000000001,1.4210854715202014e-13,2
