time,best,best bound,gap %,status
8.021956205368042,-177.28499999999937,1e+100,5.64063513551628e+99,2
time,best,best bound,gap %,status
9.951727151870728,-169.02500000000174,198.2639999999992,217.29862446383504,2
time,best,best bound,gap %,status
10.343888282775879,-160.6210000000016,-160.6210000000016,0.0,2
