time,best,best bound,gap %,status
0.9811897277832031,-281.5680000000001,1e+100,3.551539947721331e+99,2
time,best,best bound,gap %,status
1.0439848899841309,-227.07200000000006,130.79199999999997,157.59935174746334,2
time,best,best bound,gap %,status
1.0689189434051514,-205.50800000000015,-205.50800000000004,5.531990857855458e-14,2
