time,best,best bound,gap %,status
15.506821870803833,-2397.1499999999996,1e+100,4.1716204659700066e+98,2
time,best,best bound,gap %,status
22.763097763061523,-698.310000000004,-679.0300000000041,2.7609514399048933,2
time,best,best bound,gap %,status
22.780759811401367,-696.310000000004,-696.230000000004,0.011489135586167147,2
time,best,best bound,gap %,status
22.786046028137207,-696.230000000004,-696.230000000004,0.0,2
