time,best,best bound,gap %,status
542.4329550266266,-830.812500000027,1e+100,1.2036410140675155e+99,2
time,best,best bound,gap %,status
7878.464411735535,-211.4560000000135,-204.25400000001352,3.4059095036317295,2
time,best,best bound,gap %,status
7886.647618055344,-210.4800000000135,-210.48000000001352,1.3503282701635397e-14,2
