time,best,best bound,gap %,status
47.92903399467468,0.12165000000002077,21.84300000000001,17855.61035758017,2
time,best,best bound,gap %,status
48.63623285293579,2.246749999999972,21.84300000000001,872.2042950929247,2
time,best,best bound,gap %,status
3325.908866882324,2.264699999999979,10.894250000000005,381.0460546650817,2
