time,best,best bound,gap %,status
6.697539806365967,-337.17600000000414,1e+100,2.9658101406979966e+99,2
time,best,best bound,gap %,status
9.75367784500122,-227.1180000000025,-211.8780000000025,6.710168282566702,2
time,best,best bound,gap %,status
9.888778924942017,-225.1980000000025,-225.1580000000025,0.017762147088348928,2
