time,best,best bound,gap %,status
19.24947476387024,-37.27360000000169,1e+100,2.6828640109888892e+100,2
time,best,best bound,gap %,status
23.54190182685852,-35.741050000003455,1e+100,2.797903251303203e+100,2
