time,best,best bound,gap %,status
6.209878206253052,-2463.2999999999956,1e+100,4.0595948524337344e+98,2
time,best,best bound,gap %,status
9.092617988586426,-737.4600000000065,-720.5400000000066,2.294361728093701,2
time,best,best bound,gap %,status
9.10676908493042,-735.5400000000066,-735.5000000000065,0.0054381814721261865,2
