time,best,best bound,gap %,status
29.48957586288452,-33.37840000000458,1e+100,2.99594947630762e+100,2
time,best,best bound,gap %,status
37.517438888549805,-28.452399999999784,231.4524999992182,913.4726771703614,2
time,best,best bound,gap %,status
42.00499892234802,-20.11439999999876,-20.11439999999876,0.0,2
