time,best,best bound,gap %,status
23.947495937347412,-1e+100,80.80000000000007,100.0,2
time,best,best bound,gap %,status
23.949981927871704,27.424000000000028,80.80000000000007,194.6324387397899,2
time,best,best bound,gap %,status
23.957096815109253,32.705500000000015,32.705500000000015,0.0,2
