time,best,best bound,gap %,status
16.510202884674072,-408.17000000000013,1e+100,2.4499595756670005e+99,2
time,best,best bound,gap %,status
21.812145948410034,-360.7859999999972,494.13099999889187,236.9595826886009,2
time,best,best bound,gap %,status
23.482798099517822,-277.7079999999985,-277.70799999999934,3.0703158818331663e-13,2
