time,best,best bound,gap %,status
30.424319982528687,-6.02000000025749,1e+100,1.661129568035262e+101,2
time,best,best bound,gap %,status
69.81656289100647,297.90399999973044,311.03999999972217,4.409474193029839,2
time,best,best bound,gap %,status
69.89213490486145,299.31999999973044,299.3999999997304,0.026727248429792905,2
time,best,best bound,gap %,status
69.92622685432434,299.3759999997304,299.3999999997304,0.008016674683348872,2
