time,best,best bound,gap %,status
11.162710189819336,7.250499999999846,7.628499999999832,5.213433556306378,2
time,best,best bound,gap %,status
11.206582069396973,7.372999999999847,7.4114999999998465,0.5221755052217656,2
time,best,best bound,gap %,status
11.216634273529053,7.374499999999847,7.4114999999998465,0.5017289307749772,2
time,best,best bound,gap %,status
11.230201244354248,7.374999999999846,7.4114999999998465,0.4949152542373011,2
time,best,best bound,gap %,status
11.233092069625854,7.381499999999846,7.4114999999998465,0.4064214590530499,2
time,best,best bound,gap %,status
11.2681143283844,7.387999999999846,7.4034999999998465,0.20979967514889838,2
time,best,best bound,gap %,status
11.404516220092773,7.388999999999847,7.391999999999847,0.04060089321965321,2
