time,best,best bound,gap %,status
0.42592954635620117,11.145102040816324,29.927244897959373,168.52374063833471,2
time,best,best bound,gap %,status
0.42592954635620117,11.145102040816324,29.927244897959373,168.52374063833471,2
time,best,best bound,gap %,status
0.4415857791900635,18.680102040816386,18.680102040816386,0.0,2
