time,best,best bound,gap %,status
51.130064964294434,-394.6599999999994,1e+100,2.533826584908533e+99,2
time,best,best bound,gap %,status
78.7136709690094,-75.96700000000261,-54.68700000000261,28.012163176114985,2
time,best,best bound,gap %,status
78.74187803268433,-74.37500000000261,-74.37500000000261,0.0,2
