time,best,best bound,gap %,status
18.39589810371399,4.652066669838561,4.687733336505232,0.766684340487083,2
time,best,best bound,gap %,status
18.417863845825195,4.664400003171894,4.666164010412218,0.03781852412151589,2
time,best,best bound,gap %,status
18.435942888259888,4.664733336505228,4.665629169838561,0.01920438466058219,2
time,best,best bound,gap %,status
18.445344924926758,4.665066669838561,4.665566669838562,0.010717960436306349,2
