time,best,best bound,gap %,status
1042.8478229045868,4.64830000000049,15.644349999989316,236.56067809710365,2
