time,best,best bound,gap %,status
10.851078271865845,-1e+100,91.46300000000004,100.0,2
time,best,best bound,gap %,status
10.853547096252441,23.073500000000053,91.46300000000004,296.3984657724222,2
time,best,best bound,gap %,status
10.855859279632568,28.31700000000004,28.31700000000004,0.0,2
