time,best,best bound,gap %,status
20.705214977264404,-83.2239999999992,1e+100,1.201576468326456e+100,2
time,best,best bound,gap %,status
29.063643217086792,-47.00400000000092,1e+100,2.1274785124669824e+100,2
