time,best,best bound,gap %,status
2.7567219734191895,-1e+100,46.97550000000003,100.0,2
time,best,best bound,gap %,status
2.759654998779297,13.053499999999985,46.97550000000003,259.86900065116697,2
time,best,best bound,gap %,status
2.76224684715271,13.053499999999985,17.482499999999984,33.92959742597773,2
