time,best,best bound,gap %,status
47.26223301887512,73.86555555605158,1e+100,1.3538109778937054e+100,2
time,best,best bound,gap %,status
139.80052614212036,334.34800000050944,356.68933333377737,6.682059809908802,2
time,best,best bound,gap %,status
140.0390021800995,337.7213333338428,337.7346666671761,0.003948028157327272,2
