time,best,best bound,gap %,status
99.8847451210022,1.848299999999984,21.688,1073.4025861602654,2
time,best,best bound,gap %,status
101.63385891914368,2.252450000000134,21.688,862.8626606583367,2
