time,best,best bound,gap %,status
76.60471081733704,2.535766666666239,42.322333333336594,1569.0152879475136,2
time,best,best bound,gap %,status
77.92796206474304,4.1773777777784895,42.322333333336594,913.1315764274358,2
time,best,best bound,gap %,status
3428.306795835495,4.4359666666673965,18.240393231120756,311.1931987267207,2
time,best,best bound,gap %,status
10835.236994981766,5.442044444446375,17.50074923050799,221.58409232338343,2
