time,best,best bound,gap %,status
22.106600761413574,-51.61920000000252,1e+100,1.9372636538341377e+100,2
time,best,best bound,gap %,status
29.525914907455444,-38.27760000000266,1e+100,2.6124939912636387e+100,2
