time,best,best bound,gap %,status
15.380924224853516,-5140.0000000001855,1e+100,1.9455252918287234e+98,2
time,best,best bound,gap %,status
43.00529503822327,1021.8399999997987,1041.8399999997846,1.9572535817730607,2
time,best,best bound,gap %,status
43.02859306335449,1024.2399999997988,1024.2999999997987,0.00585800203076986,2
