time,best,best bound,gap %,status
20.94872784614563,2.857499999832334,1e+100,3.4995625548860044e+101,2
time,best,best bound,gap %,status
60.93154311180115,242.36499999982289,260.58899999982134,7.51923751367226,2
time,best,best bound,gap %,status
60.98944592475891,245.30499999982288,245.30499999982288,0.0,2
