time,best,best bound,gap %,status
19.876221895217896,-23.27360000000015,1e+100,4.296713873229726e+100,2
time,best,best bound,gap %,status
21.692371129989624,-6.543899999998821,225.30599999924274,3542.9927107578555,2
time,best,best bound,gap %,status
24.56778597831726,3.46240000000052,3.46240000000052,0.0,2
