time,best,best bound,gap %,status
111.71957206726074,-304.97999999996074,1e+100,3.2789035346584324e+99,2
time,best,best bound,gap %,status
184.7347161769867,-261.6559999999958,1684.2239999899589,743.6787232052718,2
time,best,best bound,gap %,status
200.0260090827942,-185.16800000000308,-185.16800000000308,0.0,2
