time,best,best bound,gap %,status
62.62788200378418,-75.43433333333019,1e+100,1.3256563103450353e+100,2
time,best,best bound,gap %,status
93.2536289691925,21.19033333333837,36.73166666667124,73.34161803336038,2
time,best,best bound,gap %,status
93.30526089668274,22.667666666671703,22.667666666671703,0.0,2
