time,best,best bound,gap %,status
9.431394815444946,-53.630400000001835,1e+100,1.864614099465911e+100,2
time,best,best bound,gap %,status
11.75703501701355,-37.782400000000216,152.21519999989405,502.8732955023852,2
time,best,best bound,gap %,status
12.954514026641846,-11.102400000000284,-11.102400000000284,0.0,2
