time,best,best bound,gap %,status
6.374531030654907,-90.7279999999995,1e+100,1.1021955735825827e+100,2
time,best,best bound,gap %,status
7.744537115097046,-15.91800000000057,-3.9040000000006696,75.47430581731041,2
time,best,best bound,gap %,status
7.759572267532349,-13.40600000000057,-13.322000000000596,0.6265851111440488,2
time,best,best bound,gap %,status
7.763913154602051,-13.37400000000057,-13.322000000000596,0.38881411694311735,2
