time,best,best bound,gap %,status
1164.1686489582062,-630.1944444444226,1e+100,1.586811830563814e+99,2
