time,best,best bound,gap %,status
20.319536685943604,-1e+100,103.56100000000004,100.0,2
time,best,best bound,gap %,status
20.32256054878235,29.29500000000002,103.56100000000004,253.51083802696698,2
time,best,best bound,gap %,status
20.329469919204712,33.28850000000001,33.28850000000001,0.0,2
