time,best,best bound,gap %,status
0.20448994636535645,0.2500000000000001,1.4800000000000002,491.99999999999983,2
time,best,best bound,gap %,status
0.2057180404663086,0.3400000000000001,1.4800000000000002,335.2941176470588,2
time,best,best bound,gap %,status
0.22383618354797363,0.7500000000000003,0.8079999999999999,7.733333333333278,2
time,best,best bound,gap %,status
0.24258804321289062,0.7900000000000003,0.8029999999999999,1.6455696202531234,2
