time,best,best bound,gap %,status
74.57120299339294,-93.50549999999396,1e+100,1.0694558074124673e+100,2
time,best,best bound,gap %,status
114.48703789710999,15.087000000000348,37.27900000000035,147.0935242261516,2
time,best,best bound,gap %,status
114.55543184280396,17.75100000000035,17.831000000000344,0.450678834995173,2
time,best,best bound,gap %,status
114.58091497421265,17.81900000000035,17.831000000000344,0.06734384645599144,2
