time,best,best bound,gap %,status
28.226133108139038,0.9637499999998143,23.841999999999988,2373.8780804155213,2
time,best,best bound,gap %,status
28.53438687324524,1.6196499999997394,23.841999999999988,1372.0464297844487,2
time,best,best bound,gap %,status
28.942753076553345,3.0295000000002594,23.841999999999988,686.9945535566247,2
time,best,best bound,gap %,status
442.9018979072571,3.90375000000026,12.277990035188223,214.51783631603988,2
time,best,best bound,gap %,status
1813.5375862121582,6.652249999999782,11.906600000000005,78.98605734902318,2
