time,best,best bound,gap %,status
43.313055992126465,-99.66149999999438,1e+100,1.0033964971428852e+100,2
time,best,best bound,gap %,status
59.62761211395264,15.006000000000215,35.98600000000022,139.8107423697168,2
time,best,best bound,gap %,status
59.70596408843994,18.250000000000217,18.322000000000216,0.39452054794519625,2
time,best,best bound,gap %,status
59.72973704338074,18.322000000000216,18.322000000000216,0.0,2
