time,best,best bound,gap %,status
31.369951009750366,-67.96500000000015,1e+100,1.471345545501358e+100,2
time,best,best bound,gap %,status
43.97298789024353,-57.82100000000164,281.6299999994587,587.0721710095825,2
time,best,best bound,gap %,status
48.65420198440552,-39.24100000000064,-39.24100000000064,0.0,2
