time,best,best bound,gap %,status
1.3764028549194336,-246.4560000000001,1e+100,4.057519394942706e+99,2
time,best,best bound,gap %,status
1.4561891555786133,-206.7300000000001,142.032,168.70410680597877,2
time,best,best bound,gap %,status
1.4960827827453613,-201.37600000000006,-201.37600000000018,5.645500840299539e-14,2
