time,best,best bound,gap %,status
0.4700300693511963,-1e+100,24.845416666666747,100.0,2
time,best,best bound,gap %,status
0.4700300693511963,5.155277777777776,24.845416666666747,381.941376151734,2
time,best,best bound,gap %,status
0.4700300693511963,5.699444444444443,5.699444444444451,1.4025236766879846e-13,2
