time,best,best bound,gap %,status
40.95711588859558,6.339050000000121,6.422850000000121,1.3219646476995526,2
time,best,best bound,gap %,status
40.99652671813965,6.369350000000121,6.377800000000121,0.13266659863252253,2
time,best,best bound,gap %,status
41.013449907302856,6.370100000000121,6.377800000000121,0.12087722327750836,2
time,best,best bound,gap %,status
41.03114581108093,6.371700000000121,6.377800000000121,0.09573583188159955,2
time,best,best bound,gap %,status
41.070348024368286,6.372500000000121,6.376150000000121,0.057277363672019105,2
time,best,best bound,gap %,status
41.09542489051819,6.373300000000121,6.376050000000121,0.04314876123828717,2
time,best,best bound,gap %,status
41.16347289085388,6.373600000000121,6.374400000000121,0.012551776076313179,2
time,best,best bound,gap %,status
41.17201256752014,6.373750000000121,6.374400000000121,0.010198078054524403,2
time,best,best bound,gap %,status
41.97219777107239,6.373749999999901,6.374250000000121,0.007844675430005867,2
