time,best,best bound,gap %,status
10.68198299407959,7.403499999999898,7.752499999999885,4.713986627946129,2
time,best,best bound,gap %,status
10.714956045150757,7.509499999999898,7.5404999999998985,0.41281044010920837,2
time,best,best bound,gap %,status
10.763388872146606,7.522499999999898,7.534999999999898,0.16616816218013092,2
time,best,best bound,gap %,status
10.770469903945923,7.5244999999998985,7.530499999999898,0.07973951757591097,2
