time,best,best bound,gap %,status
64.53775310516357,-118.78611111111294,1e+100,8.418492622126474e+99,2
time,best,best bound,gap %,status
139.15415287017822,-94.32211111110794,714.8726666635458,857.9057108056586,2
time,best,best bound,gap %,status
146.90235686302185,-50.78411111111181,-50.78411111111181,0.0,2
