time,best,best bound,gap %,status
134.563325881958,-229.58999999999025,1e+100,4.3555904002789424e+99,2
time,best,best bound,gap %,status
401.49745082855225,-26.3935000000002,-9.153500000000204,65.31911266031358,2
time,best,best bound,gap %,status
401.6862688064575,-24.3155000000002,-24.3155000000002,0.0,2
