time,best,best bound,gap %,status
2789.1708631515503,115.81849999999999,427.3044999999333,268.9432171889062,2
time,best,best bound,gap %,status
2790.9165098667145,134.0930000000018,134.15349999999805,0.04511794053100309,2
