time,best,best bound,gap %,status
19.569115161895752,2.0874999999997086,36.86,1665.7485029942584,2
time,best,best bound,gap %,status
19.76975107192993,2.4829999999997074,36.86,1384.4945630287693,2
time,best,best bound,gap %,status
20.012680053710938,5.029000000000338,36.86,632.9488964008256,2
time,best,best bound,gap %,status
133.99255394935608,6.2930000000004345,16.8645,167.98824090257168,2
time,best,best bound,gap %,status
512.1188011169434,9.029499999998952,16.3555,81.13406057923359,2
time,best,best bound,gap %,status
837.0434868335724,9.509999999999229,15.898,67.17139852787895,2
time,best,best bound,gap %,status
1550.398334980011,9.792000006405962,15.5635,58.94097211824246,2
