time,best,best bound,gap %,status
1.5179312229156494,-237.04800000000134,1e+100,4.2185548918362284e+99,2
time,best,best bound,gap %,status
1.7148182392120361,-155.7480000000004,-155.7480000000004,0.0,2
