time,best,best bound,gap %,status
1.5752918720245361,-237.04800000000134,1e+100,4.2185548918362284e+99,2
time,best,best bound,gap %,status
1.778796911239624,-213.248000000001,-213.248000000001,0.0,2
