time,best,best bound,gap %,status
88.43700790405273,-106.47499999998549,1e+100,9.39187602723772e+99,2
time,best,best bound,gap %,status
182.9616289138794,-83.55699999999956,745.4919999972832,992.1957466128356,2
time,best,best bound,gap %,status
193.69914484024048,-42.849000000001496,-42.849000000001496,0.0,2
