time,best,best bound,gap %,status
297.1368680000305,-66.63066666665702,1e+100,1.5008104376365407e+100,2
time,best,best bound,gap %,status
1679.4834611415863,21.63933333334343,48.028666666676756,121.95076866194745,2
time,best,best bound,gap %,status
1748.9320969581604,24.834000000010107,24.87933333334343,0.1825454350217556,2
time,best,best bound,gap %,status
1750.1106090545654,24.871333333343436,24.87933333334343,0.032165545339971444,2
