time,best,best bound,gap %,status
46.124584913253784,1.724999999999813,44.15799999999918,2459.8840579712446,2
time,best,best bound,gap %,status
46.677411794662476,3.5384999999997593,44.15799999999918,1147.9299138053466,2
time,best,best bound,gap %,status
971.1172459125519,4.281000000000115,18.089,322.5414622751579,2
time,best,best bound,gap %,status
7657.427634000778,8.22100000374698,17.5425,113.38644923980603,2
