time,best,best bound,gap %,status
277.1068170070648,-106.47499999998549,1e+100,9.39187602723772e+99,2
time,best,best bound,gap %,status
764.6555767059326,12.081000000006236,39.23900000000623,224.79927158336207,2
time,best,best bound,gap %,status
801.4363238811493,14.773000000006217,14.773000000006217,0.0,2
