time,best,best bound,gap %,status
16.122116804122925,-0.03485000000000214,13.815500000000007,39742.75466283833,2
time,best,best bound,gap %,status
16.308092832565308,0.7517500000000089,13.815500000000007,1737.7785167941263,2
time,best,best bound,gap %,status
16.554105758666992,1.606799999999879,13.815500000000007,759.8145382126617,2
time,best,best bound,gap %,status
220.18210077285767,2.15329999999996,7.765742636452273,260.64378565236694,2
time,best,best bound,gap %,status
1119.5577509403229,4.383049999999645,7.657300000000004,74.70254731295843,2
