time,best,best bound,gap %,status
323.4595100879669,-224.19999999998086,1e+100,4.460303300624824e+99,2
time,best,best bound,gap %,status
1151.4344232082367,-23.40200000000318,-0.9560000000031863,95.91487907015188,2
time,best,best bound,gap %,status
1165.5209720134735,-21.0560000000032,-21.0560000000032,0.0,2
