time,best,best bound,gap %,status
685.7565929889679,106.79300000000093,477.5484999999595,347.1720992948558,2
time,best,best bound,gap %,status
686.1939678192139,130.44300000000277,130.48442857143306,0.031759903889274924,2
