time,best,best bound,gap %,status
154.40586709976196,-35.85493333333485,1e+100,2.789016481227942e+100,2
time,best,best bound,gap %,status
339.8815290927887,30.60102222222108,46.582355555554415,52.22483490021589,2
time,best,best bound,gap %,status
339.95170998573303,32.566355555554416,32.69435555555442,0.3930436728839584,2
time,best,best bound,gap %,status
339.97055888175964,32.66502222222108,32.69435555555442,0.08980043893366473,2
