time,best,best bound,gap %,status
15.604099035263062,-5140.0000000001855,1e+100,1.9455252918287234e+98,2
time,best,best bound,gap %,status
32.68013310432434,1020.3599999997989,1028.9199999997963,0.8389195970048936,2
time,best,best bound,gap %,status
32.69265413284302,1021.5999999997989,1021.5999999997989,0.0,2
