time,best,best bound,gap %,status
0.8203549385070801,-413.2800000000016,1e+100,2.419667053813386e+99,2
time,best,best bound,gap %,status
0.9600839614868164,-368.9200000000006,50.795999999999765,113.76883877263356,2
time,best,best bound,gap %,status
1.0056588649749756,-292.8600000000003,-292.8600000000003,0.0,2
