time,best,best bound,gap %,status
70.02008199691772,70.2366666674056,1e+100,1.423757771329523e+100,2
time,best,best bound,gap %,status
186.0622000694275,406.780666667374,421.143333334031,3.5308134932581234,2
time,best,best bound,gap %,status
186.39068222045898,407.97000000070733,408.0233333340407,0.01307285666427659,2
time,best,best bound,gap %,status
186.5970811843872,408.00200000070737,408.02066666737403,0.004575140971521879,2
