time,best,best bound,gap %,status
1.141855001449585,4.5999999999999925,24.95,442.391304347827,2
time,best,best bound,gap %,status
1.180060863494873,10.200000000000003,11.5,12.745098039215655,2
time,best,best bound,gap %,status
1.2054898738861084,10.449999999999998,11.5,10.04784688995218,2
time,best,best bound,gap %,status
1.2489149570465088,10.499999999999993,11.175,6.428571428571507,2
time,best,best bound,gap %,status
1.261178970336914,10.549999999999995,11.025,4.502369668246494,2
