time,best,best bound,gap %,status
83.38523960113525,3.468499999999906,37.46175,980.0562202681567,2
time,best,best bound,gap %,status
405.6939797401428,5.279800000000971,17.316399999999998,227.97454449026128,2
time,best,best bound,gap %,status
4433.991237878799,5.511100000001042,16.83675,205.50616029462026,2
time,best,best bound,gap %,status
8478.143159627914,5.966400000000998,16.45693982783466,175.8269614479738,2
