time,best,best bound,gap %,status
3688.833591222763,63.006950000003044,176.51964999999308,180.15901420396406,2
time,best,best bound,gap %,status
3737.2743849754333,69.58359999999962,69.58619999999362,0.0037365126179215785,2
