time,best,best bound,gap %,status
0.7052600383758545,-281.62399999999946,1e+100,3.550833735761164e+99,2
time,best,best bound,gap %,status
0.7695279121398926,143.57200000000114,152.25200000000115,6.045747081603612,2
time,best,best bound,gap %,status
0.7769758701324463,145.37200000000115,145.37200000000115,0.0,2
