time,best,best bound,gap %,status
2.5949959754943848,-325.5840000000017,1e+100,3.071404000196554e+99,2
time,best,best bound,gap %,status
3.2889509201049805,-61.254000000000765,-51.054000000000975,16.651973748652598,2
time,best,best bound,gap %,status
3.2971749305725098,-57.974000000000764,-57.934000000000765,0.06899644668299344,2
time,best,best bound,gap %,status
3.3002188205718994,-57.934000000000765,-57.934000000000765,0.0,2
