time,best,best bound,gap %,status
18.007116079330444,-65.15550000000177,1e+100,1.5347898488998978e+100,2
time,best,best bound,gap %,status
19.724881172180176,-56.68350000000164,420.72799999862514,842.2406873227889,2
time,best,best bound,gap %,status
21.682153940200806,-53.8835000000017,-53.8835000000017,0.0,2
