time,best,best bound,gap %,status
7.8913679122924805,11.866999999999953,14.785499999999942,24.59341029746356,2
time,best,best bound,gap %,status
7.953619003295898,12.478999999999951,12.996063942408055,4.143472573187802,2
time,best,best bound,gap %,status
7.964827299118042,12.483999999999952,12.996063942408055,4.101761794361623,2
time,best,best bound,gap %,status
8.016075134277344,12.634999999999952,12.875591900311479,1.9041701647133185,2
time,best,best bound,gap %,status
8.053016185760498,12.805999999999951,12.875591900311479,0.5434319874396983,2
time,best,best bound,gap %,status
8.21232795715332,12.820999999999952,12.84890277777773,0.21763339659759373,2
time,best,best bound,gap %,status
8.28479790687561,12.834999999999951,12.844999999999953,0.07791195948579355,2
time,best,best bound,gap %,status
8.335524082183838,12.839999999999952,12.844907862407815,0.03822322747557305,2
