time,best,best bound,gap %,status
51.18327307701111,-109.91749999999428,1e+100,9.097732390202216e+99,2
time,best,best bound,gap %,status
125.06465792655945,-88.11749999999996,453.04250000000195,614.134536272593,2
time,best,best bound,gap %,status
132.50061082839966,-49.4814999999997,-49.48150000000022,1.048262880278238e-12,2
time,best,best bound,gap %,status
132.6456229686737,-49.4815000000032,-49.4814999999997,7.079364383248421e-12,2
