time,best,best bound,gap %,status
4.000952243804932,-626.2200000000004,1e+100,1.5968828846092418e+99,2
time,best,best bound,gap %,status
5.92422342300415,-152.87999999999616,-133.35999999999646,12.76818419675575,2
time,best,best bound,gap %,status
6.043069362640381,-149.23999999999614,-149.23999999999614,0.0,2
