time,best,best bound,gap %,status
67.38769197463989,-1e+100,39.75649999999995,100.0,2
time,best,best bound,gap %,status
67.48992490768433,23.496499999999983,39.75649999999995,69.20179601217194,2
time,best,best bound,gap %,status
68.16184401512146,23.496499999999983,32.291506944444436,37.43113631581069,2
