time,best,best bound,gap %,status
42.93805909156799,-170.77499999999102,1e+100,5.855658029571381e+99,2
time,best,best bound,gap %,status
75.56019926071167,-7.60499999999653,9.339000000003141,222.80078895473247,2
time,best,best bound,gap %,status
75.73916697502136,-6.104999999996529,-5.880999999996531,3.669123669125729,2
time,best,best bound,gap %,status
75.78667116165161,-5.908999999996529,-5.880999999996531,0.4738534438993781,2
