time,best,best bound,gap %,status
120.73716306686401,-0.3681999999999676,17.95710000000045,4976.996197719182,2
time,best,best bound,gap %,status
129.88886880874634,7.354899999998503,7.907198334491242,7.509256883069126,2
time,best,best bound,gap %,status
129.90732383728027,7.379099999998507,7.907198334491242,7.156676755875941,2
time,best,best bound,gap %,status
134.26973581314087,7.515499999998468,7.5823000000004495,0.8888297518727282,2
