time,best,best bound,gap %,status
6.698899745941162,6.185599999998767,1e+100,1.6166580444907518e+101,2
time,best,best bound,gap %,status
7.531575918197632,126.2818000000014,134.23859999999976,6.300828781343218,2
time,best,best bound,gap %,status
7.536381959915161,126.3682000000014,134.23859999999976,6.228149170438672,2
time,best,best bound,gap %,status
7.595738887786865,129.27540000000138,129.3124000000014,0.028621067890724564,2
time,best,best bound,gap %,status
7.606535911560059,129.3034000000014,129.3124000000014,0.006960373818465742,2
