time,best,best bound,gap %,status
17.183579683303833,1.4734999999999994,31.182,2016.1859518154063,2
time,best,best bound,gap %,status
17.370165824890137,1.9909999999997825,31.182,1466.1476644903769,2
time,best,best bound,gap %,status
17.59709882736206,4.263500000000021,31.182,631.3709393690593,2
time,best,best bound,gap %,status
115.45234179496765,5.417500000000477,14.863,174.35163820948205,2
time,best,best bound,gap %,status
539.5453827381134,8.851999999999116,14.423499999999999,62.94057840037777,2
time,best,best bound,gap %,status
886.1976058483124,9.174999999999294,14.147,54.19073569483476,2
