time,best,best bound,gap %,status
6.524599075317383,6.185599999998767,1e+100,1.6166580444907518e+101,2
time,best,best bound,gap %,status
8.164743185043335,125.75140000000101,131.9370000000008,4.918911439554347,2
time,best,best bound,gap %,status
8.196537017822266,126.97540000000102,127.05440000000101,0.062216775847914546,2
time,best,best bound,gap %,status
8.203047037124634,127.03140000000101,127.05440000000101,0.01810575967831257,2
