time,best,best bound,gap %,status
31.010174036026,-169.64249999999305,1e+100,5.894749252103931e+99,2
time,best,best bound,gap %,status
58.77940106391907,-8.036999999997914,10.015000000001516,224.61117332343062,2
time,best,best bound,gap %,status
58.83185625076294,-5.096999999997911,-5.096999999997914,5.227654030020537e-14,2
