time,best,best bound,gap %,status
3.550638198852539,-1.021499999999994,15.142500000000014,1582.3788546255607,2
time,best,best bound,gap %,status
3.5515682697296143,5.238499999999934,15.142500000000014,189.06175431898833,2
time,best,best bound,gap %,status
3.560699224472046,6.491999999999946,6.571444444444432,1.2237283494221631,2
