time,best,best bound,gap %,status
203.1793372631073,64.50250000000084,200.2074999999996,210.3871942947902,2
time,best,best bound,gap %,status
203.19327211380005,71.30300000000256,71.30299999999954,4.225209597944991e-12,2
