time,best,best bound,gap %,status
111.99958610534668,2.6936888888884454,46.007666666671525,1607.979969641433,2
time,best,best bound,gap %,status
113.98583817481995,4.368588888889909,46.007666666671525,953.1470879229933,2
time,best,best bound,gap %,status
8703.520846128464,4.627588888889927,18.920578552517537,308.8647243047606,2
