time,best,best bound,gap %,status
6.997350215911865,-1e+100,139.77249999999995,100.0,2
time,best,best bound,gap %,status
6.999007940292358,32.8525,139.77249999999995,325.4546838140171,2
time,best,best bound,gap %,status
7.001058101654053,35.13700000000001,35.13700000000001,0.0,2
