time,best,best bound,gap %,status
3.363049268722534,-1e+100,74.73361111111087,100.0,2
time,best,best bound,gap %,status
3.3899340629577637,6.194166666666657,74.73361111111087,1106.515987264001,2
time,best,best bound,gap %,status
3.5295636653900146,6.194166666666657,18.465789930555577,198.11580676263588,2
time,best,best bound,gap %,status
3.644254684448242,18.079027777777764,18.465789930555577,2.1392862355862405,2
time,best,best bound,gap %,status
3.6851871013641357,18.079027777777764,18.22742424242423,0.8208210445302365,2
time,best,best bound,gap %,status
3.7354001998901367,18.129027777777765,18.22742424242423,0.5427564337844909,2
time,best,best bound,gap %,status
3.7430877685546875,18.129027777777765,18.226546358116273,0.5379140102484995,2
time,best,best bound,gap %,status
3.827765464782715,18.129027777777765,18.226546358116273,0.5379140102484995,2
time,best,best bound,gap %,status
3.8985788822174072,18.129027777777765,18.20459176693479,0.4168121428422677,2
time,best,best bound,gap %,status
3.9035627841949463,18.129027777777765,18.20459176693479,0.4168121428422677,2
time,best,best bound,gap %,status
3.9035627841949463,18.129027777777765,18.20459176693479,0.4168121428422677,2
time,best,best bound,gap %,status
3.986340284347534,18.12902777777777,18.20459176693479,0.41681214284222834,2
time,best,best bound,gap %,status
3.986340284347534,18.12902777777777,18.20459176693479,0.41681214284222834,2
time,best,best bound,gap %,status
4.023240566253662,18.12902777777777,18.20459176693479,0.41681214284222834,2
time,best,best bound,gap %,status
4.067125082015991,18.12902777777777,18.20459176693479,0.41681214284222834,2
time,best,best bound,gap %,status
4.083080768585205,18.12902777777777,18.199670552535054,0.3896666474518527,2
time,best,best bound,gap %,status
4.10901141166687,18.12902777777777,18.199670552535054,0.3896666474518527,2
time,best,best bound,gap %,status
4.115992546081543,18.18833333333333,18.18833333333337,2.3439511121931287e-13,2
