time,best,best bound,gap %,status
139.67720699310303,-262.64777777777925,1e+100,3.80738039537528e+99,2
time,best,best bound,gap %,status
260.59146785736084,-36.8006666666734,-21.17133333334077,42.47024510424568,2
time,best,best bound,gap %,status
260.72610783576965,-35.30733333334007,-35.30733333334007,0.0,2
