time,best,best bound,gap %,status
17.053308963775635,-36.36800000000218,1e+100,2.7496700395950836e+100,2
time,best,best bound,gap %,status
28.614521026611328,-23.168000000000085,242.51499999981556,1146.7670925406364,2
time,best,best bound,gap %,status
32.71575593948364,-0.06799999999988052,242.51499999981556,356739.70588270837,2
