time,best,best bound,gap %,status
59.695945024490356,-37.76266666666803,1e+100,2.6481180707576193e+100,2
