time,best,best bound,gap %,status
2.741250991821289,3.2504999999999824,4.343499999999976,33.62559606214426,2
time,best,best bound,gap %,status
2.788114547729492,3.3434999999999824,3.4996064394141206,4.668952876151909,2
time,best,best bound,gap %,status
2.8193559646606445,3.4584999999999826,3.4855595238095063,0.7824063556317431,2
