time,best,best bound,gap %,status
87.90257406234741,-67.83599999999973,1e+100,1.4741435226133675e+100,2
time,best,best bound,gap %,status
122.72543215751648,25.60500000000011,46.179000000000116,80.35149384885732,2
time,best,best bound,gap %,status
122.94502806663513,29.00700000000005,29.03500000000005,0.09652842417347068,2
time,best,best bound,gap %,status
122.97623801231384,29.027000000000047,29.03500000000005,0.027560547076868634,2
