time,best,best bound,gap %,status
20.497375011444092,-6089.999999999995,1e+100,1.6420361247947468e+98,2
time,best,best bound,gap %,status
36.23474311828613,-1903.0649999999978,-1894.4250000000043,0.4540044612240526,2
time,best,best bound,gap %,status
36.24852108955383,-1901.8249999999978,-1901.8249999999978,0.0,2
