time,best,best bound,gap %,status
522.2908799648285,11.252000000000058,37.328,231.74546747244764,2
