time,best,best bound,gap %,status
81.85660195350647,8.631600000000157,28.809499999997623,233.76778349317738,2
time,best,best bound,gap %,status
82.65686297416687,8.731200000000152,28.809499999997623,229.96037199923398,2
time,best,best bound,gap %,status
570.7126381397247,8.76600000000015,14.230086265884307,62.332720350034954,2
time,best,best bound,gap %,status
1336.6781198978424,13.00455000000089,14.070703704649771,8.198312933925498,2
