time,best,best bound,gap %,status
3.3380749225616455,-281.5680000000001,1e+100,3.551539947721331e+99,2
time,best,best bound,gap %,status
3.555906057357788,-236.5680000000001,-236.56800000000027,7.208509036827634e-14,2
