time,best,best bound,gap %,status
214.65672707557678,3.3555999999998316,10.780166666665803,221.25898994714336,2
time,best,best bound,gap %,status
10706.360455274582,3.359811111110943,5.106191705824024,51.97853501161941,2
