time,best,best bound,gap %,status
30.116300106048584,-37.36817777777932,1e+100,2.6760737597289043e+100,2
time,best,best bound,gap %,status
36.8185019493103,-23.63484444444415,439.79071111074467,1960.7726069215844,2
time,best,best bound,gap %,status
37.904717206954956,0.39848888889000045,0.39848888889000045,0.0,2
