time,best,best bound,gap %,status
39.21519994735718,24.805000000001893,94.92150000000039,282.67083249342124,2
time,best,best bound,gap %,status
39.2376492023468,27.737000000002205,27.822500000000396,0.308252514685022,2
