time,best,best bound,gap %,status
176.9554271697998,-0.9144999999999547,27.256999999999564,3080.5358119191815,2
time,best,best bound,gap %,status
190.4942741394043,16.791999999999746,16.848499999999564,0.3364697474977337,2
