time,best,best bound,gap %,status
13.6253821849823,-42.56124444444571,1e+100,2.3495553597011917e+100,2
time,best,best bound,gap %,status
17.223226308822632,-37.75324444444328,147.45217777777987,490.5682278373896,2
time,best,best bound,gap %,status
19.48288321495056,-29.60124444444336,-29.60124444444336,0.0,2
