time,best,best bound,gap
0.16078495979309082,8.84722222222222,19.519444444444495,120.62794348508699
time,best,best bound,gap
0.16078495979309082,8.84722222222222,19.519444444444495,120.62794348508699
time,best,best bound,gap
0.17636394500732422,17.09000000000003,17.09000000000003,0.0
