time,best,best bound,gap %,status
2.8481228351593018,-1e+100,46.97550000000003,100.0,2
time,best,best bound,gap %,status
2.851045846939087,13.053499999999985,46.97550000000003,259.86900065116697,2
time,best,best bound,gap %,status
2.8536009788513184,13.053499999999985,17.482499999999984,33.92959742597773,2
