time,best,best bound,gap %,status
1.3054418563842773,-249.81600000000086,1e+100,4.002946168379914e+99,2
time,best,best bound,gap %,status
1.471681833267212,-226.17600000000056,-226.17600000000056,0.0,2
