time,best,best bound,gap %,status
21.498092889785767,-285.37500000000256,1e+100,3.504161191414774e+99,2
time,best,best bound,gap %,status
30.61250591278076,-43.66799999999959,-28.867999999999995,33.8920948978651,2
time,best,best bound,gap %,status
30.63395404815674,-42.427999999999585,-42.427999999999585,0.0,2
