time,best,best bound,gap %,status
20.67661714553833,6.351299999999987,6.481499999999979,2.049974021066437,2
time,best,best bound,gap %,status
20.709473133087158,6.400849999999987,6.405999999999986,0.08045806416334635,2
time,best,best bound,gap %,status
20.751560926437378,6.4024999999999865,6.403699999999986,0.01874267864115377,2
