time,best,best bound,gap %,status
34.168416023254395,-90.17999999999327,1e+100,1.1088933244622695e+100,2
time,best,best bound,gap %,status
52.14284801483154,-68.37600000000243,506.8554999982197,841.27691002428,2
time,best,best bound,gap %,status
57.18777823448181,-29.482000000000728,-29.482000000000728,0.0,2
