time,best,best bound,gap %,status
283.9452772140503,-844.0875000000223,1e+100,1.184711300664888e+99,2
time,best,best bound,gap %,status
1471.5628600120544,-219.5690000000099,-198.02300000001605,9.812860649724179,2
time,best,best bound,gap %,status
1478.8565511703491,-218.4130000000099,-218.3960000000099,0.007783419485101682,2
