time,best,best bound,gap %,status
2.16943097114563,-626.2200000000004,1e+100,1.5968828846092418e+99,2
time,best,best bound,gap %,status
2.8392539024353027,-550.6199999999986,228.47000000000006,141.49322581816872,2
time,best,best bound,gap %,status
2.92635178565979,-418.0699999999995,-418.06999999999994,1.0877301669253109e-13,2
