time,best,best bound,gap %,status
3.2236790657043457,-1243.2,1e+100,8.043758043758043e+98,2
time,best,best bound,gap %,status
4.246938943862915,-349.09499999999775,-335.4949999999978,3.895787679571479,2
time,best,best bound,gap %,status
4.25654411315918,-347.05499999999773,-346.9349999999978,0.03457665211564406,2
time,best,best bound,gap %,status
4.259618759155273,-346.97499999999775,-346.9349999999978,0.011528208084145508,2
