time,best,best bound,gap %,status
12.398611068725586,-87.00799999999953,1e+100,1.1493196027951514e+100,2
time,best,best bound,gap %,status
16.566128253936768,-49.62300000000076,1e+100,2.0151945670354164e+100,2
