time,best,best bound,gap %,status
3.289332151412964,-1442.9100000000033,1e+100,6.930439181930943e+98,2
time,best,best bound,gap %,status
4.485337972640991,322.69999999999436,340.2599999999943,5.4415866129532855,2
time,best,best bound,gap %,status
4.4909889698028564,324.93999999999437,324.93999999999437,0.0,2
