time,best,best bound,gap %,status
22.089906215667725,-1e+100,82.21400000000001,100.0,2
time,best,best bound,gap %,status
22.09296989440918,25.290000000000045,82.21400000000001,225.08501383946168,2
time,best,best bound,gap %,status
22.100888967514038,25.290000000000045,33.25900000000003,31.510478449980106,2
