time,best,best bound,gap %,status
50.859177112579346,-394.6599999999994,1e+100,2.533826584908533e+99,2
time,best,best bound,gap %,status
83.83507013320923,-75.96700000000261,-50.27900000000262,33.81468269116736,2
time,best,best bound,gap %,status
83.86422610282898,-73.47900000000261,-50.27900000000262,31.57364689230824,2
