time,best,best bound,gap %,status
13.144254922866821,-42.56124444444571,1e+100,2.3495553597011917e+100,2
time,best,best bound,gap %,status
18.259798049926758,-38.44124444444327,234.38817777760337,709.7309833877777,2
time,best,best bound,gap %,status
20.157259941101074,-31.574577777776746,-31.574577777776746,0.0,2
