time,best,best bound,gap %,status
6.2302350997924805,-337.17600000000414,1e+100,2.9658101406979966e+99,2
time,best,best bound,gap %,status
9.248248100280762,-57.79800000000154,-41.798000000001814,27.68261877573497,2
time,best,best bound,gap %,status
9.252074003219604,-53.39800000000153,-53.39800000000154,1.3306542113189256e-14,2
