time,best,best bound,gap %,status
83.6613597869873,-362.1099999999969,1e+100,2.761591781502882e+99,2
time,best,best bound,gap %,status
146.47646069526672,-67.15600000000431,-32.52400000000432,51.56948001667426,2
time,best,best bound,gap %,status
146.560320854187,-63.53200000000431,-63.47600000000431,0.08814455707359062,2
time,best,best bound,gap %,status
146.58692574501038,-63.47600000000431,-63.47600000000431,0.0,2
