time,best,best bound,gap %,status
148.3618381023407,8.739033340110968,24.525688895676467,180.64532930784128,2
time,best,best bound,gap %,status
158.619482755661,12.946266673445297,14.835291919817909,14.591274025331805,2
time,best,best bound,gap %,status
160.18805980682373,13.0763111178897,14.835291919817909,13.451659157311935,2
time,best,best bound,gap %,status
168.91983580589294,13.512977784998874,14.711909804314587,8.872448681494022,2
time,best,best bound,gap %,status
175.19127488136292,13.542288895667362,14.592626782193518,7.755984934438927,2
time,best,best bound,gap %,status
187.59071373939514,13.741433342043079,14.530861801572843,5.7448771163808745,2
time,best,best bound,gap %,status
199.25537395477295,13.75524445133814,14.449271179966853,5.045542673443346,2
time,best,best bound,gap %,status
214.78262591362,13.87948889706227,14.393140317154,3.700794920484782,2
time,best,best bound,gap %,status
222.40333795547485,13.885344451740867,14.363013311050763,3.4400936971355307,2
time,best,best bound,gap %,status
232.21698188781738,13.923177784556119,14.338598030330482,2.983659709029619,2
time,best,best bound,gap %,status
239.4095118045807,13.930600007090959,14.316110584566768,2.7673652052286095,2
time,best,best bound,gap %,status
248.3699676990509,13.959100007707269,14.29365393819044,2.3966726386260797,2
time,best,best bound,gap %,status
256.2080879211426,13.965855562333905,14.27841208264505,2.238004817650508,2
time,best,best bound,gap %,status
265.3231837749481,13.986644452848825,14.266576895965214,2.001426747209345,2
time,best,best bound,gap %,status
272.0957269668579,13.989166673791104,14.258360641040172,1.9243030948613011,2
time,best,best bound,gap %,status
281.1390528678894,14.000922229000608,14.251176479343865,1.7874126164696258,2
time,best,best bound,gap %,status
287.7189497947693,14.004055562560495,14.244561025665545,1.7173986637701981,2
time,best,best bound,gap %,status
297.52304577827454,14.007444451647617,14.240227293452481,1.6618509008435396,2
time,best,best bound,gap %,status
304.25522565841675,14.009500006778389,14.236634688302344,1.6212904201724374,2
time,best,best bound,gap %,status
321.9973900318146,14.021455562333973,14.233286183794265,1.5107605663233392,2
time,best,best bound,gap %,status
328.04348278045654,14.02145555555788,14.233130254450076,1.5096485386518346,2
