time,best,best bound,gap %,status
4.098999977111816,7.57399999999998,9.414999999999983,24.306839186691416,2
time,best,best bound,gap %,status
4.125630855560303,8.197999999999979,8.433098763182125,2.867757540645844,2
time,best,best bound,gap %,status
4.135066747665405,8.213499999999978,8.433098763182125,2.67363198614655,2
time,best,best bound,gap %,status
4.150416851043701,8.248499999999979,8.433098763182125,2.237967669056758,2
time,best,best bound,gap %,status
4.151947021484375,8.25349999999998,8.430508923348157,2.1446528545244776,2
time,best,best bound,gap %,status
4.203621864318848,8.33949999999998,8.397407451692048,0.6943755823738705,2
time,best,best bound,gap %,status
4.289244890213013,8.354999999999979,8.37499138864454,0.23927454990498048,2
