time,best,best bound,gap %,status
15.287620067596436,-5140.0000000001855,1e+100,1.9455252918287234e+98,2
time,best,best bound,gap %,status
36.70772910118103,1020.7999999997987,1033.8399999997903,1.2774294670840636,2
time,best,best bound,gap %,status
36.731168031692505,1022.6799999997987,1022.7999999997987,0.011733875699146181,2
time,best,best bound,gap %,status
36.74111986160278,1022.7599999997988,1022.7999999997987,0.003910985959557618,2
