time,best,best bound,gap %,status
34.92349886894226,-265.8250000000038,1e+100,3.7618734129596004e+99,2
time,best,best bound,gap %,status
50.42172384262085,-38.31599999999986,-21.988000000000522,42.61405157114364,2
time,best,best bound,gap %,status
50.449851751327515,-36.77999999999986,-36.76399999999986,0.04350190320826074,2
