time,best,best bound,gap %,status
21.914980173110962,-564.3000000000028,1e+100,1.772107035264921e+99,2
time,best,best bound,gap %,status
31.555917263031006,-502.26000000000045,656.4899999981174,230.7072034400742,2
time,best,best bound,gap %,status
33.429551124572754,-393.10000000000036,-393.10000000000036,0.0,2
