time,best,best bound,gap %,status
3.408715009689331,-1585.3949999999952,1e+100,6.307576345327209e+98,2
time,best,best bound,gap %,status
4.019777059555054,-1425.0749999999966,313.9699999999522,122.03182288651145,2
time,best,best bound,gap %,status
4.1587347984313965,-1144.2049999999965,-1144.2049999999986,1.7884584309534523e-13,2
