time,best,best bound,gap %,status
4.9835920333862305,-2093.300000000112,1e+100,4.77714613289995e+98,2
time,best,best bound,gap %,status
8.603418111801147,442.0999999998778,463.5799999998778,4.858629269397411,2
time,best,best bound,gap %,status
8.619594097137451,444.7799999998778,444.8599999998778,0.017986420252710567,2
time,best,best bound,gap %,status
8.622908353805542,444.81999999987784,444.8599999998778,0.008992401420793716,2
