time,best,best bound,gap %,status
34.44556713104248,-0.36059999999999565,8.661250000000239,2501.8996117582765,2
time,best,best bound,gap %,status
34.85973024368286,3.8154499999997644,4.259931318067942,11.649512326677186,2
time,best,best bound,gap %,status
34.98173117637634,3.9936499999998643,4.259931318067942,6.667617794951648,2
