time,best,best bound,gap %,status
0.8350369930267334,-352.4800000000006,1e+100,2.8370403994552834e+99,2
time,best,best bound,gap %,status
0.9032280445098877,127.20200000000133,133.00200000000135,4.5596767346424985,2
time,best,best bound,gap %,status
0.9065780639648438,128.40200000000132,133.00200000000135,3.582498714973268,2
