time,best,best bound,gap %,status
26.439520835876465,-170.77499999999102,1e+100,5.855658029571381e+99,2
time,best,best bound,gap %,status
40.33517813682556,-143.79500000000002,460.1979999984488,420.0375534604463,2
time,best,best bound,gap %,status
47.718666076660156,-96.24500000000145,-96.08600000000068,0.16520338718974598,2
time,best,best bound,gap %,status
48.185319900512695,-96.10500000000141,-96.08600000000068,0.019770043182695936,2
time,best,best bound,gap %,status
48.38109493255615,-96.1010000000014,-96.08600000000068,0.015608578475484233,2
time,best,best bound,gap %,status
48.688984870910645,-96.09700000000137,-96.08600000000068,0.011446767329564766,2
time,best,best bound,gap %,status
49.364469051361084,-96.08900000000136,-96.08600000000068,0.0031221055486915176,2
