time,best,best bound,gap %,status
2.7018184661865234,-1e+100,64.02625000000022,100.0,2
time,best,best bound,gap %,status
2.7316951751708984,1.1162499999999962,64.02625000000022,5635.834266517397,2
time,best,best bound,gap %,status
3.012944459915161,1.1162499999999962,15.002008101851892,1243.9648915432872,2
time,best,best bound,gap %,status
3.141599178314209,14.7948611111111,15.002008101851892,1.4001279848799846,2
time,best,best bound,gap %,status
3.2802317142486572,14.7948611111111,14.910555555555604,0.7819907437834348,2
time,best,best bound,gap %,status
3.285222053527832,14.7948611111111,14.910555555555604,0.7819907437834348,2
time,best,best bound,gap %,status
3.285222053527832,14.7948611111111,14.910555555555604,0.7819907437834348,2
time,best,best bound,gap %,status
3.4537675380706787,14.7948611111111,14.910555555555604,0.7819907437834348,2
time,best,best bound,gap %,status
3.4548017978668213,14.7948611111111,14.910555555555604,0.7819907437834348,2
time,best,best bound,gap %,status
3.5225815773010254,14.7948611111111,14.910555555555604,0.7819907437834348,2
time,best,best bound,gap %,status
3.5724895000457764,14.7948611111111,14.910555555555604,0.7819907437834348,2
time,best,best bound,gap %,status
3.588404417037964,14.7948611111111,14.910555555555604,0.7819907437834348,2
time,best,best bound,gap %,status
3.660212278366089,14.885555555555548,14.910555555555604,0.16794804807083594,2
time,best,best bound,gap %,status
3.7151074409484863,14.885555555555548,14.908769841269889,0.15595175892294125,2
time,best,best bound,gap %,status
3.718100070953369,14.885555555555548,14.908769841269889,0.15595175892294125,2
time,best,best bound,gap %,status
3.718100070953369,14.885555555555548,14.908769841269889,0.15595175892294125,2
time,best,best bound,gap %,status
3.7499725818634033,14.885555555555584,14.908769841269889,0.15595175892270222,2
time,best,best bound,gap %,status
3.7499725818634033,14.885555555555584,14.908769841269889,0.15595175892270222,2
time,best,best bound,gap %,status
3.764975070953369,14.885555555555584,14.908769841269889,0.15595175892270222,2
time,best,best bound,gap %,status
3.770916700363159,14.885555555555584,14.908769841269889,0.15595175892270222,2
time,best,best bound,gap %,status
3.77291202545166,14.885555555555584,14.885555555555584,0.0,2
