time,best,best bound,gap %,status
23.075604915618896,-34.74880000000333,1e+100,2.877797218896492e+100,2
time,best,best bound,gap %,status
30.58928680419922,-26.03279999999988,197.90329999937308,860.2075074497327,2
time,best,best bound,gap %,status
37.41298484802246,-10.23479999999861,-10.23479999999861,0.0,2
