time,best,best bound,gap %,status
2.8972620964050293,3.1534999999999656,13.261500000000026,320.5327413984516,2
time,best,best bound,gap %,status
2.9080471992492676,5.002499999999946,5.112499999999997,2.1989005497261793,2
