time,best,best bound,gap %,status
1.512545108795166,-723.2400000000025,1e+100,1.382666887893364e+99,2
time,best,best bound,gap %,status
1.9822211265563965,-648.3199999999988,135.57000000000016,120.9109698914117,2
time,best,best bound,gap %,status
2.089066982269287,-517.6899999999994,-517.5199999999999,0.03283818501410198,2
time,best,best bound,gap %,status
2.110767126083374,-517.5299999999993,-517.5199999999999,0.0019322551348564304,2
