time,best,best bound,gap %,status
7.383358001708984,-83.2239999999992,1e+100,1.201576468326456e+100,2
time,best,best bound,gap %,status
8.726871013641357,-73.32399999999902,355.9379999998213,585.4317822265916,2
time,best,best bound,gap %,status
9.12307620048523,-55.32399999999927,-55.32399999999975,8.605011079446051e-13,2
