time,best,best bound,gap %,status
9.719669103622437,-319.3680000000048,1e+100,3.1311840885748885e+99,2
time,best,best bound,gap %,status
14.608528852462769,-50.6820000000013,-35.242000000001525,30.4644647014707,2
time,best,best bound,gap %,status
14.616047859191895,-48.602000000001304,-35.242000000001525,27.48858071684174,2
