time,best,best bound,gap %,status
12.765259981155396,-1e+100,32.654500000000034,100.0,2
time,best,best bound,gap %,status
12.79652190208435,11.812000000000005,32.654500000000034,176.4519133085,2
time,best,best bound,gap %,status
12.953916072845459,11.812000000000005,15.770115384615362,33.50927348980152,2
