time,best,best bound,gap %,status
59.67841815948486,6.724100002082158,6.796600002082159,1.078211210088348,2
time,best,best bound,gap %,status
59.740583181381226,6.7480500020821585,6.752200002082159,0.06149924791190916,2
time,best,best bound,gap %,status
59.777223110198975,6.748750002082159,6.752200002082159,0.05112057786902081,2
time,best,best bound,gap %,status
59.836843967437744,6.750100002082158,6.751000002082159,0.013333135801291092,2
