time,best,best bound,gap %,status
29.818344116210938,7.725450004602898,7.9033000046028885,2.3021312660625046,2
time,best,best bound,gap %,status
29.85228705406189,7.794700004602898,7.807550004602898,0.1648556069176649,2
time,best,best bound,gap %,status
29.864375829696655,7.796200004602898,7.807550004602898,0.14558374584154118,2
time,best,best bound,gap %,status
29.880125045776367,7.796350004602898,7.807550004602898,0.14365696759877727,2
time,best,best bound,gap %,status
29.885591983795166,7.798350004602898,7.807550004602898,0.11797367384856626,2
time,best,best bound,gap %,status
29.9199321269989,7.800500004602898,7.803250004602898,0.03525415035417083,2
time,best,best bound,gap %,status
29.932825088500977,7.801000004602898,7.803250004602898,0.028842456078355297,2
