time,best,best bound,gap %,status
67.90042209625244,9.004200000414148,10.261700000413555,13.96570489262309,2
time,best,best bound,gap %,status
68.96025705337524,9.352600000414135,9.450150000414148,1.0430254688075287,2
time,best,best bound,gap %,status
69.1489999294281,9.355350000414136,9.450150000414148,1.0133239269061578,2
time,best,best bound,gap %,status
69.30420923233032,9.356100000414136,9.450150000414148,1.0052265366536135,2
time,best,best bound,gap %,status
69.78695011138916,9.373100000414134,9.429750000414147,0.6043891561757653,2
time,best,best bound,gap %,status
70.6821722984314,9.374600000414134,9.414750000414147,0.42828494013866547,2
time,best,best bound,gap %,status
70.832679271698,9.380500000414132,9.411200000414148,0.32727466551527257,2
time,best,best bound,gap %,status
71.52232599258423,9.386700000728492,9.411200000414148,0.2610075924846242,2
time,best,best bound,gap %,status
72.00733208656311,9.387150000414133,9.408450000414147,0.22690592990497238,2
time,best,best bound,gap %,status
73.24269700050354,9.388500000414133,9.401800000414147,0.14166267241227823,2
time,best,best bound,gap %,status
73.66733813285828,9.389350000414133,9.401400000414148,0.12833689232463444,2
time,best,best bound,gap %,status
84.95425724983215,9.389600000414132,9.395300000414148,0.06070546135899012,2
