time,best,best bound,gap %,status
17.872041940689087,-45.08700000000132,1e+100,2.2179342160710868e+100,2
time,best,best bound,gap %,status
19.864393949508667,-32.81700000000068,234.9274999991974,815.8713471651658,2
time,best,best bound,gap %,status
23.730610847473145,-26.515000000000246,-26.515000000000246,0.0,2
