time,best,best bound,gap %,status
106.2704529762268,-37.36817777777932,1e+100,2.6760737597289043e+100,2
time,best,best bound,gap %,status
163.70938396453857,-32.24193333333705,1e+100,3.1015509822608387e+100,2
