time,best,best bound,gap %,status
288.11977195739746,-844.0875000000223,1e+100,1.184711300664888e+99,2
time,best,best bound,gap %,status
873.9471702575684,-219.98500000000985,-214.41700000000984,2.5310816646588465,2
time,best,best bound,gap %,status
879.1052000522614,-219.80100000000985,-219.80100000000985,0.0,2
