time,best,best bound,gap %,status
320.54310297966003,-656.9888888888815,1e+100,1.5220957567352908e+99,2
time,best,best bound,gap %,status
1862.0532298088074,-163.57311111111716,-149.25577777778383,8.752864841952777,2
time,best,best bound,gap %,status
1868.0065219402313,-162.02911111111717,-162.02911111111717,0.0,2
time,best,best bound,gap %,status
1965.1350598335266,-162.02911111110177,-162.02911111111717,9.507283231786795e-12,2
