time,best,best bound,gap %,status
13.155994176864624,-24.864000000000058,1e+100,4.0218790218790126e+100,2
time,best,best bound,gap %,status
19.76392126083374,-0.6859999999985156,-0.6859999999985156,0.0,2
