time,best,best bound,gap %,status
2.670848846435547,-1e+100,20.170111111111265,100.0,2
time,best,best bound,gap %,status
2.6967790126800537,2.3030555555555563,20.170111111111265,775.7978530937224,2
time,best,best bound,gap %,status
2.7127785682678223,5.702666666666667,5.702666666666667,0.0,2
