time,best,best bound,gap %,status
9.76550006866455,-319.3680000000048,1e+100,3.1311840885748885e+99,2
time,best,best bound,gap %,status
14.60690188407898,-50.6820000000013,-34.40200000000154,32.12185785880459,2
time,best,best bound,gap %,status
14.618488073348999,-46.4820000000013,-46.4420000000013,0.08605481691837276,2
time,best,best bound,gap %,status
14.62292194366455,-46.4420000000013,-46.4420000000013,0.0,2
