time,best,best bound,gap %,status
1688.0935418605804,15.061400000000527,44.89100000000358,198.05330181790546,2
