time,best,best bound,gap %,status
150.24288177490234,3.043525000000271,9.423049999997293,209.6097452787953,2
time,best,best bound,gap %,status
5148.017186880112,3.0502500000002706,5.021795245554738,64.63552972885151,2
time,best,best bound,gap %,status
5149.696228027344,3.0548250000002706,5.021795245554738,64.3889664892193,2
time,best,best bound,gap %,status
7531.565938949585,4.462200000000327,4.942839561235317,10.771358550377725,2
