time,best,best bound,gap %,status
389.7035620212555,3.6861777777775653,12.407033333332457,236.5826089053357,2
time,best,best bound,gap %,status
10741.31092786789,3.708211111110899,5.7957583788119384,56.29526489055947,2
