time,best,best bound,gap %,status
71.15558290481567,-155.29500000000897,1e+100,6.439357352135885e+99,2
time,best,best bound,gap %,status
145.67404913902283,-128.8730000000016,655.4559999993628,608.6061471366032,2
time,best,best bound,gap %,status
157.8038511276245,-82.04700000000028,-82.04700000000028,0.0,2
time,best,best bound,gap %,status
158.00465893745422,-82.04700000000513,-82.04700000000028,5.9062506342505896e-12,2
