time,best,best bound,gap %,status
8.213252782821655,11.959499999999961,14.845499999999952,24.131443622225007,2
time,best,best bound,gap %,status
8.28051471710205,12.562499999999961,12.987469014332667,3.3828379250364806,2
time,best,best bound,gap %,status
8.297307968139648,12.606999999999958,12.987469014332667,3.0179187303300563,2
time,best,best bound,gap %,status
8.31859302520752,12.65599999999996,12.987469014332667,2.619066168874121,2
time,best,best bound,gap %,status
8.371370077133179,12.78299999999996,12.848033227501592,0.5087477704891781,2
