time,best,best bound,gap %,status
178.32427763938904,-238.07500000001136,1e+100,4.200357030347379e+99,2
time,best,best bound,gap %,status
438.39720582962036,-27.33699999999986,-2.2890000000003496,91.62673299923048,2
time,best,best bound,gap %,status
438.7666907310486,-25.33699999999986,-25.33699999999986,0.0,2
