time,best,best bound,gap %,status
182.30115294456482,-83.26799999999439,1e+100,1.200941538166003e+100,2
time,best,best bound,gap %,status
435.1605439186096,15.49199999999984,37.37199999999984,141.2341853860071,2
time,best,best bound,gap %,status
435.21703910827637,17.643999999999842,17.69199999999984,0.2720471548401649,2
time,best,best bound,gap %,status
435.59722208976746,17.675999999999842,17.68799999999984,0.06788866259333,2
