time,best,best bound,gap %,status
46.862767934799194,73.86555555605158,1e+100,1.3538109778937054e+100,2
time,best,best bound,gap %,status
114.33005499839783,333.70800000051145,351.5240000004843,5.33879918969445,2
time,best,best bound,gap %,status
114.665354013443,336.18800000051147,336.2253333338448,0.01110489765644976,2
time,best,best bound,gap %,status
114.73138213157654,336.2066666671781,336.2253333338448,0.005552140548462056,2
