time,best,best bound,gap %,status
309.8127272129059,-224.19999999998086,1e+100,4.460303300624824e+99,2
time,best,best bound,gap %,status
1181.1938502788544,-23.40200000000318,-5.860000000003183,74.95940517903433,2
time,best,best bound,gap %,status
1225.157006263733,-21.91000000000318,-21.85600000000318,0.24646280237330284,2
time,best,best bound,gap %,status
1233.176087141037,-21.89200000000318,-21.85800000000318,0.1553078750228119,2
