time,best,best bound,gap %,status
9.225738048553467,6.311499999999865,6.581999999999853,4.285827457815011,2
time,best,best bound,gap %,status
9.260819911956787,6.390499999999865,6.421499999999865,0.48509506298412247,2
time,best,best bound,gap %,status
9.284865140914917,6.398499999999865,6.421499999999865,0.3594592482613139,2
time,best,best bound,gap %,status
9.289040088653564,6.400999999999865,6.421499999999865,0.32026245899079236,2
time,best,best bound,gap %,status
9.292114973068237,6.401499999999865,6.414499999999865,0.2030774037335027,2
time,best,best bound,gap %,status
9.323317050933838,6.406999999999865,6.409999999999865,0.0468237864835364,2
time,best,best bound,gap %,status
9.357508182525635,6.407999999999865,6.408999999999865,0.0156054931335747,2
