time,best,best bound,gap %,status
26.313497066497803,-0.14749999999999577,22.936,15649.830508475023,2
time,best,best bound,gap %,status
26.666933059692383,2.1069999999998643,22.936,988.5619364025381,2
time,best,best bound,gap %,status
852.6021251678467,2.22549999999986,11.205,403.4823635138488,2
time,best,best bound,gap %,status
4806.709574222565,6.68150000000007,11.0585,65.50924193668914,2
