time,best,best bound,gap %,status
5.446059226989746,-90.7279999999995,1e+100,1.1021955735825827e+100,2
time,best,best bound,gap %,status
6.777554988861084,-16.008000000000575,-1.5700000000005978,90.19240379809757,2
time,best,best bound,gap %,status
6.780625343322754,-15.988000000000573,-1.5700000000005978,90.1801351013226,2
time,best,best bound,gap %,status
6.800163269042969,-12.046000000000575,-12.038000000000574,0.06641208699983824,2
