time,best,best bound,gap %,status
724.9190747737885,-207.9449999999734,1e+100,4.80896390872648e+99,2
