time,best,best bound,gap %,status
9.29448127746582,11.578499999999948,14.667499999999938,26.678758042924418,2
time,best,best bound,gap %,status
9.376897096633911,12.280499999999948,12.789881079652204,4.147885506715996,2
time,best,best bound,gap %,status
9.392077207565308,12.321999999999948,12.789881079652204,3.797119620615635,2
time,best,best bound,gap %,status
9.415675163269043,12.376499999999947,12.789881079652204,3.340048314565986,2
time,best,best bound,gap %,status
9.452303171157837,12.413999999999948,12.678790935513673,2.1330025415959875,2
time,best,best bound,gap %,status
9.471956014633179,12.519999999999948,12.678790935513673,1.2682982069786388,2
time,best,best bound,gap %,status
9.514406204223633,12.534999999999947,12.625347416192135,0.720761198182594,2
time,best,best bound,gap %,status
9.516342163085938,12.598000001586376,12.625347416192135,0.21707742976912794,2
time,best,best bound,gap %,status
9.685884237289429,12.602999999999948,12.602999999999948,0.0,2
