time,best,best bound,gap %,status
35.88197469711304,-79.87199999999946,1e+100,1.2520032051282137e+100,2
time,best,best bound,gap %,status
54.127264738082886,18.828000000001897,33.72400000000152,79.11620990013873,2
time,best,best bound,gap %,status
54.14694571495056,20.9080000000019,21.036000000001895,0.6122058542184089,2
time,best,best bound,gap %,status
54.15232586860657,21.028000000001896,21.036000000001895,0.038044512079124966,2
