time,best,best bound,gap %,status
17.563647270202637,-47.79600000000426,1e+100,2.0922252908191287e+100,2
time,best,best bound,gap %,status
21.43982720375061,-30.64400000000025,266.19039999935984,968.6542226842372,2
time,best,best bound,gap %,status
22.957823991775513,-0.6879999999998168,-0.6879999999998168,0.0,2
