time,best,best bound,gap %,status
34.50077295303345,-41.50346666666837,1e+100,2.4094372839536913e+100,2
time,best,best bound,gap %,status
46.41367483139038,-35.90935555556244,1e+100,2.7847896029565415e+100,2
