time,best,best bound,gap %,status
158.78380370140076,-177.8427777777767,1e+100,5.622944111059428e+99,2
time,best,best bound,gap %,status
294.88381695747375,-9.948222222208955,15.977111111123602,260.60267607870105,2
time,best,best bound,gap %,status
295.0083997249603,-7.286888888875618,-7.286888888875621,4.8754876504624343e-14,2
