time,best,best bound,gap %,status
6.144467830657959,-2463.2999999999956,1e+100,4.0595948524337344e+98,2
time,best,best bound,gap %,status
9.824536085128784,-737.4600000000065,-715.9800000000077,2.9127003498492905,2
time,best,best bound,gap %,status
9.841052055358887,-734.7400000000065,-734.7000000000065,0.005444102675771466,2
