time,best,best bound,gap %,status
14.765876054763794,-37.27360000000169,1e+100,2.6828640109888892e+100,2
time,best,best bound,gap %,status
19.193639039993286,-32.695599999997874,124.22019999980398,479.92940946124884,2
time,best,best bound,gap %,status
22.317540884017944,-25.007599999998334,-25.007599999998334,0.0,2
