time,best,best bound,gap %,status
17.38733196258545,-36.36800000000218,1e+100,2.7496700395950836e+100,2
time,best,best bound,gap %,status
27.075056076049805,-32.40799999999849,233.99579999982285,822.0309800044241,2
time,best,best bound,gap %,status
30.342981100082397,-25.807999999998273,-25.807999999998273,0.0,2
