time,best,best bound,gap %,status
5.681781053543091,4.075499999999811,18.651000000000003,357.63709974238424,2
time,best,best bound,gap %,status
17.69664478302002,4.078499999999811,10.0115,145.47014833886146,2
time,best,best bound,gap %,status
22.112075090408325,8.755999999999693,9.771,11.59205116491941,2
time,best,best bound,gap %,status
25.22954797744751,9.091999999999377,9.771,7.468103827548067,2
time,best,best bound,gap %,status
38.82518792152405,9.195999999999502,9.4975,3.278599391045177,2
time,best,best bound,gap %,status
39.73346471786499,9.20099999999951,9.4975,3.2224758178513864,2
time,best,best bound,gap %,status
53.26396083831787,9.20149999999951,9.395,2.1029180025050156,2
time,best,best bound,gap %,status
53.27884602546692,9.237999999999554,9.395,1.699502056727143,2
time,best,best bound,gap %,status
53.29446506500244,9.239999999999556,9.395,1.6774891774940575,2
time,best,best bound,gap %,status
53.30817484855652,9.241999999999571,9.395,1.6554858255835931,2
time,best,best bound,gap %,status
53.32220005989075,9.24399999999957,9.395,1.6334919948121667,2
time,best,best bound,gap %,status
53.33630990982056,9.245999999999576,9.395,1.611507679000979,2
time,best,best bound,gap %,status
53.34957695007324,9.246499999999573,9.395,1.6060130860372408,2
time,best,best bound,gap %,status
53.36261510848999,9.24749999999958,9.395,1.5950256826215388,2
time,best,best bound,gap %,status
54.81630802154541,9.260999999999592,9.395,1.4469279775446824,2
time,best,best bound,gap %,status
85.33999681472778,9.263999999999601,9.35,0.9283246977590878,2
time,best,best bound,gap %,status
126.15341591835022,9.267499999999613,9.3265,0.6366333962815105,2
time,best,best bound,gap %,status
138.76076197624207,9.268000000977946,9.323,0.593439782221098,2
time,best,best bound,gap %,status
138.77385807037354,9.268499999999612,9.323,0.5880131628676745,2
time,best,best bound,gap %,status
150.83962297439575,9.271499999999616,9.323,0.5554656743826414,2
time,best,best bound,gap %,status
150.85274600982666,9.272499999999614,9.323,0.544621191700069,2
time,best,best bound,gap %,status
159.2988429069519,9.275999999999613,9.323,0.506683915485013,2
time,best,best bound,gap %,status
161.01690697669983,9.276499999999617,9.323,0.5012666415176585,2
time,best,best bound,gap %,status
186.42551493644714,9.277999999999617,9.321,0.46346195301126025,2
