time,best,best bound,gap %,status
78.1535816192627,2.535766666666239,42.322333333336594,1569.0152879475136,2
time,best,best bound,gap %,status
79.50672888755798,4.1773777777784895,42.322333333336594,913.1315764274358,2
