time,best,best bound,gap
0.04810214042663574,3.308333333333334,5.31444444444444,60.63811922753972
time,best,best bound,gap
0.04810214042663574,3.308333333333334,5.31444444444444,60.63811922753972
time,best,best bound,gap
0.050096988677978516,5.031111111111106,5.031111111111106,0.0
