time,best,best bound,gap %,status
7.988037109375,-54.13440000000152,1e+100,1.8472542412956864e+100,2
time,best,best bound,gap %,status
10.911875009536743,-45.3344,119.19719999999882,362.92881343968116,2
time,best,best bound,gap %,status
11.938350915908813,-29.390400000000014,-29.390400000000014,0.0,2
