time,best,best bound,gap %,status
1000.7361400127411,-630.1944444444226,1e+100,1.586811830563814e+99,2
