time,best,best bound,gap %,status
63.56617617607117,-267.09666666666806,1e+100,3.7439628598884107e+99,2
time,best,best bound,gap %,status
136.62925910949707,-231.68599999999762,752.9204444404573,424.97451051874737,2
time,best,best bound,gap %,status
155.14146995544434,-169.1331111111108,-169.12808695652205,0.0029705328280978972,2
