time,best,best bound,gap %,status
25.993748903274536,-66.20100000000116,1e+100,1.510551200132902e+100,2
time,best,best bound,gap %,status
36.7025101184845,-56.17300000000152,235.79499999919904,519.7657237448466,2
time,best,best bound,gap %,status
46.197165966033936,-37.79700000000053,-37.79700000000053,0.0,2
