time,best,best bound,gap %,status
161.70099711418152,60.83500000000107,168.37300000000005,176.7699515081731,2
time,best,best bound,gap %,status
161.70415115356445,63.127000000001274,168.37300000000005,166.7210543824301,2
time,best,best bound,gap %,status
161.71263909339905,72.69900000000136,72.699,1.8765623360147548e-12,2
