time,best,best bound,gap %,status
92.59771299362183,-362.1099999999969,1e+100,2.761591781502882e+99,2
time,best,best bound,gap %,status
141.2916898727417,-67.15600000000431,-45.940000000004545,31.592113884088395,2
time,best,best bound,gap %,status
141.33182406425476,-65.54000000000431,-65.43600000000431,0.15868172108634782,2
time,best,best bound,gap %,status
141.35279297828674,-65.43600000000431,-65.43600000000431,0.0,2
