time,best,best bound,gap %,status
2.1092112064361572,-1053.2000000000028,1e+100,9.494872768704876e+98,2
time,best,best bound,gap %,status
2.6901302337646484,262.39999999999816,275.9999999999981,5.182926829268316,2
time,best,best bound,gap %,status
2.7006540298461914,264.4399999999982,264.5599999999981,0.045378913931307115,2
time,best,best bound,gap %,status
2.704411029815674,264.51999999999816,264.5599999999981,0.015121729925889876,2
