time,best,best bound,gap %,status
77.06127095222473,-208.07849999998703,1e+100,4.805878550643446e+99,2
time,best,best bound,gap %,status
96.62544894218445,-173.95449999999641,1171.3405000020277,773.3602752455682,2
time,best,best bound,gap %,status
107.75348496437073,-113.49649999999964,-113.49649999999936,2.5041925901154746e-13,2
