time,best,best bound,gap %,status
9.710994958877563,-54.13440000000152,1e+100,1.8472542412956864e+100,2
