time,best,best bound,gap %,status
12.798559188842773,-1173.3749999999961,1e+100,8.522424629807209e+98,2
time,best,best bound,gap %,status
18.718984127044678,-311.45999999999464,-281.5799999999947,9.593527258717156,2
time,best,best bound,gap %,status
18.728650093078613,-308.5399999999946,-308.5399999999946,0.0,2
