time,best,best bound,gap %,status
30.19698691368103,7.477177779986676,7.577844446653351,1.3463190207422686,2
time,best,best bound,gap %,status
30.231773853302002,7.506433335542233,7.513011642420539,0.0876355864929677,2
time,best,best bound,gap %,status
30.275206089019775,7.507100002208899,7.509897187228741,0.037260526954727376,2
time,best,best bound,gap %,status
30.312044858932495,7.507455557764454,7.508213472624562,0.010095495794496296,2
time,best,best bound,gap %,status
30.634521007537842,7.507455555555677,7.508201927692942,0.009941745665242618,2
