time,best,best bound,gap %,status
52.72406816482544,2.426200000000138,23.424500000000002,865.4809990931776,2
time,best,best bound,gap %,status
303.05228424072266,3.4464499999994853,12.157244640502102,252.74687404442014,2
time,best,best bound,gap %,status
6104.174358129501,4.1761499999997325,11.7969,182.48266944436278,2
