time,best,best bound,gap %,status
257.7467520236969,14.811200000000264,41.36055000000139,179.25184995139253,2
time,best,best bound,gap %,status
1309.2985880374908,14.826950000000263,22.71901297530179,53.227824841261274,2
