time,best,best bound,gap %,status
1.3104758262634277,-325.5840000000017,1e+100,3.071404000196554e+99,2
time,best,best bound,gap %,status
1.4524469375610352,-311.7440000000008,85.71599999999978,127.49563744610948,2
time,best,best bound,gap %,status
1.4933397769927979,-288.50400000000064,-288.50400000000064,0.0,2
