time,best,best bound,gap %,status
22.028446912765503,-23.27360000000015,1e+100,4.296713873229726e+100,2
time,best,best bound,gap %,status
30.367702960968018,3.458400000000552,3.458400000000552,0.0,2
