time,best,best bound,gap %,status
34.68791580200195,-167.27999999998622,1e+100,5.978000956480645e+99,2
time,best,best bound,gap %,status
58.39761686325073,-139.75599999999937,597.341499999418,527.4174275161143,2
time,best,best bound,gap %,status
62.032702922821045,-90.82600000000171,-90.82600000000171,0.0,2
