time,best,best bound,gap %,status
105.24686813354492,-225.09999999998774,1e+100,4.442470013327652e+99,2
time,best,best bound,gap %,status
494.71827125549316,-136.1980000000014,-135.6824999999999,0.37849307625773065,2
time,best,best bound,gap %,status
498.31912899017334,-135.86200000000218,-135.6824999999999,0.13211935640744982,2
time,best,best bound,gap %,status
500.047415971756,-135.78200000000226,-135.6824999999999,0.07327922699795517,2
time,best,best bound,gap %,status
502.4490249156952,-135.7740000000015,-135.6824999999999,0.06739140041658594,2
time,best,best bound,gap %,status
524.3279490470886,-135.77200000000153,-135.6834999999999,0.06518280647086991,2
time,best,best bound,gap %,status
554.0610909461975,-135.72600000000244,-135.6834999999999,0.03131308666176485,2
time,best,best bound,gap %,status
1113.1808922290802,-135.72400000000195,-135.68899999999988,0.02578762783448091,2
