time,best,best bound,gap %,status
12.479030132293701,-285.37500000000256,1e+100,3.504161191414774e+99,2
time,best,best bound,gap %,status
16.590728044509888,-248.37500000000097,416.28599999925984,267.6038248613018,2
time,best,best bound,gap %,status
17.668669939041138,-183.2610000000003,-183.2610000000003,0.0,2
