time,best,best bound,gap %,status
209.26277804374695,-861.3750000000167,1e+100,1.1609345523145907e+99,2
time,best,best bound,gap %,status
1084.6944000720978,-227.67650000000958,-206.31050000001423,9.384367732284383,2
time,best,best bound,gap %,status
1085.6770889759064,-225.16850000000957,-225.1215000000096,0.02087325713852809,2
time,best,best bound,gap %,status
1085.7781188488007,-225.13250000000957,-225.1215000000096,0.004886011570949015,2
