time,best,best bound,gap %,status
2.058250904083252,-337.17600000000414,1e+100,2.9658101406979966e+99,2
time,best,best bound,gap %,status
2.3313729763031006,-313.19600000000133,350.102,211.78367539815275,2
time,best,best bound,gap %,status
2.390535831451416,-269.5960000000008,-269.5960000000008,0.0,2
