time,best,best bound,gap %,status
0.7653400897979736,-224.78400000000073,1e+100,4.448715211047035e+99,2
time,best,best bound,gap %,status
0.8776390552520752,-146.60399999999996,-146.604,3.877344333088322e-14,2
