time,best,best bound,gap %,status
18.265506982803345,122.13066666679599,1e+100,8.187951701993557e+99,2
time,best,best bound,gap %,status
20.673068046569824,222.5910222223814,235.7270222223814,5.901406026554101,2
time,best,best bound,gap %,status
20.746516942977905,226.30835555571477,226.30835555571474,1.2558842275448764e-14,2
time,best,best bound,gap %,status
20.79828977584839,226.3083555559813,226.30835555571477,1.177768228590198e-10,2
