time,best,best bound,gap %,status
27.486851692199707,9.954500000210457,10.458500000210435,5.0630368174124545,2
time,best,best bound,gap %,status
27.534459829330444,10.101000000210457,10.160500000210456,0.5890505890383149,2
time,best,best bound,gap %,status
27.549396991729736,10.103500000210458,10.160500000210456,0.5641609343179224,2
time,best,best bound,gap %,status
27.57055377960205,10.105500000210457,10.160500000210456,0.5442580772733094,2
time,best,best bound,gap %,status
27.57806968688965,10.108500000210457,10.160500000210456,0.5144185586280553,2
time,best,best bound,gap %,status
27.638473987579346,10.112000000210458,10.151000000210457,0.3856803797388055,2
time,best,best bound,gap %,status
27.64889883995056,10.118500000210457,10.149500000210457,0.3063695211677206,2
time,best,best bound,gap %,status
27.69096088409424,10.122000000210457,10.141500000210456,0.19264967397345897,2
time,best,best bound,gap %,status
27.725061893463135,10.123000000210457,10.141500000210456,0.18275214856875335,2
time,best,best bound,gap %,status
28.255218982696533,10.124000000210458,10.130500000210457,0.06420387198601284,2
