time,best,best bound,gap %,status
8.804404020309448,-53.630400000001835,1e+100,1.864614099465911e+100,2
time,best,best bound,gap %,status
11.920348167419434,-49.190399999999585,228.81439999986532,565.1606817587725,2
time,best,best bound,gap %,status
13.016966104507446,-41.7903999999997,-41.7903999999997,0.0,2
