time,best,best bound,gap %,status
25.4497230052948,-22.27200000000043,1e+100,4.4899425287355465e+100,2
time,best,best bound,gap %,status
27.596802949905396,-12.225999999998699,260.2139999991563,2228.365777843808,2
time,best,best bound,gap %,status
30.43195676803589,-5.743999999998135,-5.743999999998135,0.0,2
