time,best,best bound,gap %,status
31.9051411151886,-564.3000000000028,1e+100,1.772107035264921e+99,2
time,best,best bound,gap %,status
72.36959099769592,-134.05200000000448,-113.7960000000045,15.11055411332864,2
time,best,best bound,gap %,status
72.40372204780579,-131.3400000000045,-131.3400000000045,0.0,2
