time,best,best bound,gap %,status
475.2884781360626,-0.6626999999999624,38.62110000000207,5927.840651879322,2
time,best,best bound,gap %,status
540.7303929328918,21.080699999999467,21.15667006084604,0.3603773159647166,2
