time,best,best bound,gap %,status
7.244936943054199,-29.32159999999988,1e+100,3.4104550911273743e+100,2
time,best,best bound,gap %,status
8.01497220993042,-19.347333333333715,120.49742222214216,722.8115272844136,2
time,best,best bound,gap %,status
8.971841096878052,-14.164266666665657,-14.164266666665657,0.0,2
