time,best,best bound,gap %,status
135.96017599105835,-31.629600000005485,1e+100,3.1615954675361896e+100,2
