time,best,best bound,gap %,status
18.048407077789307,4.648066669377046,4.714400002710387,1.4271166498184278,2
time,best,best bound,gap %,status
18.086005926132202,4.6670666693770455,4.670044671005048,0.06380885123288425,2
time,best,best bound,gap %,status
18.099940061569214,4.667400002710379,4.670044671005048,0.05666255930781192,2
time,best,best bound,gap %,status
18.10979914665222,4.667733336043712,4.669209526519903,0.03162542437443146,2
