time,best,best bound,gap %,status
30.1631019115448,-37.36817777777932,1e+100,2.6760737597289043e+100,2
time,best,best bound,gap %,status
35.686742067337036,-29.814844444444187,433.6107111107499,1554.3450391590106,2
time,best,best bound,gap %,status
36.81367087364197,-16.081511111111357,-16.081511111111357,0.0,2
