time,best,best bound,gap %,status
1.4084479808807373,-766.395000000001,1e+100,1.3048101827386644e+99,2
time,best,best bound,gap %,status
1.6637840270996094,-743.7749999999996,26.71999999999133,103.59248428624133,2
time,best,best bound,gap %,status
1.7802629470825195,-721.0349999999996,-720.97,0.009014818975445,2
