time,best,best bound,gap %,status
48.01983094215393,-0.09282222222222652,17.228333333336522,18660.569786930995,2
time,best,best bound,gap %,status
48.951404094696045,1.908099999999899,17.228333333336522,802.9051587095767,2
