time,best,best bound,gap %,status
4.711233139038086,-90.86399999999934,1e+100,1.100545870751901e+100,2
time,best,best bound,gap %,status
5.688439130783081,-84.71199999999908,135.0520000000012,259.4248748701514,2
time,best,best bound,gap %,status
6.068058252334595,-74.31999999999913,-74.31999999999974,8.222103777633117e-13,2
