time,best,best bound,gap %,status
583.8140788078308,-0.28904999999997644,12.520424999993342,4431.577581731314,2
time,best,best bound,gap %,status
586.9486520290375,4.510600000000449,12.520424999993342,177.57781669826846,2
