time,best,best bound,gap %,status
29.359765768051147,0.25275000000004105,20.47200000000001,7999.703264093642,2
time,best,best bound,gap %,status
29.859498739242554,2.1732499999999377,20.47200000000001,841.9993097895132,2
time,best,best bound,gap %,status
1035.4353580474854,2.184299999999942,10.691590627732076,389.4744599062564,2
