time,best,best bound,gap %,status
978.2921607494354,42.3446999999978,122.06735000000057,188.27066905659245,2
time,best,best bound,gap %,status
978.33318567276,45.01564999999854,45.01565000000118,5.8717778750893495e-12,2
