time,best,best bound,gap %,status
10.684555053710938,-35.17440000000029,1e+100,2.8429767103347655e+100,2
time,best,best bound,gap %,status
11.571161985397339,-29.09039999999999,227.13759999953947,880.7991639837869,2
time,best,best bound,gap %,status
12.102112054824829,-26.002400000000144,-26.002400000000144,0.0,2
