time,best,best bound,gap %,status
1.47414231300354,57.48350000000001,78.66224999999635,36.84318108674026,2
time,best,best bound,gap %,status
1.4751391410827637,57.48350000000001,78.66224999999635,36.84318108674026,2
time,best,best bound,gap %,status
1.5262024402618408,69.22474999999585,69.22474999999585,0.0,2
