time,best,best bound,gap
0.08256340026855469,3.9327551020408165,5.742142857142856,46.008147167950966
time,best,best bound,gap
0.08256340026855469,3.9327551020408165,5.742142857142856,46.008147167950966
time,best,best bound,gap
0.08256340026855469,5.292448979591836,5.292448979591837,1.6781993045658483e-14
