time,best,best bound,gap %,status
31.027174949645996,-1e+100,52.34450000000011,100.0,2
time,best,best bound,gap %,status
31.029841899871826,19.78650000000009,52.34450000000011,164.54653425315178,2
time,best,best bound,gap %,status
31.040817975997925,19.78650000000009,19.92750000000009,0.7126070805852533,2
