time,best,best bound,gap %,status
7.8252599239349365,-56.39999999999892,1e+100,1.773049645390105e+100,2
time,best,best bound,gap %,status
9.107143878936768,-35.15999999999926,-35.15999999999997,2.020883776337074e-12,2
