time,best,best bound,gap %,status
30.904764890670776,-169.64249999999305,1e+100,5.894749252103931e+99,2
time,best,best bound,gap %,status
47.43046307563782,-8.036999999997914,4.35100000000199,154.1371158392823,2
time,best,best bound,gap %,status
47.509385108947754,-6.608999999997913,-6.548999999997914,0.9078529278259596,2
time,best,best bound,gap %,status
47.52484703063965,-6.592999999997913,-6.548999999997914,0.6673744880936241,2
