time,best,best bound,gap %,status
451.1367690563202,-1354.1250000000002,1e+100,7.384842610541861e+98,2
time,best,best bound,gap %,status
7047.72271323204,-362.99100000002636,-335.0610000000387,7.694405646417031,2
time,best,best bound,gap %,status
7055.577455282211,-360.82300000002635,-360.82300000002635,0.0,2
