time,best,best bound,gap %,status
20.196250915527344,-1e+100,102.888,100.0,2
time,best,best bound,gap %,status
20.1980140209198,28.782500000000013,102.888,257.46721097889326,2
time,best,best bound,gap %,status
20.203950881958008,32.856000000000016,32.856000000000016,0.0,2
