time,best,best bound,gap %,status
17.113380908966064,-381.2899999999998,1e+100,2.622675653701908e+99,2
time,best,best bound,gap %,status
22.586533069610596,-333.649999999996,570.7989999985335,271.0771766817145,2
time,best,best bound,gap %,status
24.434913873672485,-249.8519999999984,-249.85199999999958,4.663921388048011e-13,2
