time,best,best bound,gap %,status
24.77414608001709,121.98159999988768,1e+100,8.197957724779153e+99,2
time,best,best bound,gap %,status
28.086199045181274,220.1989999998354,234.3049999998354,6.40602364225566,2
time,best,best bound,gap %,status
28.15743112564087,224.01699999983532,224.01699999983532,0.0,2
