time,best,best bound,gap %,status
0.13916301727294922,3.0499999999999967,16.95,455.73770491803333,2
time,best,best bound,gap %,status
0.1823580265045166,7.894999999999997,8.955,13.426219126029176,2
time,best,best bound,gap %,status
0.19778919219970703,8.044999999999998,8.955,11.311373523927932,2
time,best,best bound,gap %,status
0.19895386695861816,8.094999999999999,8.955,10.623841877702302,2
time,best,best bound,gap %,status
0.21639299392700195,8.299999999999999,8.729999999999999,5.180722891566263,2
time,best,best bound,gap %,status
0.22576308250427246,8.4,8.729999999999999,3.9285714285714084,2
time,best,best bound,gap %,status
0.22888588905334473,8.450000000000001,8.58,1.5384615384615266,2
