time,best,best bound,gap %,status
8.797912836074829,-53.630400000001835,1e+100,1.864614099465911e+100,2
time,best,best bound,gap %,status
12.121049880981445,-38.830400000000324,237.87119999985586,712.5901355635118,2
time,best,best bound,gap %,status
13.381227016448975,-12.930399999999363,-12.930400000000176,6.291927801501537e-12,2
