time,best,best bound,gap %,status
47.0092830657959,45.61699999999981,151.37749999999969,231.8444878006013,2
time,best,best bound,gap %,status
47.02105116844177,46.63799999999995,46.63799999999998,6.0941098311257e-14,2
