time,best,best bound,gap %,status
23.407527923583984,4.81035000000004,4.8531000000000395,0.8887087218185682,2
time,best,best bound,gap %,status
23.443119764328003,4.8211000000000395,4.82325000000004,0.04459563170231484,2
time,best,best bound,gap %,status
23.465812921524048,4.82160000000004,4.8226000000000395,0.020740003318388864,2
time,best,best bound,gap %,status
23.47871494293213,4.82210000000004,4.8226000000000395,0.010368926401354572,2
