time,best,best bound,gap %,status
18.328271865844727,-47.79600000000426,1e+100,2.0922252908191287e+100,2
time,best,best bound,gap %,status
22.23799180984497,-30.64400000000025,266.19039999935984,968.6542226842372,2
time,best,best bound,gap %,status
23.801445722579956,-0.6879999999998168,-0.6879999999998168,0.0,2
