time,best,best bound,gap %,status
75.3850269317627,0.2671555555555739,22.433333333340745,8297.105306939478,2
time,best,best bound,gap %,status
76.49621295928955,2.2190777777776214,22.433333333340745,910.9304666106589,2
time,best,best bound,gap %,status
9773.31106710434,2.230766666666511,11.07547445079061,396.48735640025325,2
