time,best,best bound,gap %,status
3.9300591945648193,-1e+100,39.661000000000115,100.0,2
time,best,best bound,gap %,status
3.948010206222534,3.030055555555559,39.661000000000115,1208.9198951247708,2
time,best,best bound,gap %,status
3.9799728393554688,3.030055555555559,12.236416666666688,303.8347298362702,2
time,best,best bound,gap %,status
4.028794765472412,12.219000000000008,12.236416666666688,0.14253757808887754,2
time,best,best bound,gap %,status
4.031827926635742,12.219000000000008,12.219000000000008,0.0,2
