time,best,best bound,gap %,status
0.5908627510070801,0.6500000000000004,2.989999999999996,359.99999999999915,2
time,best,best bound,gap %,status
0.613184928894043,1.7000000000000006,1.811,6.5294117647058405,2
time,best,best bound,gap %,status
0.6447339057922363,1.7200000000000006,1.7850000000000001,3.7790697674418303,2
time,best,best bound,gap %,status
0.6587047576904297,1.7300000000000004,1.75,1.156069364161825,2
