time,best,best bound,gap %,status
398.13166904449463,-152.3655000000179,1e+100,6.563165546005378e+99,2
time,best,best bound,gap %,status
1967.7454040050507,-0.8855000000137299,21.778499999986266,2559.4579333312913,2
time,best,best bound,gap %,status
1984.8857219219208,0.6304999999862713,0.7364999999862698,16.812053925821825,2
time,best,best bound,gap %,status
1985.1217041015625,0.7364999999862714,0.7364999999862698,2.110403577059324e-13,2
