time,best,best bound,gap %,status
12.645189046859741,0.7795499999999234,20.01550000000001,2467.571034571481,2
time,best,best bound,gap %,status
12.789453029632568,0.9354499999998468,20.01550000000001,2039.6654016786883,2
time,best,best bound,gap %,status
12.990772008895874,2.678500000000164,20.01550000000001,647.2652604068988,2
time,best,best bound,gap %,status
36.39795112609863,3.5271500000002587,10.869500000000006,208.16665012826815,2
time,best,best bound,gap %,status
180.93517327308655,8.197450000000114,10.566140185526887,28.895451457791637,2
time,best,best bound,gap %,status
347.76811504364014,8.338600000000355,10.428850000000004,25.06715755641907,2
time,best,best bound,gap %,status
701.0766520500183,8.441850000000546,10.289294935399436,21.884361074868313,2
time,best,best bound,gap %,status
936.9849290847778,9.032350000000264,10.247350000000004,13.45164879571435,2
time,best,best bound,gap %,status
1118.247377872467,9.067600000000223,10.215850000000003,12.663218492211307,2
time,best,best bound,gap %,status
1439.8400461673737,9.09510000000019,10.169000000000004,11.80745676243022,2
time,best,best bound,gap %,status
1763.414724111557,9.475449999999654,10.155900000000006,7.181189283890232,2
