time,best,best bound,gap %,status
1.3865480422973633,-360.02400000000137,1e+100,2.777592604937438e+99,2
time,best,best bound,gap %,status
1.696739912033081,-135.72600000000068,1e+100,7.36778509644427e+99,2
