time,best,best bound,gap %,status
6.6148598194122314,-337.17600000000414,1e+100,2.9658101406979966e+99,2
time,best,best bound,gap %,status
9.42699384689331,-86.01800000000213,-54.01800000000258,37.201515961774,2
time,best,best bound,gap %,status
9.431197881698608,-77.21800000000212,-77.21800000000214,1.8403551911732514e-14,2
