time,best,best bound,gap %,status
3.278914213180542,-446.66999999999786,1e+100,2.2387892627667063e+99,2
time,best,best bound,gap %,status
3.466369152069092,-324.9999999999988,538.159999999751,265.5876923076163,2
time,best,best bound,gap %,status
3.546135187149048,-312.1599999999989,-312.16,3.641941239159932e-13,2
