time,best,best bound,gap %,status
191.23202300071716,-118.78611111111294,1e+100,8.418492622126474e+99,2
time,best,best bound,gap %,status
402.78886008262634,6.606000000007903,32.40066666667232,390.47330709405935,2
time,best,best bound,gap %,status
411.8044309616089,9.184666666674572,9.28066666667457,1.0452202946931373,2
time,best,best bound,gap %,status
412.15690994262695,9.270000000007904,9.28066666667457,0.11506652283340232,2
