time,best,best bound,gap %,status
2.1743781566619873,-1e+100,16.551611111111242,100.0,2
time,best,best bound,gap %,status
2.193325996398926,1.5340555555555555,16.551611111111242,978.9446999601722,2
time,best,best bound,gap %,status
2.206291437149048,5.0475,5.0475,0.0,2
