time,best,best bound,gap %,status
14.516304969787598,-53.630400000001835,1e+100,1.864614099465911e+100,2
