time,best,best bound,gap %,status
102.36996412277222,-231.64049999999162,1e+100,4.3170343700692934e+99,2
time,best,best bound,gap %,status
168.31948590278625,-26.38649999999764,-1.826499999998239,93.07789968355635,2
time,best,best bound,gap %,status
168.3775029182434,-23.790499999997635,-23.79049999999764,1.493332918097919e-14,2
