time,best,best bound,gap %,status
15.594336986541748,-23.994400000000045,1e+100,4.167639115793677e+100,2
time,best,best bound,gap %,status
17.093404054641724,-7.465799999999016,189.97159999940973,2644.557850457215,2
time,best,best bound,gap %,status
21.021396160125732,1.9976000000012568,1.9976000000012568,0.0,2
