time,best,best bound,gap %,status
320.7513499259949,5.518350000000468,15.840000000001355,187.04232243333624,2
