time,best,best bound,gap %,status
15.732918977737427,-26.337422222221996,1e+100,3.79687879687883e+100,2
time,best,best bound,gap %,status
21.40153980255127,-17.84942222222192,-17.823422222222085,0.14566297819694837,2
time,best,best bound,gap %,status
22.78839087486267,-17.83342222222188,-17.823422222222085,0.056074486854994665,2
time,best,best bound,gap %,status
22.870789766311646,-17.82542222222191,-17.823422222222085,0.01121993058504682,2
