time,best,best bound,gap %,status
1.0133728981018066,-413.2800000000016,1e+100,2.419667053813386e+99,2
time,best,best bound,gap %,status
1.2592699527740479,-285.7500000000014,-279.9500000000014,2.0297462817147798,2
time,best,best bound,gap %,status
1.2624058723449707,-284.55000000000143,-279.9500000000014,1.6165875944473729,2
