time,best,best bound,gap %,status
102.40450882911682,-1466.2500000000002,1e+100,6.820119352088661e+98,2
time,best,best bound,gap %,status
224.28880262374878,-421.2630000000126,-408.4870000000139,3.03278474492142,2
time,best,best bound,gap %,status
224.4990746974945,-419.1750000000126,-419.1350000000126,0.00954255382595871,2
