time,best,best bound,gap %,status
1.1212708950042725,-413.2800000000016,1e+100,2.419667053813386e+99,2
time,best,best bound,gap %,status
1.3983500003814697,-163.12500000000105,1e+100,6.130268199233677e+99,2
