time,best,best bound,gap %,status
7.925210952758789,-29.32159999999988,1e+100,3.4104550911273743e+100,2
time,best,best bound,gap %,status
11.479139804840088,-5.634933333332231,-5.634933333332231,0.0,2
