time,best,best bound,gap %,status
283.7867121696472,41.15480000000316,124.4890000000019,202.48962453952473,2
time,best,best bound,gap %,status
283.80606412887573,44.74610000000269,44.7461000000016,2.445432815531384e-12,2
