time,best,best bound,gap %,status
10.491667985916138,-54.13440000000152,1e+100,1.8472542412956864e+100,2
time,best,best bound,gap %,status
13.623605012893677,-3.7668000000026307,8.426799999997359,323.7124349578282,2
time,best,best bound,gap %,status
13.65121579170227,-1.206800000002628,-1.1608000000026317,3.8117335101007703,2
