time,best,best bound,gap %,status
9.600754022598267,-29.08888888888864,1e+100,3.4377387318564087e+100,2
time,best,best bound,gap %,status
10.526006937026978,-14.622266666666743,147.95413333331427,1111.8413013940851,2
time,best,best bound,gap %,status
12.098855972290039,-4.100888888888838,-4.100888888888838,0.0,2
