time,best,best bound,gap %,status
0.8675887584686279,-360.02400000000137,1e+100,2.777592604937438e+99,2
time,best,best bound,gap %,status
1.0053389072418213,-335.1240000000003,60.10199999999996,117.93425717048017,2
time,best,best bound,gap %,status
1.0545039176940918,-290.2040000000002,-290.2040000000002,0.0,2
