time,best,best bound,gap %,status
1.3437111377716064,-1e+100,21.199861111111165,100.0,2
time,best,best bound,gap %,status
1.3606655597686768,1.169166666666667,21.199861111111165,1713.2454264670987,2
time,best,best bound,gap %,status
1.3706395626068115,1.169166666666667,6.411979166666677,448.4230220955104,2
time,best,best bound,gap %,status
1.404550552368164,6.366666666666665,6.411979166666677,0.7117146596860537,2
time,best,best bound,gap %,status
1.406552791595459,6.366666666666665,6.366666666666665,0.0,2
