time,best,best bound,gap %,status
72.60696792602539,-167.27999999998622,1e+100,5.978000956480645e+99,2
time,best,best bound,gap %,status
129.9755141735077,-5.642999999995791,21.2330000000039,476.2714867981524,2
time,best,best bound,gap %,status
130.0357129573822,-2.178999999995788,-2.1789999999957907,1.2228248091351657e-13,2
time,best,best bound,gap %,status
130.43591690063477,-2.178999999999802,-2.178999999995788,1.8421855749587335e-10,2
