time,best,best bound,gap %,status
8.626983165740967,7.403499999999898,7.752499999999885,4.713986627946129,2
time,best,best bound,gap %,status
8.659103155136108,7.509499999999898,7.5404999999998985,0.41281044010920837,2
time,best,best bound,gap %,status
8.698103189468384,7.522499999999898,7.534999999999898,0.16616816218013092,2
time,best,best bound,gap %,status
8.704142093658447,7.5244999999998985,7.530499999999898,0.07973951757591097,2
