time,best,best bound,gap %,status
47.32559394836426,197.6235000000051,447.7634999996885,126.57401574189151,2
time,best,best bound,gap %,status
47.34121608734131,197.6235000000051,447.7634999996885,126.57401574189151,2
time,best,best bound,gap %,status
54.52437782287598,229.39849999968592,229.39849999968592,0.0,2
