time,best,best bound,gap %,status
14.776977300643921,-26.337422222221996,1e+100,3.79687879687883e+100,2
time,best,best bound,gap %,status
16.067610025405884,-20.7480888888889,220.25155555588017,1161.551050486535,2
time,best,best bound,gap %,status
17.145023345947266,-17.801422222221884,-17.801422222221884,0.0,2
