time,best,best bound,gap %,status
22.725507259368896,-963.3749999999927,1e+100,1.0380173867912368e+99,2
time,best,best bound,gap %,status
31.37333607673645,-245.20499999999745,-223.64499999999748,8.792642890642604,2
time,best,best bound,gap %,status
31.445214986801147,-243.12499999999747,-243.04499999999746,0.03290488431877155,2
time,best,best bound,gap %,status
31.44926118850708,-243.04499999999746,-243.04499999999746,0.0,2
