time,best,best bound,gap %,status
17.579426050186157,-47.79600000000426,1e+100,2.0922252908191287e+100,2
time,best,best bound,gap %,status
21.378851175308228,-38.036000000000215,258.7983999993933,780.4038279508673,2
time,best,best bound,gap %,status
22.988150119781494,-20.052000000000078,-20.052000000000078,0.0,2
