time,best,best bound,gap %,status
13.03504490852356,0.5095000000000723,22.112,4239.94111874325,2
time,best,best bound,gap %,status
13.172659873962402,1.2425000000000326,22.112,1679.637826961724,2
time,best,best bound,gap %,status
13.346224069595337,2.7429999999998325,22.112,706.1246810062469,2
time,best,best bound,gap %,status
83.29948472976685,3.6829999999998444,11.668000000000001,216.80695085529442,2
time,best,best bound,gap %,status
604.8590059280396,6.898000000000052,11.360000000000001,64.68541606262562,2
time,best,best bound,gap %,status
1066.9975819587708,7.115000000000015,11.2035,57.46310611384365,2
