time,best,best bound,gap %,status
103.12405300140381,-231.64049999999162,1e+100,4.3170343700692934e+99,2
time,best,best bound,gap %,status
179.74697971343994,-26.38649999999764,4.3895000000022195,116.63540067838709,2
time,best,best bound,gap %,status
179.8324098587036,-22.698499999997637,-22.69849999999764,1.5651755308944955e-14,2
