time,best,best bound,gap %,status
6.160101890563965,-57.975999999999246,1e+100,1.7248516627570254e+100,2
time,best,best bound,gap %,status
7.346252918243408,-47.2079999999994,-47.20799999999996,1.1890543154772205e-12,2
