time,best,best bound,gap %,status
15.788142204284668,-185.5699999999869,1e+100,5.388802069300376e+99,2
time,best,best bound,gap %,status
27.24164319038391,293.5720000000072,308.0920000000072,4.945975774256272,2
time,best,best bound,gap %,status
27.297298908233643,295.0680000000072,295.12400000000724,0.01897867610179303,2
time,best,best bound,gap %,status
27.35449719429016,295.1080000000072,295.1160000000072,0.0027108719519569648,2
