time,best,best bound,gap %,status
41.395857095718384,-50.517600000003625,1e+100,1.9795081318192636e+100,2
