time,best,best bound,gap %,status
213.22824883460999,41.548499999999486,111.07499999999945,167.33817105310862,2
time,best,best bound,gap %,status
213.24582409858704,43.563999999999766,43.721999999999476,0.3626847856021274,2
time,best,best bound,gap %,status
213.2531349658966,43.7219999999998,43.721999999999476,7.475633741586559e-13,2
