time,best,best bound,gap %,status
21.09248113632202,-963.3749999999927,1e+100,1.0380173867912368e+99,2
time,best,best bound,gap %,status
30.13665008544922,-245.20499999999745,-218.8049999999975,10.766501498746038,2
time,best,best bound,gap %,status
30.150480270385742,-242.24499999999745,-242.08499999999745,0.06604883485727188,2
time,best,best bound,gap %,status
30.154051065444946,-242.12499999999747,-242.08499999999745,0.016520392359327157,2
