time,best,best bound,gap %,status
1416.7850708961487,41.036222222221234,104.8069555555567,155.4010819709506,2
time,best,best bound,gap %,status
1439.2063710689545,43.61136666666296,43.62203333333494,0.02445845541486797,2
