time,best,best bound,gap %,status
0.164276123046875,15.725000000000007,28.85,83.46581875993634,2
time,best,best bound,gap %,status
0.17582201957702637,20.300000000000026,21.07,3.793103448275733,2
time,best,best bound,gap %,status
0.1862490177154541,20.350000000000026,20.495,0.7125307125305873,2
time,best,best bound,gap %,status
0.18718314170837402,20.390000000000025,20.495,0.5149583128983591,2
