time,best,best bound,gap %,status
0.820702075958252,2.769999999999977,13.360000000000037,382.31046931408474,2
time,best,best bound,gap %,status
0.8256990909576416,3.0349999999999775,13.360000000000037,340.1976935749633,2
time,best,best bound,gap %,status
1.3816630840301514,6.75899999999995,7.777244691857833,15.065019852905618,2
time,best,best bound,gap %,status
1.4640309810638428,6.803999999999949,7.777244691857833,14.304007816841438,2
time,best,best bound,gap %,status
1.9054241180419922,7.204499999999953,7.653437087912047,6.231342742898139,2
time,best,best bound,gap %,status
2.129127264022827,7.439499999999952,7.653437087912047,2.8756917522964764,2
time,best,best bound,gap %,status
2.833264112472534,7.459999999999952,7.584608334833288,1.6703530138516938,2
time,best,best bound,gap %,status
3.61326003074646,7.519999999999951,7.554541668166623,0.4593306937057496,2
time,best,best bound,gap %,status
5.634521007537842,7.524999999999951,7.548916668166617,0.31782947729789857,2
time,best,best bound,gap %,status
11.093793153762817,7.525000011899951,7.54725000149995,0.29568092444935284,2
time,best,best bound,gap %,status
28.41592288017273,7.525000013571376,7.54048332613085,0.20575830606710646,2
