time,best,best bound,gap %,status
471.8272008895874,-672.6027777777567,1e+100,1.4867616266824618e+99,2
time,best,best bound,gap %,status
3276.8415479660034,-163.98944444445362,-158.86144444445364,3.1270305338078868,2
time,best,best bound,gap %,status
3284.4441437721252,-163.80277777778696,-163.8001111111203,0.0016279740202498252,2
