time,best,best bound,gap %,status
30.64074397087097,179.17039999985238,1e+100,5.581279050562057e+99,2
time,best,best bound,gap %,status
34.11056303977966,272.8654999997387,288.5094999997387,5.733227542512698,2
time,best,best bound,gap %,status
34.22130608558655,277.3474999997386,277.4154999997387,0.024517978348519962,2
time,best,best bound,gap %,status
34.25056004524231,277.3954999997386,277.4154999997387,0.007209922295103685,2
