time,best,best bound,gap %,status
14.808794260025024,-50.517600000003625,1e+100,1.9795081318192636e+100,2
time,best,best bound,gap %,status
18.27802324295044,-40.7576000000003,232.7173999995123,670.9791548067368,2
time,best,best bound,gap %,status
19.704947233200073,-22.87360000000014,-22.87360000000014,0.0,2
