time,best,best bound,gap %,status
23.533501863479614,-51.61920000000252,1e+100,1.9372636538341377e+100,2
