time,best,best bound,gap %,status
1395.3134589195251,2.7334999999998177,11.620166666666012,325.1021279190337,2
