time,best,best bound,gap %,status
111.89596843719482,200.6851777777735,514.189066666922,156.21676317137062,2
time,best,best bound,gap %,status
111.9358594417572,200.6851777777735,514.189066666922,156.21676317137062,2
time,best,best bound,gap %,status
136.34629082679749,232.25351111140452,232.25351111140472,8.566155364488643e-14,2
