time,best,best bound,gap %,status
36.78162217140198,9.03995000000019,13.821700000001604,52.89575716681303,2
time,best,best bound,gap %,status
38.1010799407959,10.504950000000218,10.845351679471559,3.240393142959598,2
time,best,best bound,gap %,status
38.42176699638367,10.511850000000209,10.845351679471559,3.1726259361705478,2
time,best,best bound,gap %,status
38.68550205230713,10.520750000000195,10.845351679471559,3.0853473323798966,2
time,best,best bound,gap %,status
39.678635120391846,10.56460000000017,10.800071093540833,2.2288689921119578,2
time,best,best bound,gap %,status
41.18196105957031,10.566800000000168,10.743852360945379,1.6755532511754594,2
time,best,best bound,gap %,status
41.515408992767334,10.594050000000143,10.733787768285456,1.3190212268708477,2
time,best,best bound,gap %,status
43.57441592216492,10.608600000000141,10.726140881858559,1.107977318952697,2
time,best,best bound,gap %,status
43.68033695220947,10.610600000000138,10.721510798159802,1.0452830015235883,2
time,best,best bound,gap %,status
45.42053699493408,10.612700000000139,10.717399427058632,0.9865484472235357,2
time,best,best bound,gap %,status
45.72544288635254,10.612900000000138,10.713136402392132,0.9444770269388466,2
time,best,best bound,gap %,status
46.74532198905945,10.626550000509134,10.711975044350728,0.8038831402242627,2
time,best,best bound,gap %,status
47.38489508628845,10.627200000439043,10.707831349110043,0.7587261806277179,2
time,best,best bound,gap %,status
49.01117300987244,10.629650000000135,10.704353707605499,0.70278614634878,2
time,best,best bound,gap %,status
51.087158203125,10.634550000000132,10.700865473306918,0.6235851381279358,2
time,best,best bound,gap %,status
53.1023371219635,10.635050000000133,10.695724386294872,0.5705134089142808,2
time,best,best bound,gap %,status
55.16560697555542,10.636400002428473,10.691977304613786,0.522519857965322,2
time,best,best bound,gap %,status
61.200474977493286,10.636700000000133,10.685194724711527,0.4559188913045785,2
time,best,best bound,gap %,status
62.9016900062561,10.637200000000133,10.685185631440953,0.4511114902494983,2
time,best,best bound,gap %,status
70.43421387672424,10.638000000000133,10.685185631440953,0.4435573551496498,2
time,best,best bound,gap %,status
73.27931189537048,10.640200000000133,10.685185631440953,0.4227893408095672,2
