time,best,best bound,gap %,status
0.15147686004638672,11.473061224489793,15.91265306122455,38.69579138354319,2
time,best,best bound,gap %,status
0.15147686004638672,11.473061224489793,15.91265306122455,38.69579138354319,2
time,best,best bound,gap %,status
0.15147686004638672,14.072551020408211,14.072551020408211,0.0,2
