time,best,best bound,gap %,status
1.9001359939575195,-723.2400000000025,1e+100,1.382666887893364e+99,2
time,best,best bound,gap %,status
2.432662010192871,-648.3199999999988,135.57000000000016,120.9109698914117,2
time,best,best bound,gap %,status
2.543869972229004,-517.6899999999994,-517.5199999999999,0.03283818501410198,2
time,best,best bound,gap %,status
2.5675039291381836,-517.5299999999993,-517.5199999999999,0.0019322551348564304,2
