time,best,best bound,gap %,status
0.22478413581848145,2.7199999999999998,16.95,523.1617647058824,2
time,best,best bound,gap %,status
0.2710089683532715,7.844999999999996,8.955,14.149139579349962,2
time,best,best bound,gap %,status
0.28298115730285645,8.049999999999995,8.955,11.242236024844786,2
time,best,best bound,gap %,status
0.30934810638427734,8.35,8.754999999999999,4.8502994011975975,2
time,best,best bound,gap %,status
0.31710314750671387,8.450000000000001,8.5,0.5917159763313483,2
