time,best,best bound,gap %,status
1.0861170291900635,-281.5680000000006,1e+100,3.5515399477213244e+99,2
time,best,best bound,gap %,status
1.2116570472717285,-258.9680000000002,-258.4480000000002,0.20079700966914113,2
time,best,best bound,gap %,status
1.2248778343200684,-258.6080000000002,-258.4480000000002,0.061869702406719074,2
time,best,best bound,gap %,status
1.2556629180908203,-258.4880000000002,-258.4480000000002,0.015474606171280844,2
