time,best,best bound,gap %,status
62.11093497276306,-236.68049999999414,1e+100,4.2251051523045823e+99,2
time,best,best bound,gap %,status
94.79379391670227,-28.68599999999741,-10.949999999998191,61.82806944154229,2
time,best,best bound,gap %,status
94.90013217926025,-27.51799999999741,-27.43399999999741,0.3052547423504889,2
time,best,best bound,gap %,status
94.93964719772339,-27.433999999997408,-27.43399999999741,1.295003892542406e-14,2
