time,best,best bound,gap %,status
34.23371171951294,-41.50346666666837,1e+100,2.4094372839536913e+100,2
time,best,best bound,gap %,status
48.21640968322754,32.74564444444403,43.63897777777737,33.266510762415656,2
time,best,best bound,gap %,status
48.27216577529907,34.21764444444403,34.27097777777737,0.15586500531889877,2
time,best,best bound,gap %,status
48.35221290588379,34.25497777777737,34.2603111111107,0.015569513335935372,2
