time,best,best bound,gap %,status
23.682186126708984,4.794900000000039,4.837650000000039,0.8915722955640262,2
time,best,best bound,gap %,status
23.716624975204468,4.805650000000039,4.8078000000000385,0.04473900512936674,2
time,best,best bound,gap %,status
23.720453023910522,4.8066500000000385,4.8078000000000385,0.023925186980536865,2
