time,best,best bound,gap %,status
35.23889493942261,-6727.874999999996,1e+100,1.4863534176838907e+98,2
time,best,best bound,gap %,status
72.99131107330322,-2080.064999999999,-2058.3950000000136,1.0417943670022585,2
time,best,best bound,gap %,status
73.01899099349976,-2078.664999999999,-2078.6349999999993,0.001443233998732136,2
