time,best,best bound,gap %,status
5.922095060348511,-963.3749999999927,1e+100,1.0380173867912368e+99,2
time,best,best bound,gap %,status
6.666980981826782,-844.7749999999992,630.244999999662,174.6050723565047,2
time,best,best bound,gap %,status
6.832412004470825,-636.8850000000002,-636.8850000000004,3.570089976106079e-14,2
