time,best,best bound,gap %,status
3.7169108390808105,-62.103999999999466,1e+100,1.6102022414015339e+100,2
time,best,best bound,gap %,status
4.660991907119751,-42.23999999999967,-42.24000000000017,1.194330829521011e-12,2
