time,best,best bound,gap %,status
18.206589221954346,122.13066666679599,1e+100,8.187951701993557e+99,2
time,best,best bound,gap %,status
22.458343029022217,221.44702222238024,233.52702222238025,5.455029324290983,2
time,best,best bound,gap %,status
22.488291025161743,223.26035555571357,223.26035555571357,0.0,2
