time,best,best bound,gap %,status
23.423807859420776,180.12515555597028,1e+100,5.551695413743974e+99,2
time,best,best bound,gap %,status
29.01010775566101,278.77844444483856,294.8291111114789,5.757499184918598,2
time,best,best bound,gap %,status
29.10233497619629,282.10911111150523,282.12511111150525,0.00567156443015251,2
