time,best,best bound,gap %,status
4.5840840339660645,-90.86399999999934,1e+100,1.100545870751901e+100,2
time,best,best bound,gap %,status
5.615200042724609,-71.63199999999941,146.28400000000076,304.21599285235925,2
time,best,best bound,gap %,status
6.112063884735107,-39.07599999999968,-39.07600000000004,9.273640987758575e-13,2
