time,best,best bound,gap %,status
0.7881515026092529,11.943500000000027,15.737500000000114,31.76623267886364,2
time,best,best bound,gap %,status
0.7881515026092529,11.943500000000027,15.737500000000114,31.76623267886364,2
time,best,best bound,gap %,status
0.7975003719329834,14.01650000000013,14.01650000000013,0.0,2
