time,best,best bound,gap %,status
555.8986120223999,3.9673999999998206,13.331300000000994,236.02107173467752,2
