time,best,best bound,gap %,status
20.0328471660614,-81.04133333333229,1e+100,1.2339382372781128e+100,2
time,best,best bound,gap %,status
26.63934302330017,-75.1199999999984,232.67600000037467,409.7390841325607,2
time,best,best bound,gap %,status
30.251807928085327,-65.09999999999881,-65.09999999999881,0.0,2
