time,best,best bound,gap %,status
1.5959715843200684,28.21425000000004,54.48650000000025,93.11695331259975,2
time,best,best bound,gap %,status
1.597015380859375,28.21425000000004,54.48650000000025,93.11695331259975,2
time,best,best bound,gap %,status
1.6249845027923584,41.52274999999927,41.52274999999927,0.0,2
