time,best,best bound,gap %,status
0.9563608169555664,49.63099999999996,106.96800000000125,115.52658620620448,2
time,best,best bound,gap %,status
0.9563608169555664,49.63099999999996,106.96800000000125,115.52658620620448,2
time,best,best bound,gap %,status
0.9812965393066406,49.63099999999996,75.66400000000125,52.453103906835075,2
