time,best,best bound,gap %,status
28.562849044799805,-37.76266666666803,1e+100,2.6481180707576193e+100,2
time,best,best bound,gap %,status
37.321134090423584,-30.209333333333145,357.4234222219301,1283.1556104799806,2
time,best,best bound,gap %,status
38.69396924972534,-16.476000000000063,-16.476000000000063,0.0,2
