time,best,best bound,gap %,status
45.511083126068115,7.778277781264705,7.8511000034869305,0.9362255279392375,2
time,best,best bound,gap %,status
45.541813135147095,7.804611114598038,7.812628931040854,0.10273178669747372,2
time,best,best bound,gap %,status
45.55918502807617,7.804766670153594,7.812628931040854,0.10073665516903622,2
time,best,best bound,gap %,status
45.574065923690796,7.808766670153593,7.810097140917398,0.017038167741514103,2
