time,best,best bound,gap %,status
79.52023601531982,-33.37840000000458,1e+100,2.99594947630762e+100,2
time,best,best bound,gap %,status
113.94554400444031,-31.926550000007744,1e+100,3.1321893533744096e+100,2
