time,best,best bound,gap %,status
46.46022415161133,-136.4066666666671,1e+100,7.331019989247814e+99,2
time,best,best bound,gap %,status
80.4564962387085,4.155222222225123,16.765888888890995,303.48958472581654,2
time,best,best bound,gap %,status
80.57993507385254,5.629888888891789,5.6752222222251225,0.805226075114553,2
