time,best,best bound,gap %,status
223.47728991508484,5.112800000000935,13.7508777777765,168.95004259454672,2
