time,best,best bound,gap %,status
23.696616888046265,4.806800000000041,4.849550000000041,0.8893650661562678,2
time,best,best bound,gap %,status
23.73693585395813,4.817800000000041,4.819700000000041,0.03943708746730866,2
time,best,best bound,gap %,status
23.742311716079712,4.818300000000041,4.819700000000041,0.029055891081922632,2
time,best,best bound,gap %,status
23.764668703079224,4.818550000000041,4.81880000000004,0.005188282782152624,2
