time,best,best bound,gap %,status
110.00019216537476,-99.60749999998446,1e+100,1.0039404663305034e+100,2
time,best,best bound,gap %,status
208.0830500125885,-76.6194999999993,856.9629999947196,1218.4659257691937,2
time,best,best bound,gap %,status
221.83854508399963,-35.501500000001634,-35.501500000001634,0.0,2
