time,best,best bound,gap
0.14975500106811523,6.392448979591837,8.009591836734677,25.29770456214256
time,best,best bound,gap
0.14975500106811523,6.392448979591837,8.009591836734677,25.29770456214256
time,best,best bound,gap
0.1653435230255127,7.560204081632636,7.560204081632636,0.0
