time,best,best bound,gap %,status
3.284982919692993,-1e+100,51.20350000000008,100.0,2
time,best,best bound,gap %,status
3.2876651287078857,14.131499999999972,51.20350000000008,262.33591621554814,2
time,best,best bound,gap %,status
3.2949259281158447,14.131499999999972,16.49235714285711,16.706344994212515,2
time,best,best bound,gap %,status
3.311676025390625,16.246499999999955,16.473722222222186,1.3985918334547855,2
time,best,best bound,gap %,status
3.3313980102539062,16.246499999999955,16.307196536162877,0.3735976127961242,2
time,best,best bound,gap %,status
3.3336780071258545,16.246499999999955,16.307196536162877,0.3735976127961242,2
time,best,best bound,gap %,status
3.3340539932250977,16.246499999999955,16.246500018749938,1.1540936755384356e-07,2
