time,best,best bound,gap %,status
646.9091472625732,64.76200000000098,178.7005000000036,175.9341898026634,2
time,best,best bound,gap %,status
646.9324731826782,70.7275000000025,70.72750000000357,1.5270226691955945e-12,2
