time,best,best bound,gap %,status
7589.5173869133,-0.7739999999999502,50.879999999992016,6673.643410852105,2
