time,best,best bound,gap %,status
0.5484230518341064,3.6499999999999977,15.25,317.8082191780824,2
time,best,best bound,gap %,status
0.581218957901001,7.949999999999994,8.575000000000001,7.861635220125882,2
time,best,best bound,gap %,status
0.6121699810028076,8.099999999999994,8.4,3.7037037037037805,2
time,best,best bound,gap %,status
0.6284689903259277,8.149999999999993,8.249999999999993,1.2269938650306715,2
