time,best,best bound,gap %,status
319.0370948314667,12.203150000000377,12.812650000000186,4.994612046887811,2
time,best,best bound,gap %,status
319.280526638031,12.347750000000378,12.421350000000377,0.5960600109331397,2
time,best,best bound,gap %,status
319.40182662010193,12.352100000000377,12.421350000000377,0.5606334145610717,2
time,best,best bound,gap %,status
319.5003089904785,12.362500000000377,12.421350000000377,0.4760364004044314,2
time,best,best bound,gap %,status
319.79041266441345,12.377000000000377,12.414000000000376,0.29894158519833486,2
time,best,best bound,gap %,status
319.8455138206482,12.378450000000377,12.413700000000377,0.28476909467662337,2
time,best,best bound,gap %,status
320.1446797847748,12.384800000000377,12.408550000000377,0.19176732769200142,2
time,best,best bound,gap %,status
320.6216309070587,12.388150000000378,12.406000000000377,0.1440893111562155,2
time,best,best bound,gap %,status
320.67649102211,12.389150000000377,12.405700000000376,0.13358462848539432,2
time,best,best bound,gap %,status
321.01251673698425,12.389800000000378,12.404350000000377,0.1174353096902242,2
time,best,best bound,gap %,status
321.16118574142456,12.390300000000376,12.404350000000377,0.11339515588807841,2
time,best,best bound,gap %,status
321.5753617286682,12.392300000000377,12.403300000000376,0.08876479749520991,2
time,best,best bound,gap %,status
321.8141918182373,12.392600000000376,12.402950000000377,0.08351758307377333,2
time,best,best bound,gap %,status
323.3846278190613,12.392750000000378,12.401950000000376,0.07423695305721344,2
time,best,best bound,gap %,status
324.88807678222656,12.393500000000378,12.401500000000377,0.06454996570782164,2
time,best,best bound,gap %,status
326.98960280418396,12.393850000000377,12.401500000000377,0.06172416158013613,2
time,best,best bound,gap %,status
329.7388699054718,12.395050000000378,12.401500000000377,0.05203690182773754,2
