time,best,best bound,gap %,status
4.245299339294434,-59.99199999999936,1e+100,1.6668889185224876e+100,2
time,best,best bound,gap %,status
5.318615198135376,-26.0199999999998,-26.01999999999998,6.826890235973344e-13,2
