time,best,best bound,gap %,status
1.5475499629974365,5.1600000029670205,6.315000002967,22.383720917361437,2
time,best,best bound,gap %,status
1.5869832038879395,5.515000002967021,5.610144024880779,1.7251862531744626,2
time,best,best bound,gap %,status
1.6089611053466797,5.530000002967021,5.610144024880779,1.4492589850046793,2
time,best,best bound,gap %,status
1.6298480033874512,5.560000002967021,5.586976193443212,0.48518328168696434,2
time,best,best bound,gap %,status
1.6449270248413086,5.565000002967021,5.568333336300354,0.059898173073778524,2
