time,best,best bound,gap %,status
391.6049952507019,5.059450000000396,14.192249999990763,180.50973920069674,2
