time,best,best bound,gap %,status
105.57092714309692,4.201949999999672,43.07975,925.2323326075598,2
time,best,best bound,gap %,status
6738.7872660160065,4.9545000000008805,18.53293792206798,274.062729277721,2
