time,best,best bound,gap %,status
8.432019472122192,-1e+100,58.669833333333564,100.0,2
time,best,best bound,gap %,status
8.481888055801392,4.001111111111115,58.669833333333564,1366.3385170785937,2
time,best,best bound,gap %,status
8.83194875717163,4.001111111111115,13.554152777777817,238.7597195223556,2
time,best,best bound,gap %,status
8.97057819366455,12.92316666666668,13.554152777777817,4.8825967147716955,2
time,best,best bound,gap %,status
9.07828950881958,12.92316666666668,13.50071150793655,4.469065950836642,2
time,best,best bound,gap %,status
9.177061557769775,13.496944444444454,13.50071150793655,0.02791049120489895,2
time,best,best bound,gap %,status
9.186001777648926,13.496944444444454,13.496944444444454,0.0,2
