time,best,best bound,gap %,status
0.13128995895385742,18.75,23.69999999999999,26.39999999999994,2
time,best,best bound,gap %,status
0.1348559856414795,18.9,18.9,0.0,2
