time,best,best bound,gap %,status
46.95193386077881,-34.74880000000333,1e+100,2.877797218896492e+100,2
