time,best,best bound,gap %,status
184.09319591522217,-225.09999999998774,1e+100,4.442470013327652e+99,2
time,best,best bound,gap %,status
769.2732589244843,-24.88700000000153,0.5469999999984515,102.19793466467802,2
time,best,best bound,gap %,status
771.6324777603149,-22.053000000001582,-22.033000000001532,0.09069060898765645,2
time,best,best bound,gap %,status
772.08198595047,-22.033000000001582,-22.033000000001532,2.2574316481279645e-13,2
