time,best,best bound,gap %,status
647.0072908401489,-112.52888888889359,1e+100,8.88660689600658e+99,2
