time,best,best bound,gap %,status
26.13149881362915,-93.50549999999396,1e+100,1.0694558074124673e+100,2
time,best,best bound,gap %,status
32.84638714790344,-86.8615000000024,420.3219999986344,583.8990807188718,2
time,best,best bound,gap %,status
36.28055691719055,-75.62950000000228,-75.62950000000228,0.0,2
