time,best,best bound,gap %,status
24.983566999435425,43.89899999989333,1e+100,2.2779562176870314e+100,2
time,best,best bound,gap %,status
46.95850110054016,177.12199999987524,187.7839999998711,6.019579724711423,2
time,best,best bound,gap %,status
47.09659695625305,178.52999999987523,178.59599999987523,0.03696857670982391,2
time,best,best bound,gap %,status
47.1501739025116,178.58199999987525,178.59599999987523,0.007839535899469915,2
