time,best,best bound,gap %,status
0.5727660655975342,-246.4560000000003,1e+100,4.057519394942703e+99,2
time,best,best bound,gap %,status
0.6184210777282715,-206.73000000000025,142.032,168.70410680597877,2
time,best,best bound,gap %,status
0.6425530910491943,-201.37600000000018,-201.37600000000018,0.0,2
