time,best,best bound,gap %,status
2.3113231658935547,-723.2400000000025,1e+100,1.382666887893364e+99,2
time,best,best bound,gap %,status
3.0075299739837646,-182.96999999999716,-168.1699999999974,8.088757719844777,2
time,best,best bound,gap %,status
3.018904209136963,-180.36999999999716,-180.36999999999716,0.0,2
