time,best,best bound,gap %,status
46.16790294647217,-43.34250000000147,1e+100,2.307204245255733e+100,2
time,best,best bound,gap %,status
50.57007193565369,-30.270500000000883,502.9550000026283,1761.5351580007389,2
time,best,best bound,gap %,status
55.594679832458496,-23.756500000000244,-23.756500000000244,0.0,2
