time,best,best bound,gap %,status
11.902810096740723,-97.98000000000266,1e+100,1.020616452337184e+100,2
time,best,best bound,gap %,status
12.843679904937744,-60.15000000000112,486.6239999989274,909.017456357304,2
time,best,best bound,gap %,status
13.597127914428711,-48.37400000000145,-48.37400000000145,0.0,2
