time,best,best bound,gap %,status
3.3457181453704834,12.986499999999987,61.74700000000005,375.470681091904,2
time,best,best bound,gap %,status
3.3552489280700684,20.071999999999953,20.109777777777822,0.1882113281081558,2
