time,best,best bound,gap %,status
3.4296886920928955,-413.28,1e+100,2.419667053813395e+99,2
time,best,best bound,gap %,status
3.721902847290039,-89.54999999999872,-83.74999999999872,6.476828587381441,2
time,best,best bound,gap %,status
3.7298977375030518,-88.34999999999872,-83.74999999999872,5.20656479909458,2
