time,best,best bound,gap %,status
222.75212597846985,-245.9955555555578,1e+100,4.065114094202207e+99,2
time,best,best bound,gap %,status
577.399600982666,-32.64444444445322,-10.716444444455316,67.17222600405994,2
time,best,best bound,gap %,status
583.7090809345245,-30.295111111119887,-30.295111111119887,0.0,2
