time,best,best bound,gap %,status
3.251723051071167,-1e+100,82.13150000000005,100.0,2
time,best,best bound,gap %,status
3.254560947418213,15.743000000000013,82.13150000000005,421.7017086959283,2
time,best,best bound,gap %,status
3.257546901702881,15.743000000000013,20.723277777777824,31.634871230247143,2
