time,best,best bound,gap %,status
14.568166971206665,-50.517600000003625,1e+100,1.9795081318192636e+100,2
time,best,best bound,gap %,status
18.782960891723633,-35.717600000000424,371.8193999997342,1140.997715411253,2
time,best,best bound,gap %,status
21.758169174194336,-9.817599999999201,-9.817599999999201,0.0,2
