time,best,best bound,gap %,status
5.984176874160767,-87.00799999999953,1e+100,1.1493196027951514e+100,2
time,best,best bound,gap %,status
7.146032810211182,-80.71999999999866,173.61200000000053,315.0792864222044,2
time,best,best bound,gap %,status
7.562500953674316,-70.07999999999868,-70.07999999999927,8.516779366987662e-13,2
