time,best,best bound,gap %,status
3.295510768890381,28.00325000000004,78.12375000000145,178.98101113264119,2
time,best,best bound,gap %,status
3.2965426445007324,28.00325000000004,78.12375000000145,178.98101113264119,2
time,best,best bound,gap %,status
3.3306355476379395,45.1174999999992,45.1174999999992,0.0,2
