time,best,best bound,gap %,status
760.663761138916,-560.7374999999867,1e+100,1.7833656568359061e+99,2
