time,best,best bound,gap %,status
9.700171947479248,-107.5200000000025,1e+100,9.300595238095022e+99,2
time,best,best bound,gap %,status
10.497523069381714,-69.828000000001,417.35599999925205,697.6914704692188,2
time,best,best bound,gap %,status
11.143649816513062,-58.41000000000141,-58.41000000000141,0.0,2
