time,best,best bound,gap %,status
28.801828861236572,6.617850000413271,6.777600000413264,2.4139259727859756,2
time,best,best bound,gap %,status
28.8448429107666,6.674650000413271,6.689350000413271,0.22023626705655286,2
time,best,best bound,gap %,status
28.86870765686035,6.677300000413271,6.689350000413271,0.18046216283908978,2
time,best,best bound,gap %,status
28.87655282020569,6.678800000413271,6.689350000413271,0.15796250822524208,2
time,best,best bound,gap %,status
28.912628889083862,6.680800000413271,6.6832000004132714,0.03592384145390015,2
time,best,best bound,gap %,status
28.93047595024109,6.682100000413271,6.683050000413271,0.014217087441684605,2
