time,best,best bound,gap %,status
153.3951597213745,-35.85493333333485,1e+100,2.789016481227942e+100,2
time,best,best bound,gap %,status
319.08756589889526,30.60102222222108,47.74768888888775,56.03298655237582,2
time,best,best bound,gap %,status
319.1746120452881,33.74235555555442,33.78502222222108,0.1264483939078121,2
time,best,best bound,gap %,status
319.26395773887634,33.75835555555442,33.78235555555441,0.07109351034738116,2
