time,best,best bound,gap %,status
1.2290430068969727,-685.3949999999998,1e+100,1.4590126861153063e+99,2
time,best,best bound,gap %,status
1.4523718357086182,155.1900000000024,166.3500000000024,7.191184999033329,2
time,best,best bound,gap %,status
1.4619781970977783,157.2300000000024,157.27000000000243,0.02544043757553893,2
