time,best,best bound,gap %,status
45.92685389518738,7.801255559571305,7.864233337349087,0.8072774606199743,2
time,best,best bound,gap %,status
45.9540159702301,7.823411115126861,7.830169671507128,0.08638886900879932,2
time,best,best bound,gap %,status
45.972729206085205,7.8236666706824165,7.830169671507128,0.08311960489165515,2
time,best,best bound,gap %,status
45.98092699050903,7.8255666706824165,7.830169671507128,0.05882003206177944,2
time,best,best bound,gap %,status
45.999289989471436,7.826233337349083,7.826770971757686,0.0068696445074899635,2
