time,best,best bound,gap %,status
26.742629051208496,-22.27200000000043,1e+100,4.4899425287355465e+100,2
time,best,best bound,gap %,status
34.79680109024048,-13.847999999998953,-13.847999999998953,0.0,2
