time,best,best bound,gap %,status
29.20641016960144,5.75570000000015,5.80995000000015,0.9425439129905707,2
time,best,best bound,gap %,status
29.263747930526733,5.7697000000001495,5.77305000000015,0.05806194429519905,2
time,best,best bound,gap %,status
29.279914140701294,5.76995000000015,5.77305000000015,0.05372663541278175,2
time,best,best bound,gap %,status
29.297273874282837,5.7712000000001495,5.7724499098125595,0.021657710916445076,2
