time,best,best bound,gap %,status
29.03040599822998,62.23550000000114,236.77599999999978,280.4516714736693,2
time,best,best bound,gap %,status
29.031371116638184,62.96900000000117,236.77599999999978,276.01994632278644,2
time,best,best bound,gap %,status
29.037928104400635,71.60750000000141,71.60749999999975,2.321921588770173e-12,2
