time,best,best bound,gap %,status
41.384653091430664,61.77249999983442,1e+100,1.6188433364404554e+100,2
time,best,best bound,gap %,status
72.82495427131653,241.51449999983927,253.69849999983185,5.044831676773315,2
time,best,best bound,gap %,status
73.04158997535706,242.96849999983928,243.03249999983927,0.026340863116015155,2
