time,best,best bound,gap %,status
15499.238653182983,31.15969999999524,99.54594999999279,219.47018103514472,2
time,best,best bound,gap %,status
15516.845795154572,43.12929999999863,43.17758334495402,0.11195021703434833,2
