time,best,best bound,gap %,status
94.64917182922363,-183.12933333333223,1e+100,5.460621637167208e+99,2
time,best,best bound,gap %,status
154.44396495819092,-11.795444444435123,5.7858888888979605,149.05189385744288,2
time,best,best bound,gap %,status
154.65272688865662,-10.448777777768457,-10.443444444435123,0.05104265251656602,2
