time,best,best bound,gap %,status
65.17596387863159,1.6990888888885862,34.89733333333384,1953.8850887407662,2
time,best,best bound,gap %,status
66.3021309375763,3.493666666666477,34.89733333333384,898.8741532297224,2
