time,best,best bound,gap %,status
298.7497682571411,-66.63066666665702,1e+100,1.5008104376365407e+100,2
time,best,best bound,gap %,status
1405.5688512325287,21.63933333334343,44.25266666667676,104.50106287927592,2
time,best,best bound,gap %,status
1434.1618542671204,23.65266666667676,23.748666666676762,0.4058738972348112,2
time,best,best bound,gap %,status
1434.236268043518,23.73266666667676,23.748666666676762,0.06741762409054322,2
