time,best,best bound,gap %,status
54.221755266189575,-63.89400000000225,1e+100,1.5650921839295785e+100,2
time,best,best bound,gap %,status
77.94514727592468,-45.17800000000188,455.0329999999992,1107.200407277835,2
time,best,best bound,gap %,status
84.30264019966125,-11.950000000001516,-11.950000000001516,0.0,2
