time,best,best bound,gap %,status
2.875230073928833,-612.6750000000005,1e+100,1.632186722161014e+99,2
time,best,best bound,gap %,status
3.451900005340576,-536.7149999999984,312.7249999999549,158.26649152715234,2
time,best,best bound,gap %,status
3.546496868133545,-403.3649999999991,-403.3649999999999,1.9729224500175128e-13,2
