time,best,best bound,gap %,status
90.9950659275055,-48.75317999999029,1e+100,2.0511482533040905e+100,2
time,best,best bound,gap %,status
147.70963311195374,31.42085999999917,40.38805999999917,28.539002433416012,2
time,best,best bound,gap %,status
148.5433280467987,32.34725999999918,32.40565999999917,0.18054079387247413,2
time,best,best bound,gap %,status
148.59142994880676,32.40565999999919,32.40565999999917,4.385300196077586e-14,2
