time,best,best bound,gap %,status
40.17406511306763,0.45467777777790624,20.265000000004566,4357.0025170447825,2
time,best,best bound,gap %,status
40.93212532997131,2.356655555555409,20.265000000004566,759.9050443427475,2
time,best,best bound,gap %,status
2984.771521091461,2.3628222222220763,10.691727261184413,352.4981676839639,2
