time,best,best bound,gap %,status
23.7554349899292,-51.61920000000252,1e+100,1.9372636538341377e+100,2
