time,best,best bound,gap %,status
2583.3060879707336,-0.5498999999988374,112.04874999999026,20476.204764543945,2
time,best,best bound,gap %,status
2598.754548072815,43.24705000000161,43.34471694581594,0.22583493166430627,2
