time,best,best bound,gap %,status
24.42889714241028,43.89899999989333,1e+100,2.2779562176870314e+100,2
time,best,best bound,gap %,status
51.62836813926697,178.11599999987803,192.76199999987801,8.222731253795288,2
time,best,best bound,gap %,status
51.88738298416138,181.16399999987797,181.16799999987802,0.0022079441831987677,2
