time,best,best bound,gap %,status
1.0926530361175537,-360.02400000000137,1e+100,2.777592604937438e+99,2
time,best,best bound,gap %,status
1.219892978668213,-315.50400000000025,79.72200000000002,125.26814240073026,2
time,best,best bound,gap %,status
1.2576162815093994,-238.84400000000005,-238.84400000000005,0.0,2
