time,best,best bound,gap %,status
8.321630001068115,-90.7279999999995,1e+100,1.1021955735825827e+100,2
time,best,best bound,gap %,status
9.464294195175171,-53.32300000000061,1e+100,1.8753633516493606e+100,2
