time,best,best bound,gap %,status
2.4746246337890625,-61.75999999999949,1e+100,1.6191709844559719e+100,2
time,best,best bound,gap %,status
2.709688663482666,-54.295999999999744,119.91200000000059,320.8486813024922,2
time,best,best bound,gap %,status
2.864914894104004,-51.623999999999654,-51.62400000000015,9.63466440090023e-13,2
