time,best,best bound,gap %,status
1.7664592266082764,-360.02400000000137,1e+100,2.777592604937438e+99,2
time,best,best bound,gap %,status
2.1018950939178467,-245.6760000000018,-236.9960000000018,3.5331086471612787,2
time,best,best bound,gap %,status
2.109632968902588,-243.8760000000018,-243.8760000000018,0.0,2
