time,best,best bound,gap %,status
97.89948391914368,-45.38400000000508,1e+100,2.203419707385616e+100,2
time,best,best bound,gap %,status
154.52264976501465,27.240600000001,44.53660000000079,63.49346196485818,2
time,best,best bound,gap %,status
154.57276010513306,30.448600000001,30.484600000001,0.11823203694093201,2
time,best,best bound,gap %,status
154.60131883621216,30.484600000001002,30.484600000001,1.1654125948184932e-14,2
