time,best,best bound,gap %,status
8.0907621383667,156.60800000000603,1e+100,6.385369840620923e+99,2
time,best,best bound,gap %,status
9.20439600944519,298.16000000001685,314.0560000000135,5.331365709684654,2
time,best,best bound,gap %,status
9.216985940933228,301.4640000000169,301.4640000000168,1.885579003158083e-14,2
time,best,best bound,gap %,status
9.237880945205688,301.46399999980895,301.4640000000169,6.897447993557025e-11,2
