time,best,best bound,gap %,status
29.26488494873047,-2468.5499999999934,1e+100,4.050961090518736e+98,2
time,best,best bound,gap %,status
46.31014680862427,-703.8300000000045,-668.190000000009,5.063722773964624,2
time,best,best bound,gap %,status
46.33370614051819,-700.1900000000045,-700.1500000000045,0.005712735114749334,2
