time,best,best bound,gap %,status
1.4755430221557617,4.599999999999984,5.679999999999965,23.478260869564895,2
time,best,best bound,gap %,status
1.5090811252593994,4.9849999999999834,5.016749007936491,0.636890831223832,2
time,best,best bound,gap %,status
1.5211071968078613,4.989999999999984,5.016749007936491,0.5360522632566579,2
time,best,best bound,gap %,status
1.522348165512085,4.994999999999984,5.016749007936491,0.4354155743044508,2
