time,best,best bound,gap %,status
110.22370195388794,-73.15466666666269,1e+100,1.366966791820145e+100,2
time,best,best bound,gap %,status
163.0813868045807,20.58833333334105,45.26800000001234,119.87209584714016,2
time,best,best bound,gap %,status
163.16109585762024,24.561666666674398,24.561666666674398,0.0,2
