time,best,best bound,gap %,status
1353.9724190235138,-0.8233499999999447,124.15035000000067,15178.684642012387,2
time,best,best bound,gap %,status
1365.6005029678345,43.361400000002575,43.41501954973274,0.12365733055243054,2
