time,best,best bound,gap %,status
106.49844002723694,-37.36817777777932,1e+100,2.6760737597289043e+100,2
time,best,best bound,gap %,status
164.28842401504517,-32.24193333333705,1e+100,3.1015509822608387e+100,2
