time,best,best bound,gap %,status
47.56803107261658,13.6219000000012,33.673850000001266,147.20376746267632,2
time,best,best bound,gap %,status
47.66467308998108,15.781050000001507,16.0781857142861,1.8828640317631893,2
time,best,best bound,gap %,status
47.676679849624634,15.802950000001509,16.0781857142861,1.741673005891714,2
