time,best,best bound,gap %,status
40.864156007766724,-50.517600000003625,1e+100,1.9795081318192636e+100,2
time,best,best bound,gap %,status
57.70551800727844,-37.32270000000363,1e+100,2.6793345604683013e+100,2
