time,best,best bound,gap %,status
160.3867380619049,5.01000000000011,14.959100000001166,198.58483033933808,2
time,best,best bound,gap %,status
3013.171753883362,5.033200000000113,7.447238148894378,47.962293350039964,2
time,best,best bound,gap %,status
8363.657499074936,6.662200000000321,7.320358967131661,9.879003439273934,2
time,best,best bound,gap %,status
10554.61649107933,6.845400000000335,7.213327413473558,5.374812479522083,2
