time,best,best bound,gap %,status
53.70875883102417,-63.89400000000225,1e+100,1.5650921839295785e+100,2
time,best,best bound,gap %,status
74.43585276603699,-58.1740000000019,442.4929999999992,860.6370543541526,2
time,best,best bound,gap %,status
83.8044638633728,-48.400000000001825,-48.400000000001825,0.0,2
