time,best,best bound,gap %,status
93.0884940624237,125.41000000156713,1e+100,7.97384578572286e+99,2
time,best,best bound,gap %,status
698.1493291854858,425.7710000015495,449.7630000015495,5.634954001073982,2
time,best,best bound,gap %,status
698.3775401115417,428.65100000154945,428.65100000154945,0.0,2
