time,best,best bound,gap
0.6165544986724854,50.594999999999956,107.02900000000088,111.54066607372461
time,best,best bound,gap
0.6165544986724854,50.594999999999956,107.02900000000088,111.54066607372461
time,best,best bound,gap
0.6232776641845703,59.5100000000013,59.5100000000013,0.0
