time,best,best bound,gap %,status
1.920983076095581,-337.17600000000414,1e+100,2.9658101406979966e+99,2
time,best,best bound,gap %,status
2.1471939086914062,-323.0960000000015,186.86199999999988,157.83482308663648,2
time,best,best bound,gap %,status
2.2102720737457275,-299.2960000000012,-299.2960000000012,0.0,2
