time,best,best bound,gap %,status
3.4237048625946045,-1e+100,78.18750000000003,100.0,2
time,best,best bound,gap %,status
3.426254987716675,16.236500000000014,78.18750000000003,381.5539063221751,2
time,best,best bound,gap %,status
3.4324710369110107,16.236500000000014,20.723000000000845,27.63218673975812,2
