time,best,best bound,gap %,status
8.308228254318237,-29.32159999999988,1e+100,3.4104550911273743e+100,2
time,best,best bound,gap %,status
11.45953893661499,-14.401599999998966,-14.401599999998966,0.0,2
