time,best,best bound,gap %,status
10.980373859405518,-28.56497777777754,1e+100,3.50079040067716e+100,2
time,best,best bound,gap %,status
12.117344856262207,-17.81564444444481,183.30880000014793,1128.9203995497699,2
time,best,best bound,gap %,status
13.860204935073853,-12.23697777777672,-12.23697777777672,0.0,2
