time,best,best bound,gap %,status
10.038793802261353,-35.17440000000029,1e+100,2.8429767103347655e+100,2
time,best,best bound,gap %,status
10.945506811141968,-15.698399999999314,227.13759999953947,1546.8837588515353,2
time,best,best bound,gap %,status
11.7234468460083,-5.60639999999986,-5.60639999999986,0.0,2
