time,best,best bound,gap %,status
9.329642057418823,-53.630400000001835,1e+100,1.864614099465911e+100,2
time,best,best bound,gap %,status
11.45437502861023,-48.52639999999988,142.77439999993982,394.22005341410073,2
time,best,best bound,gap %,status
12.463804960250854,-39.89839999999994,-39.89839999999994,0.0,2
