time,best,best bound,gap %,status
2.7121269702911377,-1e+100,36.78250000000003,100.0,2
time,best,best bound,gap %,status
2.7136447429656982,15.156999999999982,36.78250000000003,142.67665105231953,2
time,best,best bound,gap %,status
2.715543031692505,16.60699999999998,16.60699999999998,0.0,2
