time,best,best bound,gap %,status
18.01723074913025,-0.32350000000000034,16.275,5130.91190108191,2
time,best,best bound,gap %,status
18.28762984275818,1.786999999999914,16.275,810.7442641298703,2
time,best,best bound,gap %,status
3393.58385682106,5.315500000000034,8.7025,63.71931144765206,2
time,best,best bound,gap %,status
8469.060580730438,5.323000000000032,8.5915,61.40334397895825,2
