time,best,best bound,gap %,status
35.77607297897339,-79.87199999999946,1e+100,1.2520032051282137e+100,2
time,best,best bound,gap %,status
53.47195482254028,18.828000000001897,34.72400000000147,84.42744848097499,2
time,best,best bound,gap %,status
53.496814012527466,23.268000000001898,23.332000000001898,0.27505587072371857,2
time,best,best bound,gap %,status
53.50522208213806,23.3240000000019,23.332000000001898,0.03429943405933145,2
