time,best,best bound,gap %,status
23.973766088485718,-0.5044666666667098,1e+100,1.9822915290073632e+102,2
time,best,best bound,gap %,status
40.44964385032654,0.305200000000087,29.98866666668304,9725.90650939531,2
time,best,best bound,gap %,status
967.8286550045013,3.9088777777776067,14.41342895484755,268.73572862240553,2
time,best,best bound,gap %,status
6034.4014320373535,10.189055555558003,13.523337146974619,32.724147721402964,2
