time,best,best bound,gap %,status
22.83765482902527,-34.74880000000333,1e+100,2.877797218896492e+100,2
time,best,best bound,gap %,status
30.815367937088013,-19.66879999999879,204.26729999934255,1138.5346335279992,2
time,best,best bound,gap %,status
36.285117864608765,6.25120000000252,6.25120000000252,0.0,2
