time,best,best bound,gap %,status
3.214056968688965,-1290.4499999999996,1e+100,7.74923476306715e+98,2
time,best,best bound,gap %,status
3.8695719242095947,-1172.8499999999985,225.57500000000005,119.23306475678905,2
time,best,best bound,gap %,status
3.983243942260742,-966.6399999999993,-966.64,7.056619075661019e-14,2
