time,best,best bound,gap %,status
92.48294973373413,42.843550000002644,152.68639999999922,256.38129893528856,2
time,best,best bound,gap %,status
92.51194190979004,44.06760000000247,44.11276428571456,0.10248864406522627,2
time,best,best bound,gap %,status
92.51927781105042,44.09005000000246,44.11276428571456,0.05151794046978135,2
