time,best,best bound,gap %,status
3.1866180896759033,-1243.2,1e+100,8.043758043758043e+98,2
time,best,best bound,gap %,status
4.194749116897583,-349.09499999999775,-337.73499999999814,3.2541285323478393,2
time,best,best bound,gap %,status
4.203175067901611,-347.6949999999978,-347.6949999999978,0.0,2
