time,best,best bound,gap %,status
0.1753537654876709,3.6999999999999957,15.200000000000001,310.81081081081135,2
time,best,best bound,gap %,status
0.21038579940795898,7.594999999999999,8.4,10.599078341013845,2
time,best,best bound,gap %,status
0.22600793838500977,7.645,8.4,9.875735775016361,2
time,best,best bound,gap %,status
0.26133203506469727,7.799999999999999,8.215,5.320512820512833,2
time,best,best bound,gap %,status
0.3277907371520996,7.85,7.99,1.783439490445867,2
