time,best,best bound,gap %,status
7.216461896896362,-36.69120000000021,1e+100,2.7254491540205673e+100,2
time,best,best bound,gap %,status
9.157531976699829,-28.063199999999973,-28.063199999999973,0.0,2
