time,best,best bound,gap %,status
36.270469188690186,-236.68049999999414,1e+100,4.2251051523045823e+99,2
time,best,best bound,gap %,status
70.7675940990448,-203.13649999999927,650.1390000001682,420.05031099786135,2
time,best,best bound,gap %,status
75.55407905578613,-143.81849999999977,-143.81849999999977,0.0,2
