time,best,best bound,gap %,status
0.19220447540283203,27.346000000000004,36.28000000000051,32.670225992834446,2
time,best,best bound,gap %,status
0.19220447540283203,27.346000000000004,36.28000000000051,32.670225992834446,2
time,best,best bound,gap %,status
0.1937117576599121,33.672000000000516,33.672000000000516,0.0,2
