time,best,best bound,gap %,status
35.8570830821991,-0.15650000000000375,16.778999999998994,10821.405750797823,2
time,best,best bound,gap %,status
36.463902950286865,1.7128499999998887,16.778999999998994,879.5954111568487,2
time,best,best bound,gap %,status
3309.52920126915,1.7193499999998891,8.921500000000004,418.88795184229963,2
