time,best,best bound,gap %,status
140.09129786491394,-1471.2500000000002,1e+100,6.796941376380629e+98,2
time,best,best bound,gap %,status
305.2243778705597,-418.39600000001576,-406.010000000017,2.960353349458003,2
time,best,best bound,gap %,status
305.3023099899292,-416.74000000001575,-416.74000000001575,0.0,2
