time,best,best bound,gap %,status
31.624796152114868,-67.96500000000015,1e+100,1.471345545501358e+100,2
time,best,best bound,gap %,status
42.64682126045227,-62.3590000000021,281.22749999945984,550.9814140692608,2
time,best,best bound,gap %,status
48.295215129852295,-52.86900000000192,-52.86900000000192,0.0,2
