time,best,best bound,gap %,status
22.79279375076294,-394.6599999999994,1e+100,2.533826584908533e+99,2
time,best,best bound,gap %,status
52.64296078681946,-346.7479999999949,787.5669999975138,327.12950038573416,2
time,best,best bound,gap %,status
55.35012674331665,-262.33399999999733,-262.33399999999915,6.93386828831137e-13,2
