time,best,best bound,gap %,status
26.979811906814575,-37.36817777777932,1e+100,2.6760737597289043e+100,2
time,best,best bound,gap %,status
33.55056881904602,-21.194844444442875,284.7440444450744,1443.4589963208343,2
time,best,best bound,gap %,status
36.668394804000854,7.278488888888863,7.278488888888863,0.0,2
