time,best,best bound,gap %,status
34.47688913345337,0.09601111111108251,16.563000000003267,17151.128341635667,2
time,best,best bound,gap %,status
35.10221600532532,1.8865333333332188,16.563000000003267,777.9595731149343,2
