time,best,best bound,gap %,status
4.473037958145142,8.247500000000004,8.247499999999993,1.2922874854685054e-13,2
