time,best,best bound,gap %,status
3.8556418418884277,-90.7279999999995,1e+100,1.1021955735825827e+100,2
time,best,best bound,gap %,status
4.716300964355469,-72.38399999999938,115.21600000000073,259.17329796640377,2
time,best,best bound,gap %,status
5.121432065963745,-41.46799999999959,-41.46799999999994,8.39601477096683e-13,2
