time,best,best bound,gap %,status
0.6622297763824463,-1e+100,18.810138888888943,100.0,2
time,best,best bound,gap %,status
0.6702086925506592,1.2294444444444448,18.810138888888943,1429.9706281066465,2
time,best,best bound,gap %,status
0.684171199798584,5.60875,5.608750000000006,1.1084910074260533e-13,2
