time,best,best bound,gap %,status
3.1832098960876465,-1e+100,53.253611111111354,100.0,2
time,best,best bound,gap %,status
3.1988699436187744,2.3974999999999973,53.253611111111354,2121.2142277835837,2
time,best,best bound,gap %,status
3.230076551437378,13.357333333333326,13.357333333333388,4.654558498129027e-13,2
