time,best,best bound,gap %,status
2.3352091312408447,-325.5840000000017,1e+100,3.071404000196554e+99,2
time,best,best bound,gap %,status
3.036638021469116,-121.32900000000063,1e+100,8.242052600779656e+99,2
