time,best,best bound,gap %,status
5.775584936141968,-87.00799999999953,1e+100,1.1493196027951514e+100,2
time,best,best bound,gap %,status
6.957077980041504,-69.0079999999994,290.74799999988005,521.3250637605532,2
time,best,best bound,gap %,status
7.459340810775757,-37.50799999999966,-37.50800000000007,1.079794602173565e-12,2
