time,best,best bound,gap %,status
29.837427854537964,-0.15650000000000375,16.778999999998994,10821.405750797823,2
time,best,best bound,gap %,status
30.386298894882202,1.8484999999998981,16.778999999998994,807.7089532052971,2
