time,best,best bound,gap %,status
26.722440242767334,-1e+100,32.915999999999954,100.0,2
time,best,best bound,gap %,status
26.851885080337524,11.068999999999981,32.915999999999954,197.37103622730157,2
time,best,best bound,gap %,status
28.337680101394653,11.068999999999981,23.184292879188675,109.45246073889885,2
