time,best,best bound,gap %,status
47.32707905769348,73.86555555605158,1e+100,1.3538109778937054e+100,2
time,best,best bound,gap %,status
112.11594986915588,333.70800000051145,351.5240000004843,5.33879918969445,2
time,best,best bound,gap %,status
112.4155957698822,336.18800000051147,336.2253333338448,0.01110489765644976,2
time,best,best bound,gap %,status
112.4801390171051,336.2066666671781,336.2253333338448,0.005552140548462056,2
