time,best,best bound,gap %,status
10.010087966918945,-54.13440000000152,1e+100,1.8472542412956864e+100,2
time,best,best bound,gap %,status
12.894004106521606,25.861200000002672,32.04680000000294,23.918456993486878,2
time,best,best bound,gap %,status
12.927440881729126,27.085200000002672,27.16420000000267,0.29167220474646405,2
time,best,best bound,gap %,status
12.933122158050537,27.141200000002673,27.16420000000267,0.0847420158283122,2
