time,best,best bound,gap %,status
3.9575867652893066,3.561999999999982,4.673499999999968,31.20437956204355,2
time,best,best bound,gap %,status
4.03330397605896,3.6399999999999824,3.8270388693086703,5.13843047551343,2
time,best,best bound,gap %,status
4.067310333251953,3.7234999999999823,3.8126820429343122,2.395113278751991,2
time,best,best bound,gap %,status
4.093991279602051,3.768499999999982,3.77682050711742,0.22079095442318541,2
