time,best,best bound,gap %,status
10.768541097640991,-296.70000000000107,1e+100,3.370407819346129e+99,2
time,best,best bound,gap %,status
13.3161039352417,-259.8840000000005,343.73499999960046,232.2647796707761,2
time,best,best bound,gap %,status
15.252918004989624,-195.21000000000046,-195.11699999999988,0.047641001998148635,2
time,best,best bound,gap %,status
15.710754871368408,-195.1860000000005,-195.11699999999988,0.035350896068679874,2
time,best,best bound,gap %,status
15.891641855239868,-195.1780000000006,-195.11699999999988,0.031253522426050784,2
time,best,best bound,gap %,status
16.3864688873291,-195.1700000000005,-195.11699999999988,0.027155812881396946,2
time,best,best bound,gap %,status
16.51517391204834,-195.1300000000004,-195.12600000000046,0.0020499154409541467,2
