time,best,best bound,gap %,status
27.066842794418335,1.0783999999997507,12.131750000000002,1024.9768175076786,2
time,best,best bound,gap %,status
27.551065683364868,1.7166500000001375,12.131750000000002,606.7107447644557,2
time,best,best bound,gap %,status
52.608238697052,2.12090000000022,6.8353,222.28299306894672,2
time,best,best bound,gap %,status
136.37797665596008,4.760400000000328,6.74715,41.73493824047422,2
time,best,best bound,gap %,status
376.3904719352722,4.879100000000154,6.71065,37.5386854132891,2
time,best,best bound,gap %,status
699.1482558250427,5.692549999999821,6.6763,17.281358969182705,2
time,best,best bound,gap %,status
905.8311588764191,5.719149999999819,6.6374,16.055707578927127,2
time,best,best bound,gap %,status
1207.2310190200806,5.745349999999816,6.60145,14.900745820536798,2
time,best,best bound,gap %,status
1444.7314879894257,5.767900000269046,6.5824,14.12125729802807,2
time,best,best bound,gap %,status
1564.9584429264069,6.024699999999836,6.5773,9.172240941460643,2
time,best,best bound,gap %,status
1654.2257189750671,6.035399999999837,6.5726,8.90081850416175,2
time,best,best bound,gap %,status
1820.315850019455,6.037199999999833,6.5686,8.802093685817619,2
