time,best,best bound,gap %,status
1.7450568675994873,-360.3600000000036,1e+100,2.775002775002747e+99,2
time,best,best bound,gap %,status
1.9774188995361328,-314.4400000000006,171.7160000000002,154.61010049612005,2
time,best,best bound,gap %,status
2.0511107444763184,-234.78,-234.78,0.0,2
