time,best,best bound,gap %,status
1.1440379619598389,4.5999999999999925,24.95,442.391304347827,2
time,best,best bound,gap %,status
1.1732609272003174,10.200000000000003,11.5,12.745098039215655,2
time,best,best bound,gap %,status
1.194139003753662,10.449999999999998,11.5,10.04784688995218,2
time,best,best bound,gap %,status
1.2381248474121094,10.499999999999993,11.175,6.428571428571507,2
time,best,best bound,gap %,status
1.2483789920806885,10.549999999999995,11.025,4.502369668246494,2
