time,best,best bound,gap %,status
34.27219200134277,1.7759499999996589,30.819499999996015,1635.3810636561802,2
time,best,best bound,gap %,status
34.642566204071045,2.3457999999997923,30.819499999996015,1213.8161821126585,2
time,best,best bound,gap %,status
35.10901212692261,4.158600000000533,30.819499999996015,641.1027749721557,2
time,best,best bound,gap %,status
375.73286509513855,5.319699999999265,14.914488577351507,180.36333961226327,2
time,best,best bound,gap %,status
1771.5666239261627,9.437500000000899,14.444900000000006,53.0585430463431,2
