time,best,best bound,gap %,status
303.4293739795685,17.953600000000318,47.28075000000721,163.34969031284183,2
