time,best,best bound,gap %,status
81.53942584991455,-0.5175999999999512,1e+100,1.9319938176199658e+102,2
time,best,best bound,gap %,status
141.42397904396057,-0.44169999999995946,46.71125,10675.333937062325,2
