time,best,best bound,gap %,status
81.55309200286865,-33.37840000000458,1e+100,2.99594947630762e+100,2
