time,best,best bound,gap %,status
2.044313907623291,-1e+100,44.33486111111125,100.0,2
time,best,best bound,gap %,status
2.0577456951141357,3.063055555555552,44.33486111111125,1347.4063661920804,2
time,best,best bound,gap %,status
2.1449437141418457,12.541805555555548,12.541805555555591,3.399236573773972e-13,2
