time,best,best bound,gap %,status
41.01541590690613,-0.7739999999999502,1e+100,1.2919896640827706e+102,2
time,best,best bound,gap %,status
65.08710885047913,-0.7340999999999529,46.57800000000002,6444.912137311402,2
time,best,best bound,gap %,status
1700.9434468746185,8.036150000000521,18.69803935236068,132.6740958339437,2
time,best,best bound,gap %,status
8685.108330011368,8.652300000000581,16.266500000000008,88.00203414119846,2
