time,best,best bound,gap %,status
3.7508130073547363,-628.740000000002,1e+100,1.590482552406395e+99,2
time,best,best bound,gap %,status
4.349873065948486,-551.9799999999975,459.81999999982077,183.30374288920302,2
time,best,best bound,gap %,status
4.510131120681763,-417.4699999999986,-417.46999999999974,2.723233710724517e-13,2
