time,best,best bound,gap %,status
68.21809577941895,-335.3099999999737,1e+100,2.9823148728045047e+99,2
time,best,best bound,gap %,status
115.54146575927734,-292.41399999999777,1168.9570000020556,499.76095535852056,2
time,best,best bound,gap %,status
124.479905128479,-216.75400000000053,-216.75400000000053,0.0,2
