time,best,best bound,gap %,status
0.20915889739990234,2.5499999999999967,11.000000000000002,331.3725490196084,2
time,best,best bound,gap %,status
0.22993087768554688,5.749999999999998,6.14,6.7826086956522005,2
time,best,best bound,gap %,status
0.23749470710754395,5.799999999999998,6.14,5.862068965517272,2
time,best,best bound,gap %,status
0.24883198738098145,5.899999999999998,6.03,2.203389830508519,2
