time,best,best bound,gap %,status
18.244221210479736,0.752000000000129,18.996666666670443,2426.1524822695724,2
time,best,best bound,gap %,status
18.48051404953003,0.937355555555506,18.996666666670443,1926.6233612294993,2
time,best,best bound,gap %,status
18.800607919692993,2.4843777777776093,18.996666666670443,664.6448473574674,2
time,best,best bound,gap %,status
55.95064616203308,3.285266666666527,10.347686721217613,214.9725051609627,2
time,best,best bound,gap %,status
358.8311679363251,7.715166666667283,10.063670030638212,30.440085942892676,2
time,best,best bound,gap %,status
655.9271349906921,7.846222222222775,9.928384436981963,26.53713030025967,2
time,best,best bound,gap %,status
1213.5275812149048,7.9325222224599266,9.808739564870544,23.65221665687046,2
time,best,best bound,gap %,status
1787.5779082775116,8.00281111111158,9.742137191258449,21.733938937180273,2
