time,best,best bound,gap %,status
3.141758918762207,6.5724999999999945,7.939999999999977,20.806390262456965,2
time,best,best bound,gap %,status
3.178013801574707,7.1444999999999945,7.217421157059309,1.020661446697669,2
time,best,best bound,gap %,status
3.188922882080078,7.149499999999994,7.217421157059309,0.9500126870314716,2
time,best,best bound,gap %,status
3.2341198921203613,7.179999999999994,7.191833333333328,0.16480965645311413,2
