time,best,best bound,gap %,status
82.26180982589722,-33.37840000000458,1e+100,2.99594947630762e+100,2
time,best,best bound,gap %,status
116.03722596168518,33.40670000000297,47.512700000002965,42.22506263713189,2
time,best,best bound,gap %,status
116.11318397521973,37.22470000000291,37.22470000000291,0.0,2
