time,best,best bound,gap %,status
1.2580180168151855,-685.3949999999998,1e+100,1.4590126861153063e+99,2
time,best,best bound,gap %,status
1.4514961242675781,154.7500000000025,163.7100000000025,5.789983844911059,2
time,best,best bound,gap %,status
1.4590229988098145,155.9100000000025,156.0300000000025,0.07696748123917813,2
time,best,best bound,gap %,status
1.4635260105133057,156.0300000000025,156.0300000000025,0.0,2
