time,best,best bound,gap %,status
3.7786145210266113,-1e+100,59.09520000000081,100.0,2
time,best,best bound,gap %,status
3.7786145210266113,8.891400000000003,59.09520000000081,564.6332411093955,2
time,best,best bound,gap %,status
3.9323036670684814,15.104000000000001,15.104000000000065,4.233901365095936e-13,2
