time,best,best bound,gap %,status
306.798485994339,4.736599999999756,18.28824999999491,286.1050120338609,2
time,best,best bound,gap %,status
309.9083089828491,9.232000000000744,18.28824999999491,98.09629549386307,2
