time,best,best bound,gap %,status
1.4528560638427734,-360.3600000000036,1e+100,2.775002775002747e+99,2
time,best,best bound,gap %,status
1.628680944442749,-347.280000000001,276.24399999999986,179.54503570605823,2
time,best,best bound,gap %,status
1.6687400341033936,-325.4800000000007,-325.4800000000007,0.0,2
