time,best,best bound,gap %,status
87.59015107154846,-4638.374999999998,1e+100,2.1559274530412063e+98,2
time,best,best bound,gap %,status
133.05164194107056,-1372.0050000000142,-1365.8350000000178,0.4497068159369952,2
time,best,best bound,gap %,status
133.13982105255127,-1370.9650000000142,-1370.885000000014,0.005835305788269853,2
