time,best,best bound,gap %,status
0.3384392261505127,1.7099999999999898,39.19999999999979,2192.397660818715,2
time,best,best bound,gap %,status
0.3691260814666748,9.184999999999986,11.005,19.814915623299044,2
time,best,best bound,gap %,status
0.4082190990447998,9.714999999999982,10.66,9.727225939269376,2
time,best,best bound,gap %,status
0.43416285514831543,10.28499999999998,10.555,2.6251823043268803,2
