time,best,best bound,gap
0.16214752197265625,6.836111111111104,9.278333333333324,35.72531491263714
time,best,best bound,gap
0.16214752197265625,6.836111111111104,9.278333333333324,35.72531491263714
time,best,best bound,gap
0.1777658462524414,7.982222222222215,7.982222222222215,0.0
