time,best,best bound,gap %,status
5.601461887359619,9.273000004861094,11.47250000486109,23.719400397357624,2
time,best,best bound,gap %,status
5.644330024719238,9.814500004861095,10.171448462658287,3.636949998679461,2
time,best,best bound,gap %,status
5.686108827590942,9.849500004861095,10.171448462658287,3.268678183037693,2
time,best,best bound,gap %,status
5.68796968460083,9.910500004861095,10.171448462658287,2.633050377571224,2
time,best,best bound,gap %,status
5.738617897033691,10.032500004861094,10.090883173207784,0.5819403769589013,2
time,best,best bound,gap %,status
5.770371913909912,10.037500004861094,10.065479548754626,0.2787501258279551,2
