time,best,best bound,gap %,status
176.67764496803284,-0.24489999999998374,9.423049999997298,3947.713352387882,2
time,best,best bound,gap %,status
177.85725212097168,3.3012250000003216,9.423049999997298,185.4410105338588,2
time,best,best bound,gap %,status
4782.772957086563,3.311800000000321,4.934663091411466,49.002448560027425,2
time,best,best bound,gap %,status
7443.139933824539,4.195700000000331,4.862286385074553,15.887370047290544,2
