time,best,best bound,gap %,status
0.9628219604492188,-325.5840000000017,1e+100,3.071404000196554e+99,2
time,best,best bound,gap %,status
1.0927398204803467,-281.9840000000007,202.596,171.84662959600527,2
time,best,best bound,gap %,status
1.1367640495300293,-205.68400000000022,-205.68400000000022,0.0,2
