time,best,best bound,gap %,status
142.37715101242065,-107.68999999999139,1e+100,9.285913269570806e+99,2
time,best,best bound,gap %,status
243.15139412879944,11.19800000000422,33.15000000000422,196.0350062510424,2
time,best,best bound,gap %,status
243.52016615867615,13.654000000004203,13.70000000000422,0.3368976124212903,2
time,best,best bound,gap %,status
243.6477870941162,13.6820000000042,13.70000000000422,0.13155971349228693,2
