time,best,best bound,gap %,status
44.174206018447876,-542.7000000000107,1e+100,1.8426386585590202e+99,2
time,best,best bound,gap %,status
69.0868411064148,-479.44400000000263,1426.96,397.62808586612664,2
time,best,best bound,gap %,status
74.22577095031738,-368.1240000000013,-368.1240000000013,0.0,2
