time,best,best bound,gap %,status
537.6056017875671,3.370888888888763,14.155000000005973,319.9189135739288,2
time,best,best bound,gap %,status
543.7383089065552,5.954622222222594,14.155000000005973,137.71449256981657,2
