time,best,best bound,gap %,status
28.675169944763184,-46.74450000000151,1e+100,2.1392891142272734e+100,2
time,best,best bound,gap %,status
31.786123037338257,-25.960500000000565,357.84400000000034,1478.4172107624756,2
time,best,best bound,gap %,status
39.6136257648468,-14.092500000000733,-14.092500000000733,0.0,2
