time,best,best bound,gap %,status
40.18087196350098,8.19795000000007,8.37085000000007,2.1090638513286715,2
time,best,best bound,gap %,status
40.22843909263611,8.24175000000007,8.27280000000007,0.3767403767403576,2
time,best,best bound,gap %,status
40.24456810951233,8.246250000000071,8.27280000000007,0.3219645293314936,2
time,best,best bound,gap %,status
40.267005920410156,8.24725000000007,8.27280000000007,0.30980023644243665,2
time,best,best bound,gap %,status
40.30073308944702,8.25555000000007,8.26860000000007,0.1580754764976249,2
time,best,best bound,gap %,status
40.32147002220154,8.25935000000007,8.26860000000007,0.11199428526457506,2
time,best,best bound,gap %,status
40.33297109603882,8.261400000000071,8.26845000000007,0.08533662575349814,2
time,best,best bound,gap %,status
40.354592084884644,8.26255000000007,8.26845000000007,0.07140652704068853,2
time,best,best bound,gap %,status
40.42553496360779,8.26420000000007,8.268300000000071,0.04961157764818213,2
time,best,best bound,gap %,status
40.4355731010437,8.26585000000007,8.268300000000071,0.029640024921833503,2
