time,best,best bound,gap %,status
104.92443990707397,2.786449999999694,29.520500000000002,959.4304581098978,2
