time,best,best bound,gap %,status
154.97136282920837,4.253299999999827,46.74875,999.1171560906098,2
