time,best,best bound,gap %,status
1.5986177921295166,-413.2800000000016,1e+100,2.419667053813386e+99,2
time,best,best bound,gap %,status
1.8348689079284668,-285.7500000000014,-278.8300000000014,2.421697287839014,2
time,best,best bound,gap %,status
1.8436779975891113,-283.1900000000014,-283.1500000000014,0.014124792542116694,2
time,best,best bound,gap %,status
1.8503518104553223,-283.1500000000014,-283.1500000000014,0.0,2
