time,best,best bound,gap %,status
40.41361594200134,-50.517600000003625,1e+100,1.9795081318192636e+100,2
time,best,best bound,gap %,status
58.98225116729736,-0.6622000000001234,25.33779999999942,3926.3062518868464,2
time,best,best bound,gap %,status
59.00435209274292,3.0977999999998795,3.097799999999877,8.601379233974045e-14,2
