time,best,best bound,gap
0.11485552787780762,5.011805555555554,6.47430555555556,29.18110018013037
time,best,best bound,gap
0.11485552787780762,5.011805555555554,6.47430555555556,29.18110018013037
time,best,best bound,gap
0.11485552787780762,6.151250000000001,6.151250000000001,0.0
