time,best,best bound,gap %,status
39.22356200218201,-31.629600000005485,1e+100,3.1615954675361896e+100,2
time,best,best bound,gap %,status
56.03642535209656,-18.429599999999454,430.3798999996459,2435.2644658574177,2
time,best,best bound,gap %,status
68.46647620201111,4.670400000001527,430.3798999996459,9115.054385052785,2
