time,best,best bound,gap %,status
217.1168990135193,-147.3524999999816,1e+100,6.786447464414413e+99,2
time,best,best bound,gap %,status
540.8498480319977,-2.2004999999962296,21.4555000000032,1075.0284026375807,2
time,best,best bound,gap %,status
540.9172930717468,-0.18449999999622824,-0.18449999999622957,7.220962761937254e-13,2
