time,best,best bound,gap %,status
2.0387139320373535,5.783999999999986,7.289999999999968,26.03734439834001,2
time,best,best bound,gap %,status
2.0658702850341797,6.449499999999985,6.505993908382052,0.8759424510747679,2
time,best,best bound,gap %,status
2.071225881576538,6.479999999999985,6.505993908382052,0.40114056145165294,2
time,best,best bound,gap %,status
2.0826210975646973,6.484999999999985,6.505993908382052,0.3237302757450611,2
