time,best,best bound,gap %,status
260.80042815208435,3.8282222222220166,12.407033333332457,224.09386428280635,2
