time,best,best bound,gap %,status
3.1834118366241455,6.447000094767633,7.815000094767616,21.219171395859735,2
time,best,best bound,gap %,status
3.2082948684692383,7.049500094767633,7.103671251826948,0.7684396954547552,2
time,best,best bound,gap %,status
3.25931978225708,7.070000094767633,7.081833428100967,0.16737387800165943,2
