time,best,best bound,gap %,status
1.2499830722808838,4.599999999999984,5.679999999999965,23.478260869564895,2
time,best,best bound,gap %,status
1.2730450630187988,4.9799999999999836,5.016749007936491,0.7379318862752597,2
time,best,best bound,gap %,status
1.2848877906799316,4.989999999999984,5.016749007936491,0.5360522632566579,2
time,best,best bound,gap %,status
1.2955360412597656,4.994999999999984,5.0056755952380785,0.21372563039228015,2
