time,best,best bound,gap %,status
24.563168048858643,0.20714444444441246,13.820333333336459,6571.833932309571,2
time,best,best bound,gap %,status
24.87049698829651,0.8582333333333814,13.820333333336459,1510.3235328390515,2
time,best,best bound,gap %,status
25.285491943359375,1.6006444444443155,13.820333333336459,763.4230657099096,2
time,best,best bound,gap %,status
175.59773802757263,2.1755555555554413,7.702585847502447,254.05144345007997,2
time,best,best bound,gap %,status
1810.5774121284485,3.7260555555553565,7.593201483654282,103.78658800009597,2
