time,best,best bound,gap %,status
1.9868438243865967,5.843999999999985,7.334999999999967,25.513347022587023,2
time,best,best bound,gap %,status
2.0127737522125244,6.448499999999985,6.5509939083820505,1.5894224762668177,2
time,best,best bound,gap %,status
2.0173749923706055,6.529999999999984,6.5509939083820505,0.3214993626656405,2
