time,best,best bound,gap %,status
20.216215133666992,-42.56124444444571,1e+100,2.3495553597011917e+100,2
time,best,best bound,gap %,status
26.08343505859375,32.631422222221744,41.90724444444783,28.426043336564472,2
time,best,best bound,gap %,status
26.137067079544067,35.65808888888843,35.65808888888843,0.0,2
