time,best,best bound,gap %,status
7.129086017608643,5.75449999999991,6.040499999999899,4.970023459900848,2
time,best,best bound,gap %,status
7.156448125839233,5.861499999999909,5.874999999999909,0.2303164718928725,2
time,best,best bound,gap %,status
7.168436050415039,5.86349999999991,5.874999999999909,0.196128592137802,2
time,best,best bound,gap %,status
7.1699559688568115,5.864499999999909,5.874999999999909,0.17904339670902142,2
time,best,best bound,gap %,status
7.189229965209961,5.865499999999909,5.870999999999909,0.09376864717414886,2
time,best,best bound,gap %,status
7.208053827285767,5.867499999999909,5.8684999999999095,0.017043033659997434,2
time,best,best bound,gap %,status
7.210268020629883,5.8684999999999095,5.8684999999999095,0.0,2
