time,best,best bound,gap %,status
63.65558075904846,-138.36000000000146,1e+100,7.22752240531938e+99,2
time,best,best bound,gap %,status
97.46942210197449,-1.1880000000009834,22.035999999998488,1954.882154880492,2
time,best,best bound,gap %,status
97.48950815200806,1.5079999999990186,1.5079999999990155,2.0614220616395633e-13,2
