time,best,best bound,gap %,status
4.095042705535889,-1e+100,43.85900000000008,100.0,2
time,best,best bound,gap %,status
4.120973348617554,3.8767999999999994,43.85900000000008,1031.3196450680996,2
time,best,best bound,gap %,status
4.1688477993011475,3.8767999999999994,12.584300000000058,224.60534461411626,2
time,best,best bound,gap %,status
4.209737539291382,12.544600000000008,12.584300000000058,0.3164708320715651,2
time,best,best bound,gap %,status
4.212769985198975,12.544600000000008,12.544600000000008,0.0,2
