time,best,best bound,gap %,status
22.644706964492798,-99.66149999999438,1e+100,1.0033964971428852e+100,2
time,best,best bound,gap %,status
32.128618001937866,-78.38950000000152,368.53999999887554,570.1394957218357,2
time,best,best bound,gap %,status
36.36924695968628,-40.77550000000067,-40.77550000000067,0.0,2
