time,best,best bound,gap %,status
37.145891189575195,-31.629600000005485,1e+100,3.1615954675361896e+100,2
time,best,best bound,gap %,status
47.170544147491455,-22.709600000000258,272.65089999933383,1300.5975446477732,2
time,best,best bound,gap %,status
52.46222710609436,-6.18359999999796,-6.18359999999796,0.0,2
