time,best,best bound,gap %,status
4.708140850067139,-1290.4499999999996,1e+100,7.74923476306715e+98,2
time,best,best bound,gap %,status
6.371661901473999,-354.1649999999982,-338.8049999999984,4.336961585701542,2
time,best,best bound,gap %,status
6.38185977935791,-353.1249999999982,-353.0449999999982,0.022654867256632776,2
time,best,best bound,gap %,status
6.387048006057739,-353.0449999999982,-353.0449999999982,0.0,2
