time,best,best bound,gap %,status
2.0106232166290283,-1e+100,24.022777777777954,100.0,2
time,best,best bound,gap %,status
2.0255818367004395,2.7500000000000004,24.022777777777954,773.5555555555618,2
time,best,best bound,gap %,status
2.0385477542877197,6.128833333333334,6.128833333333334,0.0,2
