time,best,best bound,gap %,status
255.7452311515808,43.55285555555219,129.0242000000023,196.247394927826,2
time,best,best bound,gap %,status
255.80937004089355,45.03331111110618,45.04816825396984,0.03299145121042937,2
