time,best,best bound,gap %,status
3.2527596950531006,-1243.2,1e+100,8.043758043758043e+98,2
time,best,best bound,gap %,status
4.412231922149658,-349.09499999999775,-332.5349999999978,4.74369440983115,2
time,best,best bound,gap %,status
4.4187798500061035,-346.21499999999776,-346.21499999999776,0.0,2
