time,best,best bound,gap %,status
8.797315120697021,-35.584800000000186,1e+100,2.8101886198601506e+100,2
time,best,best bound,gap %,status
11.348483085632324,-18.324800000000128,-18.324800000000128,0.0,2
