time,best,best bound,gap %,status
0.5855093002319336,-6.80499999999997,102.24999999999955,1602.571638501102,2
time,best,best bound,gap %,status
0.6411411762237549,-6.399999999999966,1.8949999999999994,129.60937500000014,2
time,best,best bound,gap %,status
0.6583349704742432,-5.094999999999961,1.8949999999999994,137.19332679097184,2
