time,best,best bound,gap %,status
37.208279848098755,-79.87199999999946,1e+100,1.2520032051282137e+100,2
time,best,best bound,gap %,status
54.227967977523804,18.828000000001897,34.72400000000147,84.42744848097499,2
time,best,best bound,gap %,status
54.24412393569946,22.1320000000019,22.132000000001895,1.6052384234593332e-14,2
time,best,best bound,gap %,status
54.45345211029053,22.132000000000954,22.1320000000019,4.269934206402008e-12,2
