time,best,best bound,gap %,status
8.437355756759644,-1e+100,63.842500000001934,100.0,2
time,best,best bound,gap %,status
8.477250814437866,4.898000000000019,63.842500000001934,1203.440179665204,2
time,best,best bound,gap %,status
8.938052892684937,4.898000000000019,18.435212740384728,276.3824569290456,2
time,best,best bound,gap %,status
9.203349828720093,17.903500000000022,18.435212740384728,2.969881533692879,2
time,best,best bound,gap %,status
9.311020851135254,17.903500000000022,18.22025000000017,1.7692071382698789,2
time,best,best bound,gap %,status
9.457666635513306,18.205250000000017,18.22025000000017,0.08239381497179836,2
time,best,best bound,gap %,status
9.475581407546997,18.205250000000017,18.205250000000017,0.0,2
