time,best,best bound,gap %,status
39.553004026412964,11.758000000000875,47.92649999999973,307.60758632417213,2
time,best,best bound,gap %,status
39.576552867889404,13.219000000001165,13.281499999999841,0.4728042968353968,2
