time,best,best bound,gap %,status
340.77712202072144,42.501749999998076,130.96275000000003,208.13495914875494,2
time,best,best bound,gap %,status
340.8289260864258,44.810299999998705,44.81030000000116,5.486412422434168e-12,2
