time,best,best bound,gap %,status
201.49795007705688,-71.61699999999446,1e+100,1.3963165170281877e+100,2
time,best,best bound,gap %,status
493.8944880962372,21.944000000010128,43.570666666676786,98.55389476238004,2
time,best,best bound,gap %,status
493.996945142746,23.770666666676796,23.89333333334346,0.5160421808388975,2
time,best,best bound,gap %,status
494.03116607666016,23.888000000010127,23.89333333334346,0.022326412145556286,2
