time,best,best bound,gap %,status
2.8770670890808105,-325.5840000000017,1e+100,3.071404000196554e+99,2
time,best,best bound,gap %,status
3.6235170364379883,-87.95400000000119,-67.55400000000161,23.193942288013396,2
time,best,best bound,gap %,status
3.629995107650757,-81.39400000000118,-81.31400000000119,0.09828734304739556,2
time,best,best bound,gap %,status
3.633258104324341,-81.31400000000119,-81.31400000000119,0.0,2
