time,best,best bound,gap %,status
99.84615921974182,287.15450000005535,615.1895000000093,114.23641280212942,2
time,best,best bound,gap %,status
99.8774561882019,287.15450000005535,615.1895000000093,114.23641280212942,2
time,best,best bound,gap %,status
115.98447179794312,318.61950000003867,318.61950000003867,0.0,2
