time,best,best bound,gap %,status
72.57050013542175,-177.8427777777767,1e+100,5.622944111059428e+99,2
time,best,best bound,gap %,status
170.63649201393127,-148.6801111111084,850.0464444381339,671.7284161853333,2
time,best,best bound,gap %,status
179.7633399963379,-96.97811111111031,-96.97811111111031,0.0,2
