time,best,best bound,gap %,status
0.7994749546051025,-360.02400000000137,1e+100,2.777592604937438e+99,2
time,best,best bound,gap %,status
0.9087100028991699,-336.04400000000027,143.76199999999562,142.78070728832995,2
time,best,best bound,gap %,status
0.9419128894805908,-292.4440000000002,-292.4440000000002,0.0,2
