time,best,best bound,gap %,status
20.870532751083374,-42.56124444444571,1e+100,2.3495553597011917e+100,2
