time,best,best bound,gap %,status
8.854772090911865,7.403499999999898,7.752499999999885,4.713986627946129,2
time,best,best bound,gap %,status
8.885670185089111,7.509499999999898,7.5404999999998985,0.41281044010920837,2
time,best,best bound,gap %,status
8.925427913665771,7.522499999999898,7.534999999999898,0.16616816218013092,2
time,best,best bound,gap %,status
8.931271314620972,7.5244999999998985,7.530499999999898,0.07973951757591097,2
