time,best,best bound,gap %,status
26.745808124542236,4.397549999998926,22.2935,406.95273504577426,2
time,best,best bound,gap %,status
61.646119832992554,4.398599999998926,11.8746,169.963170099643,2
time,best,best bound,gap %,status
64.12355613708496,5.274200000000552,11.8746,125.14504569411014,2
time,best,best bound,gap %,status
132.3836441040039,9.659099999998093,11.72195,21.35654460562904,2
time,best,best bound,gap %,status
229.63737392425537,9.74729999999882,11.53595,18.350209801703002,2
time,best,best bound,gap %,status
385.1844000816345,10.82255000000088,11.3227,4.62136927063472,2
time,best,best bound,gap %,status
653.6520230770111,10.83440000000095,11.2499,3.8350070146848276,2
time,best,best bound,gap %,status
836.2823300361633,10.97390000000149,11.226148967987509,2.298626449903717,2
time,best,best bound,gap %,status
984.5519001483917,10.977500000001504,11.21395,2.153951263934998,2
time,best,best bound,gap %,status
1138.642147064209,10.999900000001608,11.20469111404324,1.8617543254175175,2
time,best,best bound,gap %,status
1264.253751039505,11.001250000001614,11.1966,1.7757073059730293,2
time,best,best bound,gap %,status
1406.4114108085632,11.010300000001646,11.1889,1.622117471806652,2
time,best,best bound,gap %,status
1519.0738229751587,11.011600000001646,11.181,1.5383777107625372,2
time,best,best bound,gap %,status
1663.4777920246124,11.017850000101614,11.1738,1.415430414254575,2
time,best,best bound,gap %,status
1771.633367061615,11.019450000001672,11.16755,1.343987222577401,2
