time,best,best bound,gap %,status
45.52600288391113,-13.350000000334571,1e+100,7.490636703932124e+100,2
time,best,best bound,gap %,status
93.91751384735107,392.2739999996561,405.7179999996447,3.4271962964663416,2
time,best,best bound,gap %,status
94.06495189666748,393.4739999996561,393.5499999996561,0.019315126285367842,2
time,best,best bound,gap %,status
94.1971287727356,393.5139999996561,393.54199999965607,0.007115375818900378,2
