time,best,best bound,gap %,status
1.0912890434265137,-413.2800000000016,1e+100,2.419667053813386e+99,2
time,best,best bound,gap %,status
1.3438169956207275,-122.25000000000169,-110.65000000000194,9.488752556236884,2
time,best,best bound,gap %,status
1.3631329536437988,-119.85000000000169,-110.65000000000194,7.676261994159046,2
