time,best,best bound,gap %,status
72.8549907207489,-167.27999999998622,1e+100,5.978000956480645e+99,2
time,best,best bound,gap %,status
121.01749396324158,-5.642999999995791,16.54500000000366,393.19510898486624,2
time,best,best bound,gap %,status
121.06997299194336,-3.206999999995789,-3.2069999999957908,5.5389985637748143e-14,2
