time,best,best bound,gap %,status
22.984538078308105,-34.74880000000333,1e+100,2.877797218896492e+100,2
time,best,best bound,gap %,status
31.730809211730957,-21.54879999999858,313.56829999975344,1555.154347340799,2
time,best,best bound,gap %,status
36.7646689414978,1.5512000000018844,313.56829999975344,20114.562918989977,2
