time,best,best bound,gap %,status,,,,,,,
,,,,,,,,,,226.8941252,60.1205
2612.244885,-1.00E+100,1216.5404,100,2,,,,,,773.9306087,60.13725
,,,,,,,,,,978.0252733,60.49505
time,best,best bound,gap %,status,,,,2613.996702,15.55905,1376.151094,60.50795
,,,,,,,,2797.864153,26.29795,2871.163807,60.52945
2613.996702,15.55905,1216.5404,7718.860406,2,,,,,,,
,,,,,,,,,,,
time,best,best bound,gap %,status,,,,,,,
,,,,,,,,,,,
2797.864153,26.29795,26.29795,0,2,,,,,,,
