time,best,best bound,gap %,status
5.8692216873168945,-413.28,1e+100,2.419667053813395e+99,2
time,best,best bound,gap %,status
6.165639400482178,-89.54999999999872,-82.62999999999872,7.7275265214964834,2
time,best,best bound,gap %,status
6.182008743286133,-86.98999999999872,-86.94999999999872,0.04598229681571747,2
time,best,best bound,gap %,status
6.185995817184448,-86.94999999999872,-86.94999999999872,0.0,2
