time,best,best bound,gap %,status
154.6919810771942,-63.89400000000225,1e+100,1.5650921839295785e+100,2
time,best,best bound,gap %,status
260.80046820640564,25.074000000000257,44.73600000000009,78.41588896865132,2
time,best,best bound,gap %,status
260.90997219085693,26.78200000000026,26.81600000000026,0.12695093719661935,2
time,best,best bound,gap %,status
261.03958320617676,26.79400000000026,26.814000000000256,0.07464357692019044,2
