time,best,best bound,gap %,status
38.53783583641052,0.9709222222220696,23.165333333341493,2285.910302920548,2
time,best,best bound,gap %,status
39.0095329284668,1.4860666666664097,23.165333333341493,1458.8354044241285,2
time,best,best bound,gap %,status
39.62956500053406,2.8571999999998363,23.165333333341493,710.7704512579736,2
time,best,best bound,gap %,status
1132.3503470420837,3.788366666666488,11.964224502557766,215.81484991487088,2
