time,best,best bound,gap %,status
16.596190214157104,-138.36000000000146,1e+100,7.22752240531938e+99,2
time,best,best bound,gap %,status
19.58940100669861,-122.938000000003,484.81399999893137,494.35650490403253,2
time,best,best bound,gap %,status
21.912948846817017,-94.39400000000212,-94.38100000000034,0.013772061785475024,2
time,best,best bound,gap %,status
21.98730206489563,-94.38600000000211,-94.38100000000034,0.005297395802101686,2
