time,best,best bound,gap %,status
1.4773356914520264,-360.3600000000036,1e+100,2.775002775002747e+99,2
time,best,best bound,gap %,status
1.698340892791748,-336.38000000000085,286.13599999999997,185.06332124383113,2
time,best,best bound,gap %,status
1.7578907012939453,-292.78000000000037,-292.78000000000037,0.0,2
