time,best,best bound,gap %,status
12.987542867660522,-28.56497777777754,1e+100,3.50079040067716e+100,2
time,best,best bound,gap %,status
17.651181936264038,-1.9849777777789015,-1.9849777777789015,0.0,2
