time,best,best bound,gap %,status
22.39491295814514,-51.61920000000252,1e+100,1.9372636538341377e+100,2
time,best,best bound,gap %,status
30.085368156433105,28.43040000000066,39.85060000000068,40.168974055939266,2
time,best,best bound,gap %,status
30.124044179916382,31.57440000000066,31.57440000000066,0.0,2
