time,best,best bound,gap %,status
1.6979339122772217,6.078999999999987,7.569999999999969,24.527060371771427,2
time,best,best bound,gap %,status
1.7270359992980957,6.734999999999987,6.7859939083820535,0.757147860164315,2
time,best,best bound,gap %,status
1.7317302227020264,6.7599999999999865,6.7859939083820535,0.38452527192406966,2
time,best,best bound,gap %,status
1.7801508903503418,6.764999999999986,6.771649999999987,0.09830007390983743,2
