time,best,best bound,gap %,status
6.996764183044434,-56.39999999999892,1e+100,1.773049645390105e+100,2
time,best,best bound,gap %,status
8.288891077041626,-45.6079999999991,-45.60799999999996,1.88510066275596e-12,2
