time,best,best bound,gap %,status
7.815691947937012,-612.6750000000005,1e+100,1.632186722161014e+99,2
time,best,best bound,gap %,status
11.484768867492676,-146.23499999999572,-126.43499999999571,13.539850241050768,2
time,best,best bound,gap %,status
11.521111965179443,-143.7149999999957,-143.67499999999572,0.027832863653754467,2
time,best,best bound,gap %,status
11.960799217224121,-143.67499999999572,-143.67499999999578,3.956388993270207e-14,2
