time,best,best bound,gap %,status
0.05212903022766113,4.1499999999999995,7.199999999999998,73.49397590361444,2
time,best,best bound,gap %,status
0.05863499641418457,4.6000000000000005,4.69,1.9565217391304315,2
time,best,best bound,gap %,status
0.05972886085510254,4.65,4.69,0.8602150537634415,2
