time,best,best bound,gap %,status
14.16443681716919,9.11449999999994,9.508499999999913,4.3227823797243525,2
time,best,best bound,gap %,status
14.196922063827515,9.227499999999939,9.25549999999994,0.30344080195069795,2
time,best,best bound,gap %,status
14.205712080001831,9.228499999999938,9.25549999999994,0.2925719239313128,2
time,best,best bound,gap %,status
14.243612051010132,9.234999999999939,9.247999999999939,0.1407688142934487,2
time,best,best bound,gap %,status
14.24912405014038,9.235999999999938,9.245999999999938,0.10827197921177842,2
time,best,best bound,gap %,status
14.283386945724487,9.236999999999938,9.244499999999938,0.08119519324456355,2
time,best,best bound,gap %,status
14.29971694946289,9.23799999999994,9.244499999999938,0.0703615501190637,2
