time,best,best bound,gap %,status
8.820364952087402,-53.630400000001835,1e+100,1.864614099465911e+100,2
time,best,best bound,gap %,status
12.117305994033813,-44.46640000000001,145.53119999992407,427.28352193999075,2
time,best,best bound,gap %,status
13.276830196380615,-27.93439999999997,-27.93439999999997,0.0,2
