time,best,best bound,gap %,status
0.0759127140045166,2.2123469387755104,3.5164285714285692,58.94562058945609,2
time,best,best bound,gap %,status
0.0759127140045166,2.2123469387755104,3.5164285714285692,58.94562058945609,2
time,best,best bound,gap %,status
0.0759127140045166,3.1521428571428554,3.1521428571428554,0.0,2
