time,best,best bound,gap %,status
3.0978360176086426,3.4214999999999627,11.281000000000036,229.70919187491333,2
time,best,best bound,gap %,status
3.110748052597046,4.6524999999999475,4.860142857142857,4.463038305059898,2
