time,best,best bound,gap %,status
1.309183120727539,4.289999999999988,5.284999999999969,23.193473193472826,2
time,best,best bound,gap %,status
1.3314802646636963,4.614999999999988,4.661391865079352,1.0052408467901315,2
time,best,best bound,gap %,status
1.3428401947021484,4.634999999999987,4.661391865079352,0.5694037773325767,2
time,best,best bound,gap %,status
1.3568010330200195,4.639999999999988,4.655497023809511,0.33398758210179214,2
