time,best,best bound,gap %,status
3.536269426345825,4.589999999999984,5.589999999999965,21.786492374727338,2
time,best,best bound,gap %,status
3.589808940887451,4.929999999999984,4.966391865079348,0.7381717054637884,2
time,best,best bound,gap %,status
3.59836483001709,4.934999999999984,4.966391865079348,0.636106688538295,2
time,best,best bound,gap %,status
3.619055986404419,4.944999999999983,4.957413690476174,0.25103519668737095,2
