time,best,best bound,gap %,status
1.3911049365997314,5.119999999999987,6.274999999999967,22.558593749999662,2
time,best,best bound,gap %,status
1.4230430126190186,5.504999999999987,5.5701440219137455,1.1833609793598374,2
time,best,best bound,gap %,status
1.4430749416351318,5.5099999999999865,5.5668106885804125,1.031046979681056,2
time,best,best bound,gap %,status
1.475477933883667,5.519999999999987,5.54099206349205,0.3802910052909944,2
time,best,best bound,gap %,status
1.4780259132385254,5.524999999999987,5.52833333333332,0.06033182503770089,2
