time,best,best bound,gap %,status
93.57923913002014,-148.41050000001107,1e+100,6.738067724318195e+99,2
time,best,best bound,gap %,status
286.253543138504,-121.81850000000225,815.2924999956346,769.268214594351,2
time,best,best bound,gap %,status
301.9772880077362,-74.5585000000008,-74.5585000000008,0.0,2
