time,best,best bound,gap %,status
36.70797610282898,-33.37840000000458,1e+100,2.99594947630762e+100,2
time,best,best bound,gap %,status
50.964962005615234,-20.178399999999048,372.4018999996987,1945.5472188068245,2
time,best,best bound,gap %,status
53.346954107284546,2.9216000000015443,2.9216000000015443,0.0,2
