time,best,best bound,gap %,status
9349.592943906784,-1e+100,88.53542777812007,100.0,2
time,best,best bound,gap %,status
9502.301290035248,5.048777777779766,88.53542777812007,1653.60120161704,2
time,best,best bound,gap %,status
9645.289806842804,5.048777777779766,88.53542777812007,1653.60120161704,2
