time,best,best bound,gap %,status
40.22009801864624,-33.37840000000458,1e+100,2.99594947630762e+100,2
time,best,best bound,gap %,status
49.855100870132446,-26.11839999999976,366.4618999997033,1503.079438249306,2
time,best,best bound,gap %,status
51.94914102554321,-12.918399999998613,-12.918399999998613,0.0,2
