time,best,best bound,gap %,status
109.31074595451355,-73.15466666666269,1e+100,1.366966791820145e+100,2
time,best,best bound,gap %,status
174.8650257587433,20.58833333334105,42.540333333341046,106.62349226904443,2
time,best,best bound,gap %,status
174.97989892959595,23.38833333334106,23.399000000007717,0.045606784009070894,2
