time,best,best bound,gap %,status
38.44981789588928,0.12165000000002028,21.84300000000001,17855.610357580248,2
time,best,best bound,gap %,status
39.11177182197571,2.3194999999999983,21.84300000000001,841.7115757706414,2
time,best,best bound,gap %,status
2770.4468648433685,2.326650000000001,10.897100000000005,368.36008853931617,2
