time,best,best bound,gap %,status
15.666948080062866,-26.337422222221996,1e+100,3.79687879687883e+100,2
time,best,best bound,gap %,status
20.85012197494507,-9.78008888888792,-9.78008888888792,0.0,2
