time,best,best bound,gap %,status
223.87612795829773,-1304.8750000000002,1e+100,7.663569307404923e+98,2
time,best,best bound,gap %,status
593.187392950058,-361.00600000001845,-347.04400000002033,3.8675257474937808,2
time,best,best bound,gap %,status
593.9120628833771,-359.48600000001846,-359.48600000001846,0.0,2
