time,best,best bound,gap %,status
7.325501918792725,3.257500000000001,10.932500000000038,235.61013046815148,2
time,best,best bound,gap %,status
7.328495502471924,3.297500000000002,10.932500000000038,231.53904473085765,2
time,best,best bound,gap %,status
7.3474438190460205,4.652500000000002,4.9133571428571425,5.606816611652677,2
