time,best,best bound,gap %,status
192.31017088890076,9.109350000174,24.055050000174386,164.06988423668983,2
time,best,best bound,gap %,status
208.61286211013794,13.1798500001751,14.874600000174386,12.858644066334362,2
time,best,best bound,gap %,status
210.62715697288513,13.282350000175072,14.874600000174386,11.987713017488073,2
time,best,best bound,gap %,status
224.7610900402069,13.67935000035105,14.767450000174389,7.954325313669251,2
time,best,best bound,gap %,status
233.8207130432129,13.709750000175,14.640850000174385,6.791516985995376,2
time,best,best bound,gap %,status
250.94925594329834,13.877100000174941,14.585100000174386,5.101930518555886,2
time,best,best bound,gap %,status
266.59391593933105,13.886800000303015,14.521641533743182,4.5715466012782935,2
time,best,best bound,gap %,status
282.24864387512207,13.990100000174873,14.469750000174386,3.428495864886721,2
time,best,best bound,gap %,status
293.64299511909485,13.997600000174863,14.436500000174387,3.135537520675268,2
time,best,best bound,gap %,status
307.7216260433197,14.04040000017485,14.4112961663937,2.6416353253057707,2
time,best,best bound,gap %,status
317.874792098999,14.04310000017485,14.391300000174386,2.479509509974302,2
time,best,best bound,gap %,status
329.74476504325867,14.072300000174831,14.375800000174387,2.156719228525436,2
