time,best,best bound,gap %,status
5.947184085845947,-36.69120000000021,1e+100,2.7254491540205673e+100,2
time,best,best bound,gap %,status
6.551508903503418,-30.767200000000038,146.22879999992247,575.2749681476452,2
time,best,best bound,gap %,status
7.155571937561035,-27.98320000000006,-27.98320000000006,0.0,2
