time,best,best bound,gap %,status
46.06402015686035,-160.3574999999832,1e+100,6.23606628938531e+99,2
time,best,best bound,gap %,status
62.33520483970642,-151.91749999999877,714.9865000010931,570.6413020232026,2
time,best,best bound,gap %,status
69.37352108955383,-137.59749999999957,-137.59749999999963,4.1311374742134264e-14,2
