time,best,best bound,gap %,status
272.05761909484863,-61.585500000002185,1e+100,1.6237588393371241e+100,2
time,best,best bound,gap %,status
1137.1360340118408,25.150500000000367,46.97850000000027,86.78952704717435,2
time,best,best bound,gap %,status
1193.6181869506836,27.01050000000037,27.010500000000366,1.3153083722257833e-14,2
