time,best,best bound,gap %,status
24.498244762420654,4.794900000000039,4.837650000000039,0.8915722955640262,2
time,best,best bound,gap %,status
24.534477710723877,4.805650000000039,4.8078000000000385,0.04473900512936674,2
time,best,best bound,gap %,status
24.53895592689514,4.8066500000000385,4.8078000000000385,0.023925186980536865,2
