time,best,best bound,gap %,status
45.58394122123718,-1e+100,36.54913333333439,100.0,2
time,best,best bound,gap %,status
45.64526915550232,-0.2765000000005515,36.54913333333439,13318.493068087339,2
time,best,best bound,gap %,status
46.76364016532898,-0.2765000000005515,14.468110962357024,5332.589859793187,2
time,best,best bound,gap %,status
47.08053994178772,14.308244444444268,14.468110962357024,1.117303513603514,2
time,best,best bound,gap %,status
47.931499004364014,14.308244444444268,14.345560676602426,0.26080231088481043,2
time,best,best bound,gap %,status
48.039435148239136,14.308244444444268,14.345560676602426,0.26080231088481043,2
time,best,best bound,gap %,status
49.00088310241699,14.308244444444268,14.33836649442377,0.2105223327464042,2
time,best,best bound,gap %,status
49.018134117126465,14.308244444444268,14.33836649442377,0.2105223327464042,2
time,best,best bound,gap %,status
49.296284914016724,14.308244444444268,14.320430663686082,0.08516921337995184,2
time,best,best bound,gap %,status
49.31509613990784,14.308244444444268,14.320430663686082,0.08516921337995184,2
time,best,best bound,gap %,status
49.586491107940674,14.308244444444268,14.320390730938824,0.08489012430362756,2
time,best,best bound,gap %,status
49.92791199684143,14.308244444444268,14.320390730938824,0.08489012430362756,2
time,best,best bound,gap %,status
49.96529793739319,14.308244444444268,14.311936049539614,0.02580054534069392,2
time,best,best bound,gap %,status
49.98248505592346,14.308244444444268,14.311936049539614,0.02580054534069392,2
time,best,best bound,gap %,status
49.982491970062256,14.308244444444268,14.311936049539614,0.02580054534069392,2
time,best,best bound,gap %,status
50.30845308303833,14.308244444444268,14.311936049539614,0.02580054534069392,2
