time,best,best bound,gap %,status
3.9585459232330322,8.109499999999978,9.519499999999988,17.387015229052526,2
time,best,best bound,gap %,status
4.009320974349976,8.302499999999979,8.544413880445774,2.9137474308436664,2
time,best,best bound,gap %,status
4.025732040405273,8.307499999999978,8.544413880445774,2.8518071675690204,2
time,best,best bound,gap %,status
4.039159059524536,8.312499999999979,8.540523809523787,2.7431435732187532,2
time,best,best bound,gap %,status
4.055789947509766,8.367499999999978,8.517261904761883,1.7898046580448725,2
time,best,best bound,gap %,status
4.057257890701294,8.417499999999977,8.517261904761883,1.185172613744053,2
time,best,best bound,gap %,status
4.07984471321106,8.422499999999978,8.517261904761883,1.1251042417560684,2
time,best,best bound,gap %,status
4.094960927963257,8.432499999999978,8.437448453608225,0.05868311423951032,2
