time,best,best bound,gap %,status
31.50581192970276,41.92666666686204,1e+100,2.3851168707155514e+100,2
time,best,best bound,gap %,status
71.12540888786316,249.46400000018733,262.074666666854,5.055104811378477,2
time,best,best bound,gap %,status
71.25133275985718,250.938666666854,250.98400000018734,0.018065503389924516,2
