time,best,best bound,gap %,status
0.2592182159423828,1.5500000000000005,7.999999999999993,416.1290322580639,2
time,best,best bound,gap %,status
0.2860281467437744,3.2999999999999994,3.625,9.848484848484869,2
time,best,best bound,gap %,status
0.30548810958862305,3.45,3.5250000000000004,2.173913043478266,2
