time,best,best bound,gap %,status
17.30097198486328,0.507500000000083,27.073,5234.581280787305,2
time,best,best bound,gap %,status
17.590300798416138,2.8329999999998376,27.073,855.6300741264225,2
time,best,best bound,gap %,status
268.07438111305237,2.8809999999998395,13.013,351.6834432488971,2
