time,best,best bound,gap
0.31337618827819824,5.555972222222221,8.524861111111125,53.43599230057775
time,best,best bound,gap
0.31337618827819824,5.555972222222221,8.524861111111125,53.43599230057775
time,best,best bound,gap
0.3289966583251953,7.453750000000008,7.453750000000008,0.0
