time,best,best bound,gap %,status
1.589000940322876,-1e+100,23.066399999999835,100.0,2
time,best,best bound,gap %,status
1.605172872543335,3.6888,23.066399999999835,525.3090435914073,2
time,best,best bound,gap %,status
1.6131491661071777,5.621000000000003,5.621000000000005,3.1602149784740246e-14,2
