time,best,best bound,gap %,status
15.909731149673462,-265.8250000000038,1e+100,3.7618734129596004e+99,2
time,best,best bound,gap %,status
22.427062034606934,-228.52100000000138,536.029999998695,334.5648758751676,2
time,best,best bound,gap %,status
23.91065812110901,-162.5590000000006,-162.5590000000006,0.0,2
