time,best,best bound,gap %,status
28.411065816879272,9.954500000210457,10.458500000210435,5.0630368174124545,2
time,best,best bound,gap %,status
28.459239959716797,10.101000000210457,10.160500000210456,0.5890505890383149,2
time,best,best bound,gap %,status
28.476250886917114,10.103500000210458,10.160500000210456,0.5641609343179224,2
time,best,best bound,gap %,status
28.496926069259644,10.105500000210457,10.160500000210456,0.5442580772733094,2
time,best,best bound,gap %,status
28.50371789932251,10.108500000210457,10.160500000210456,0.5144185586280553,2
time,best,best bound,gap %,status
28.563241958618164,10.112000000210458,10.151000000210457,0.3856803797388055,2
time,best,best bound,gap %,status
28.574423789978027,10.118500000210457,10.149500000210457,0.3063695211677206,2
time,best,best bound,gap %,status
28.61934804916382,10.122000000210457,10.141500000210456,0.19264967397345897,2
time,best,best bound,gap %,status
28.654175996780396,10.123000000210457,10.141500000210456,0.18275214856875335,2
time,best,best bound,gap %,status
29.1818687915802,10.124000000210458,10.130500000210457,0.06420387198601284,2
