time,best,best bound,gap %,status
6.6092259883880615,-337.17600000000414,1e+100,2.9658101406979966e+99,2
time,best,best bound,gap %,status
9.34168291091919,-86.01800000000213,-55.53800000000254,35.434443953589756,2
time,best,best bound,gap %,status
9.348635911941528,-82.17800000000213,-82.09800000000213,0.09734965562558863,2
