time,best,best bound,gap %,status
1.7652146816253662,1.244000000000001,2.086499999999999,67.72508038585188,2
time,best,best bound,gap %,status
1.7964577674865723,1.2990000000000013,1.3621978021978034,4.86511179351825,2
time,best,best bound,gap %,status
1.8120782375335693,1.3290000000000013,1.3473333333333346,1.379483320792573,2
time,best,best bound,gap %,status
1.8120782375335693,1.3340000000000012,1.3473333333333346,0.999500249875068,2
