time,best,best bound,gap %,status
2.814208745956421,-1e+100,57.221400000000585,100.0,2
time,best,best bound,gap %,status
2.820431709289551,11.555000000000046,57.221400000000585,395.2090004327162,2
time,best,best bound,gap %,status
2.878797769546509,11.555000000000046,14.126300000000029,22.252704456944812,2
