time,best,best bound,gap %,status
359.633807182312,-0.530699999999977,30.824699999999737,5908.309779536664,2
time,best,best bound,gap %,status
450.9692590236664,16.091100000001305,16.63770092789497,3.396914616736081,2
