time,best,best bound,gap %,status
10.061876058578491,-29.08888888888864,1e+100,3.4377387318564087e+100,2
time,best,best bound,gap %,status
14.265130996704102,-13.568888888887802,-13.568888888887802,0.0,2
