time,best,best bound,gap %,status
7.78081488609314,12.011499999999948,14.55799999999994,21.200516172001848,2
time,best,best bound,gap %,status
7.850325107574463,12.498499999999948,12.975786438308708,3.8187497564408637,2
time,best,best bound,gap %,status
7.8640100955963135,12.503999999999948,12.975786438308708,3.773084119551837,2
time,best,best bound,gap %,status
7.897504091262817,12.535499999999947,12.975786438308708,3.5123165275319073,2
time,best,best bound,gap %,status
7.901997804641724,12.641499999999947,12.975786438308708,2.6443573809181022,2
time,best,best bound,gap %,status
7.971904993057251,12.756499999999948,12.880119807397014,0.969073079583481,2
time,best,best bound,gap %,status
8.03317403793335,12.795999999999948,12.834233640552943,0.29879368984835614,2
time,best,best bound,gap %,status
8.036600828170776,12.821499999999947,12.834233640552943,0.09931474907769261,2
time,best,best bound,gap %,status
8.107732057571411,12.831499999999947,12.831499999999949,1.3843719279899138e-14,2
