time,best,best bound,gap %,status
1.9803440570831299,4.589999999999985,5.589999999999966,21.786492374727334,2
time,best,best bound,gap %,status
2.0198869705200195,4.9349999999999845,4.966391865079349,0.636106688538295,2
time,best,best bound,gap %,status
2.0526840686798096,4.944999999999984,4.958413690476175,0.2712576436034546,2
