time,best,best bound,gap %,status
11.81937837600708,4.751499999999924,4.978499999999916,4.77743870356721,2
time,best,best bound,gap %,status
11.821372747421265,4.7694999999999235,4.978499999999916,4.382010692944667,2
time,best,best bound,gap %,status
11.861266374588013,4.844999999999923,4.852999999999923,0.16511867905057034,2
time,best,best bound,gap %,status
11.891186237335205,4.846499999999923,4.851499999999923,0.10316723408645358,2
time,best,best bound,gap %,status
12.047767639160156,4.8479999999999235,4.848499999999923,0.01031353135312976,2
