time,best,best bound,gap %,status
62.6145281791687,-5.859000000000056,54.9799999999999,1038.3853899982826,2
time,best,best bound,gap %,status
104.52506804466248,28.747000000000394,28.951694638296026,0.7120556520528354,2
time,best,best bound,gap %,status
123.622642993927,28.847500000000394,28.950890112647745,0.35840233173532815,2
time,best,best bound,gap %,status
126.19277906417847,28.868000000000396,28.926054217417565,0.20110231889001037,2
