time,best,best bound,gap %,status
17.72251009941101,-265.8250000000038,1e+100,3.7618734129596004e+99,2
time,best,best bound,gap %,status
24.62045121192932,-228.52100000000138,536.029999998695,334.5648758751676,2
time,best,best bound,gap %,status
26.002697944641113,-162.5590000000006,-162.5590000000006,0.0,2
