time,best,best bound,gap %,status
0.12932395935058594,3.4750000000000005,16.249999999999996,367.62589928057537,2
time,best,best bound,gap %,status
0.14442086219787598,9.350000000000005,9.895,5.8288770053475325,2
time,best,best bound,gap %,status
0.1463019847869873,9.500000000000002,9.895,4.157894736842081,2
