time,best,best bound,gap %,status
1.528865098953247,-360.3600000000036,1e+100,2.775002775002747e+99,2
time,best,best bound,gap %,status
1.7507750988006592,-316.76000000000073,305.7560000000001,196.52607652481353,2
time,best,best bound,gap %,status
1.8078091144561768,-240.46000000000015,-240.46000000000015,0.0,2
