time,best,best bound,gap %,status
576.9457368850708,6.194575000000457,17.15447499999448,176.92739211315086,2
