time,best,best bound,gap %,status
37.434868812561035,-0.36059999999999565,9.976950000000281,2866.763727121576,2
time,best,best bound,gap %,status
40.3336398601532,4.197949999999932,4.612100874345552,9.865550431654183,2
time,best,best bound,gap %,status
41.54441785812378,4.275649999999936,4.346795745390634,1.6639749603147858,2
