time,best,best bound,gap %,status
224.53060102462769,141.34444443869933,1e+100,7.0749154943525e+99,2
time,best,best bound,gap %,status
2095.4230949878693,867.1226666608297,882.866666660735,1.8156600680885433,2
time,best,best bound,gap %,status
2095.798658132553,869.0666666608297,869.0666666608297,0.0,2
