time,best,best bound,gap %,status
0.06888031959533691,3.308333333333334,5.314444444444439,60.6381192275397,2
time,best,best bound,gap %,status
0.06888031959533691,3.308333333333334,5.314444444444439,60.6381192275397,2
time,best,best bound,gap %,status
0.06888031959533691,5.031111111111106,5.031111111111106,0.0,2
