time,best,best bound,gap %,status
14.952919244766235,152.3639999997982,1e+100,6.563230159363921e+99,2
time,best,best bound,gap %,status
16.47284698486328,262.2487999997653,277.3037999997731,5.740731702116947,2
time,best,best bound,gap %,status
16.503406286239624,266.5847999997653,266.5847999997653,0.0,2
