time,best,best bound,gap %,status
0.08723616600036621,1.500000000000001,9.6,539.9999999999995,2
time,best,best bound,gap %,status
0.09775209426879883,4.1,4.575,11.585365853658551,2
time,best,best bound,gap %,status
0.09987783432006836,4.400000000000001,4.575,3.977272727272702,2
