time,best,best bound,gap %,status
0.2709181308746338,1.7099999999999898,39.19999999999979,2192.397660818715,2
time,best,best bound,gap %,status
0.2988862991333008,9.184999999999986,11.005,19.814915623299044,2
time,best,best bound,gap %,status
0.33130598068237305,9.714999999999982,10.66,9.727225939269376,2
time,best,best bound,gap %,status
0.36040234565734863,10.28499999999998,10.555,2.6251823043268803,2
