time,best,best bound,gap %,status
78.88530611991882,-33.37840000000458,1e+100,2.99594947630762e+100,2
time,best,best bound,gap %,status
120.03237509727478,4.3697000000016235,30.705700000001027,602.6958372425937,2
time,best,best bound,gap %,status
120.10938715934753,7.913700000001626,8.113700000001614,2.5272628479718406,2
time,best,best bound,gap %,status
120.1262891292572,8.105700000001626,8.113700000001614,0.09869597937237815,2
