time,best,best bound,gap %,status
16.35222816467285,2.438499999999852,8.81099999999977,261.328685667431,2
time,best,best bound,gap %,status
16.84253215789795,3.9569999999997676,4.552499999999976,15.049279757398121,2
time,best,best bound,gap %,status
17.065357208251953,4.06099999999978,4.552499999999976,12.102930312736351,2
