time,best,best bound,gap %,status
54.45961117744446,-71.61699999999446,1e+100,1.3963165170281877e+100,2
time,best,best bound,gap %,status
68.37309098243713,-51.699666666661024,530.6626666679101,1126.4334392896822,2
time,best,best bound,gap %,status
73.78489804267883,-16.22700000000035,-16.22700000000035,0.0,2
