time,best,best bound,gap %,status
6.168117046356201,-57.975999999999246,1e+100,1.7248516627570254e+100,2
time,best,best bound,gap %,status
7.362523317337036,-22.79599999999975,-22.79599999999998,1.0130127615460391e-12,2
