time,best,best bound,gap
0.22982001304626465,11.384027777777769,15.203888888888741,33.554565973280084
time,best,best bound,gap
0.22982001304626465,11.384027777777769,15.203888888888741,33.554565973280084
time,best,best bound,gap
0.22982001304626465,14.596249999999845,14.596249999999845,0.0
