time,best,best bound,gap %,status
92.95715308189392,125.41000000156713,1e+100,7.97384578572286e+99,2
time,best,best bound,gap %,status
493.2116460800171,425.19100000154964,442.4250000015496,4.0532372510088805,2
time,best,best bound,gap %,status
493.40386414527893,427.2690000015496,427.2690000015496,0.0,2
