time,best,best bound,gap %,status
88.79122996330261,-162.5960000000068,1e+100,6.150212797362532e+99,2
time,best,best bound,gap %,status
228.83960103988647,-4.656000000005295,16.353999999994617,451.24570446683896,2
time,best,best bound,gap %,status
229.503112077713,-1.442000000005354,-1.4320000000052957,0.6934812760070234,2
