time,best,best bound,gap %,status
0.806480884552002,-352.4800000000006,1e+100,2.8370403994552834e+99,2
time,best,best bound,gap %,status
0.8728578090667725,127.60200000000134,134.5220000000013,5.423112490399748,2
time,best,best bound,gap %,status
0.8799500465393066,129.20200000000133,129.52200000000133,0.24767418461013754,2
time,best,best bound,gap %,status
0.8823187351226807,129.44200000000134,129.52200000000133,0.06180374221657828,2
time,best,best bound,gap %,status
0.8852601051330566,129.52200000000133,129.52200000000133,0.0,2
