time,best,best bound,gap %,status
3.4566402435302734,-1e+100,62.17902777777798,100.0,2
time,best,best bound,gap %,status
3.4974427223205566,1.520694444444441,62.17902777777798,3988.857429902297,2
time,best,best bound,gap %,status
3.643057107925415,1.520694444444441,15.09767361111116,892.8144122750991,2
time,best,best bound,gap %,status
3.702894449234009,15.033611111111103,15.09767361111116,0.42612848986568247,2
time,best,best bound,gap %,status
3.844517230987549,15.033611111111103,15.050017361111163,0.10913046691712071,2
time,best,best bound,gap %,status
3.8465099334716797,15.033611111111103,15.050017361111163,0.10913046691712071,2
time,best,best bound,gap %,status
3.8465099334716797,15.033611111111103,15.050017361111163,0.10913046691712071,2
time,best,best bound,gap %,status
3.95821213722229,15.033611111111156,15.050017361111163,0.10913046691676585,2
