time,best,best bound,gap %,status
46.74743294715881,-0.36129999999996837,1e+100,2.7677830058125864e+102,2
time,best,best bound,gap %,status
85.75853061676025,-0.07734999999997744,29.520500000000002,38264.8351648463,2
