time,best,best bound,gap %,status
0.2735881805419922,0.5100000000000002,2.199999999999997,331.37254901960705,2
time,best,best bound,gap %,status
0.2888641357421875,1.0380000000000007,1.228,18.304431599229208,2
time,best,best bound,gap %,status
0.29849886894226074,1.0680000000000007,1.228,14.98127340823962,2
time,best,best bound,gap %,status
0.3027040958404541,1.1800000000000006,1.204,2.03389830508469,2
