time,best,best bound,gap %,status
21.41584801673889,-37.76266666666803,1e+100,2.6481180707576193e+100,2
time,best,best bound,gap %,status
29.180745124816895,-28.787999999999847,228.3634222225845,893.2590739981441,2
time,best,best bound,gap %,status
32.12126326560974,-12.230666666665758,-12.230666666665758,0.0,2
