time,best,best bound,gap %,status
10.28554105758667,-1e+100,102.23399999999991,100.0,2
time,best,best bound,gap %,status
10.287782192230225,29.413000000000025,102.23399999999991,247.58100159793227,2
time,best,best bound,gap %,status
10.293564081192017,29.624500000000026,29.624500000000026,0.0,2
