time,best,best bound,gap %,status
7.914700984954834,-83.2239999999992,1e+100,1.201576468326456e+100,2
time,best,best bound,gap %,status
9.30588412284851,-76.85599999999877,218.7700000000003,384.64921411471295,2
time,best,best bound,gap %,status
9.800693988800049,-66.08799999999891,-66.08799999999948,8.601170993343565e-13,2
