time,best,best bound,gap %,status
443.1018509864807,-56.58900000000201,1e+100,1.767127887045123e+100,2
