time,best,best bound,gap %,status
5.336024045944214,-57.975999999999246,1e+100,1.7248516627570254e+100,2
time,best,best bound,gap %,status
5.7376182079315186,-50.33599999999948,226.464000000001,549.9046408137383,2
time,best,best bound,gap %,status
5.950577020645142,-47.19199999999938,-47.192000000000206,1.7465451209563634e-12,2
