time,best,best bound,gap %,status
67.68673801422119,-265.9750000000065,1e+100,3.759751856377387e+99,2
time,best,best bound,gap %,status
106.48392701148987,-36.38900000000061,-4.333000000001592,88.09255544257462,2
time,best,best bound,gap %,status
106.55555725097656,-32.533000000000605,-32.41300000000061,0.3688562382811152,2
time,best,best bound,gap %,status
106.58290100097656,-32.4130000000006,-32.41300000000061,2.1921535672726593e-14,2
