time,best,best bound,gap %,status
32.08484101295471,41.92666666686204,1e+100,2.3851168707155514e+100,2
time,best,best bound,gap %,status
116.67300605773926,250.4426666668552,269.5040000001453,7.611056688933106,2
time,best,best bound,gap %,status
116.9141628742218,253.39200000018855,253.39733333352186,0.002104775736135103,2
