time,best,best bound,gap %,status
31.580037832260132,2.5694666666662465,30.567333333349985,1089.6372788135664,2
time,best,best bound,gap %,status
32.30313968658447,5.065355555556778,30.567333333349985,503.45878977473006,2
time,best,best bound,gap %,status
88.07574772834778,6.0452777777798286,15.203926184364787,151.50086965811087,2
time,best,best bound,gap %,status
654.016120672226,8.594277777779382,14.854835724486382,72.84565508103256,2
time,best,best bound,gap %,status
1270.3685367107391,9.134811111112503,14.656004902986375,60.44124749506135,2
