time,best,best bound,gap %,status
10.136833906173706,-29.08888888888864,1e+100,3.4377387318564087e+100,2
time,best,best bound,gap %,status
13.776527881622314,-20.936888888888777,-20.936888888888777,0.0,2
