time,best,best bound,gap %,status
7.1946001052856445,-90.86399999999934,1e+100,1.100545870751901e+100,2
time,best,best bound,gap %,status
9.272606134414673,16.810000000001004,25.190000000000502,49.851279000588924,2
time,best,best bound,gap %,status
9.288806915283203,18.026000000001,18.206000000000994,0.9985576389658416,2
time,best,best bound,gap %,status
9.293292999267578,18.186000000001002,18.206000000000994,0.10997470581761445,2
