time,best,best bound,gap %,status
4.909423828125,-1694.9099999999937,1e+100,5.900018290056721e+98,2
time,best,best bound,gap %,status
6.455880880355835,-491.56499999999903,-476.4449999999998,3.0758902688350958,2
time,best,best bound,gap %,status
6.465940952301025,-490.16499999999905,-490.084999999999,0.016321034753611758,2
time,best,best bound,gap %,status
6.479456901550293,-490.12499999999903,-490.084999999999,0.008161183371593071,2
