time,best,best bound,gap %,status
21.529361724853516,1.0375000000000956,33.89599999999779,3167.0843373488838,2
time,best,best bound,gap %,status
21.86552906036377,3.290499999999802,33.89599999999779,930.1170034949043,2
time,best,best bound,gap %,status
246.33874607086182,3.4284999999998074,15.152,341.94254046961794,2
time,best,best bound,gap %,status
1579.905425786972,8.909499999999296,14.609,63.97104214603686,2
