time,best,best bound,gap %,status
3.9435229301452637,-22.383999999996234,1e+100,4.467476769121552e+100,2
time,best,best bound,gap %,status
4.611676931381226,136.5240000000025,144.90400000000247,6.138114910198802,2
time,best,best bound,gap %,status
4.62742805480957,137.8520000000025,137.9200000000025,0.04932826509588718,2
time,best,best bound,gap %,status
4.654146909713745,137.9000000000025,137.9000000000025,0.0,2
