time,best,best bound,gap %,status
0.7132699489593506,-246.4560000000003,1e+100,4.057519394942703e+99,2
time,best,best bound,gap %,status
0.8411309719085693,-201.53600000000014,-201.53600000000014,0.0,2
