time,best,best bound,gap %,status
9.03080701828003,-107.5200000000025,1e+100,9.300595238095022e+99,2
time,best,best bound,gap %,status
9.836488246917725,-95.86800000000214,417.35599999925205,535.3444319264433,2
time,best,best bound,gap %,status
10.425210237503052,-93.21200000000184,-93.21200000000184,0.0,2
