time,best,best bound,gap %,status
1.8607101440429688,-360.02400000000137,1e+100,2.777592604937438e+99,2
time,best,best bound,gap %,status
2.2060632705688477,-99.07600000000066,-81.716000000001,17.521902377972005,2
time,best,best bound,gap %,status
2.215158224105835,-95.47600000000065,-95.47600000000067,1.4884216677701105e-14,2
