time,best,best bound,gap %,status
0.4619717597961426,1.3500000000000003,7.549999999999995,459.2592592592588,2
time,best,best bound,gap %,status
0.4799196720123291,4.050000000000001,4.275,5.555555555555546,2
time,best,best bound,gap %,status
0.49991774559020996,4.150000000000001,4.2250000000000005,1.8072289156626329,2
