time,best,best bound,gap %,status
298.5954990386963,2.032622222222101,9.707333333335027,377.57685748032344,2
time,best,best bound,gap %,status
301.469496011734,3.6223444444442405,9.707333333335027,167.98482259807236,2
