time,best,best bound,gap %,status
5.7556281089782715,-2749.9499999999994,1e+100,3.636429753268242e+98,2
time,best,best bound,gap %,status
7.211344242095947,-2526.269999999996,384.2399999997146,115.20977567717287,2
time,best,best bound,gap %,status
7.635238170623779,-2135.069999999998,-2134.9800000000005,0.004215318467189232,2
