time,best,best bound,gap %,status
15.653198003768921,-23.994400000000045,1e+100,4.167639115793677e+100,2
time,best,best bound,gap %,status
17.222954988479614,-13.72639999999901,189.97159999940973,1483.9870614248707,2
time,best,best bound,gap %,status
20.295530080795288,-8.07439999999872,-8.07439999999872,0.0,2
