time,best,best bound,gap %,status
4.008125066757202,-352.48000000000025,1e+100,2.8370403994552863e+99,2
time,best,best bound,gap %,status
4.227381944656372,128.16200000000134,135.0820000000013,5.399416363664648,2
time,best,best bound,gap %,status
4.25151252746582,130.72200000000134,130.76200000000134,0.030599287036605645,2
time,best,best bound,gap %,status
4.256412744522095,130.76200000000134,130.76200000000134,0.0,2
