time,best,best bound,gap %,status
31.660030126571655,-564.3000000000028,1e+100,1.772107035264921e+99,2
time,best,best bound,gap %,status
52.37432503700256,-134.05200000000448,-120.47600000000492,10.127413242621603,2
time,best,best bound,gap %,status
52.4249382019043,-132.8280000000045,-132.8280000000045,0.0,2
