time,best,best bound,gap %,status
2.7384769916534424,-61.75999999999949,1e+100,1.6191709844559719e+100,2
time,best,best bound,gap %,status
3.5387001037597656,-42.69599999999969,-42.69600000000013,1.0317980517408313e-12,2
