time,best,best bound,gap %,status
101.59921073913574,60.19199999999997,229.212,280.8014354066987,2
time,best,best bound,gap %,status
101.60158061981201,71.84449999999995,229.212,219.03903569514736,2
