time,best,best bound,gap %,status
13.634594917297363,-53.630400000001835,1e+100,1.864614099465911e+100,2
time,best,best bound,gap %,status
17.252016067504883,-39.95940000000222,1e+100,2.5025400781792133e+100,2
