time,best,best bound,gap %,status
7.927526950836182,156.60800000000603,1e+100,6.385369840620923e+99,2
time,best,best bound,gap %,status
8.90040898323059,297.64800000001736,312.5440000000174,5.0045691555122644,2
time,best,best bound,gap %,status
8.916356086730957,299.72800000001735,299.8560000000174,0.04270538621684839,2
time,best,best bound,gap %,status
8.924029111862183,299.84800000001735,299.8560000000174,0.002668018462700347,2
