time,best,best bound,gap %,status
5.639512062072754,-87.00799999999953,1e+100,1.1493196027951514e+100,2
time,best,best bound,gap %,status
6.6859190464019775,-77.10799999999904,282.6479999998879,466.5611869065355,2
time,best,best bound,gap %,status
7.218776226043701,-59.10799999999942,-59.107999999999684,4.4478042266907975e-13,2
