time,best,best bound,gap %,status
2.540959119796753,5.783999999999986,7.289999999999968,26.03734439834001,2
time,best,best bound,gap %,status
2.5712080001831055,6.449499999999985,6.505993908382052,0.8759424510747679,2
time,best,best bound,gap %,status
2.5761539936065674,6.479999999999985,6.505993908382052,0.40114056145165294,2
time,best,best bound,gap %,status
2.5928211212158203,6.484999999999985,6.505993908382052,0.3237302757450611,2
