time,best,best bound,gap %,status
31.892866134643555,-1e+100,136.46349999999998,100.0,2
time,best,best bound,gap %,status
31.894626140594482,32.8525,136.46349999999998,315.3823909900312,2
time,best,best bound,gap %,status
31.897029161453247,32.8525,35.13700000000001,6.9538086903584455,2
