time,best,best bound,gap %,status
2.7241158485412598,-325.5840000000017,1e+100,3.071404000196554e+99,2
time,best,best bound,gap %,status
3.4001216888427734,-121.32900000000063,1e+100,8.242052600779656e+99,2
