time,best,best bound,gap %,status
22.1456618309021,6.3711499999999885,6.4941999999999815,1.9313624698836664,2
time,best,best bound,gap %,status
22.18257474899292,6.411899999999989,6.419899999999989,0.12476800948236905,2
time,best,best bound,gap %,status
22.217914819717407,6.414549999999989,6.417549999999989,0.04676867434192763,2
time,best,best bound,gap %,status
22.23061490058899,6.416699999999988,6.417549999999989,0.013246684432818817,2
