time,best,best bound,gap %,status
3.8190648555755615,-90.7279999999995,1e+100,1.1021955735825827e+100,2
time,best,best bound,gap %,status
4.698832988739014,-72.72799999999822,187.3519999999799,357.60642393573926,2
time,best,best bound,gap %,status
5.140722990036011,-41.227999999998595,-41.22799999999869,2.2404811208114915e-13,2
