time,best,best bound,gap %,status
19.330870866775513,28.158666666571627,1e+100,3.551304512536253e+100,2
time,best,best bound,gap %,status
35.401752948760986,180.46033333325227,195.41499999991893,8.286955027978477,2
time,best,best bound,gap %,status
35.575745820999146,183.58833333325228,183.6096666665856,0.011620200993167904,2
