time,best,best bound,gap %,status
0.751924991607666,-352.4800000000006,1e+100,2.8370403994552834e+99,2
time,best,best bound,gap %,status
0.8132801055908203,128.16200000000134,135.0820000000013,5.399416363664648,2
time,best,best bound,gap %,status
0.8216531276702881,130.72200000000134,130.76200000000134,0.030599287036605645,2
time,best,best bound,gap %,status
0.8272290229797363,130.76200000000134,130.76200000000134,0.0,2
