time,best,best bound,gap %,status
9.769633054733276,-319.3680000000048,1e+100,3.1311840885748885e+99,2
time,best,best bound,gap %,status
14.64623475074768,-50.6820000000013,-34.40200000000154,32.12185785880459,2
time,best,best bound,gap %,status
14.6543447971344,-47.5620000000013,-34.40200000000154,27.669147638870093,2
