time,best,best bound,gap %,status
83.81227803230286,-109.91749999999428,1e+100,9.097732390202216e+99,2
time,best,best bound,gap %,status
133.2196409702301,10.4825000000029,24.1865000000029,130.73217266869744,2
time,best,best bound,gap %,status
133.47755098342896,11.532500000002901,11.558500000002898,0.22544981573804213,2
