time,best,best bound,gap %,status
61.025070667266846,-223.3559999999891,1e+100,4.477157542219814e+99,2
time,best,best bound,gap %,status
106.19890093803406,-189.2719999999958,1005.7155000052376,631.3598947574178,2
time,best,best bound,gap %,status
113.00244092941284,-128.97799999999827,-128.97799999999827,0.0,2
