time,best,best bound,gap %,status
64.4385290145874,17.232849999999814,52.054700000002114,202.0666923927422,2
time,best,best bound,gap %,status
64.53555297851562,21.191399999999394,21.400788350311238,0.9880817233021418,2
