time,best,best bound,gap %,status
10.326560020446777,-2749.9499999999994,1e+100,3.636429753268242e+98,2
time,best,best bound,gap %,status
15.629621982574463,-824.3100000000036,-794.4300000000036,3.624849874440425,2
time,best,best bound,gap %,status
15.647374868392944,-821.3500000000035,-821.2300000000035,0.014610093139344254,2
time,best,best bound,gap %,status
15.655220985412598,-821.2700000000036,-821.2300000000035,0.0048705054367110855,2
