time,best,best bound,gap %,status
27.748018980026245,-50.92266666666345,1e+100,1.9637620444073296e+100,2
time,best,best bound,gap %,status
30.40678596496582,-43.318666666664924,421.5316666679276,1073.0947397610219,2
time,best,best bound,gap %,status
33.06464695930481,-40.62799999999812,-40.62799999999812,0.0,2
