time,best,best bound,gap %,status
30.84347176551819,-75.43433333333019,1e+100,1.3256563103450353e+100,2
time,best,best bound,gap %,status
48.7202889919281,-56.19966666666451,362.4090000010011,744.859696678536,2
time,best,best bound,gap %,status
53.201329946517944,-22.16433333333461,-22.16433333333461,0.0,2
