time,best,best bound,gap %,status
42.66353797912598,42.53050000000045,123.27749999999995,189.8566910805155,2
time,best,best bound,gap %,status
42.67042422294617,45.386500000000616,45.3865,1.3620177367967981e-12,2
