time,best,best bound,gap %,status
9.688275814056396,-54.13440000000152,1e+100,1.8472542412956864e+100,2
time,best,best bound,gap %,status
11.78895092010498,-40.80180000000206,1e+100,2.450872265439146e+100,2
