time,best,best bound,gap %,status
7.772202730178833,-1e+100,61.445777777777984,100.0,2
time,best,best bound,gap %,status
7.811099529266357,3.1997777777777685,61.445777777777984,1820.3139106882543,2
time,best,best bound,gap %,status
8.00857138633728,3.1997777777777685,16.06295833333336,402.0023091881403,2
time,best,best bound,gap %,status
8.092389106750488,15.94983333333333,16.06295833333336,0.7092550601366487,2
time,best,best bound,gap %,status
8.396899938583374,15.94983333333333,15.94983333333333,0.0,2
