time,best,best bound,gap %,status
30.94382405281067,0.2153333333332959,17.287000000003683,7928.0185758545,2
time,best,best bound,gap %,status
31.326339960098267,1.2137555555553254,17.287000000003683,1324.257126641486,2
time,best,best bound,gap %,status
31.8435480594635,2.085566666666508,17.287000000003683,728.8874326724151,2
time,best,best bound,gap %,status
181.64886784553528,2.7562333335368816,9.489412858188123,244.28916966950047,2
