time,best,best bound,gap %,status
25.4695143699646,-100.55249999999627,1e+100,9.945053578976526e+99,2
time,best,best bound,gap %,status
36.38100504875183,12.29999999999983,24.771999999999498,101.39837398373854,2
time,best,best bound,gap %,status
36.430745124816895,13.73199999999983,13.807999999999828,0.5534517914360464,2
time,best,best bound,gap %,status
36.46142315864563,13.76399999999983,13.807999999999828,0.31967451322288193,2
