time,best,best bound,gap %,status
76.95662808418274,1.6164999999996679,37.98099999999682,2249.582431178758,2
time,best,best bound,gap %,status
78.02295017242432,3.466950000000364,37.98099999999682,995.5162318462287,2
time,best,best bound,gap %,status
2519.421809196472,3.5935500000004144,16.014450000000007,345.6442793337552,2
