time,best,best bound,gap %,status
27.134363889694214,-36.36800000000218,1e+100,2.7496700395950836e+100,2
time,best,best bound,gap %,status
35.23760676383972,34.016000000001846,43.56800000000379,28.080903104425648,2
time,best,best bound,gap %,status
35.24757385253906,34.02980000000185,43.56800000000379,28.028962850211947,2
time,best,best bound,gap %,status
35.31939482688904,37.11030000000179,37.11030000000179,0.0,2
