time,best,best bound,gap %,status
0.5200467109680176,0.21500000000000008,0.9150000000000005,325.58139534883725,2
time,best,best bound,gap %,status
0.5389938354492188,0.5400000000000003,0.5602083333333333,3.74228395061723,2
time,best,best bound,gap %,status
0.5424289703369141,0.5450000000000003,0.5602083333333333,2.790519877675787,2
time,best,best bound,gap %,status
0.5513815879821777,0.5500000000000003,0.552916666666667,0.5303030303030322,2
