time,best,best bound,gap %,status
10.971626996994019,-25.366399999999985,1e+100,3.942222782893909e+100,2
time,best,best bound,gap %,status
16.720221042633057,-10.84639999999961,-10.84639999999961,0.0,2
