time,best,best bound,gap %,status
10.81855320930481,-35.17440000000029,1e+100,2.8429767103347655e+100,2
time,best,best bound,gap %,status
11.700185060501099,-23.69039999999996,227.13759999953947,1058.774862389575,2
time,best,best bound,gap %,status
12.433966159820557,-17.28640000000012,-17.28640000000012,0.0,2
