time,best,best bound,gap %,status
10.141020059585571,-161.60999999999916,1e+100,6.187735907431503e+99,2
time,best,best bound,gap %,status
14.246088027954102,-134.4260000000024,338.23899999962117,351.61724666330554,2
time,best,best bound,gap %,status
15.394832134246826,-86.47600000000122,-86.47600000000122,0.0,2
