time,best,best bound,gap %,status
8.261082887649536,-35.584800000000186,1e+100,2.8101886198601506e+100,2
time,best,best bound,gap %,status
10.611815929412842,-26.656800000000114,-26.656800000000114,0.0,2
