time,best,best bound,gap %,status
158.94179725646973,3.3180000000002408,10.331750000000854,211.38487040386087,2
time,best,best bound,gap %,status
3387.053572177887,3.331250000000244,4.969132828051769,49.16721435051121,2
time,best,best bound,gap %,status
6740.816374063492,4.4112500006152215,4.875733286531986,10.52951625620821,2
time,best,best bound,gap %,status
10354.44932937622,4.596750000000327,4.810945423086541,4.6597144305476474,2
