time,best,best bound,gap %,status
20.477649211883545,-42.56124444444571,1e+100,2.3495553597011917e+100,2
time,best,best bound,gap %,status
25.77031922340393,-36.89624444445134,1e+100,2.7103029456169637e+100,2
