time,best,best bound,gap %,status
15.953984022140503,-53.008666666664986,1e+100,1.8864839711745847e+100,2
time,best,best bound,gap %,status
17.718562841415405,-46.07133333333234,277.124000000596,701.5107007986211,2
time,best,best bound,gap %,status
19.85102605819702,-42.88466666666566,-42.88466666666566,0.0,2
