time,best,best bound,gap %,status
1.9078421592712402,-413.2800000000016,1e+100,2.419667053813386e+99,2
time,best,best bound,gap %,status
2.185920000076294,-163.12500000000105,1e+100,6.130268199233677e+99,2
