time,best,best bound,gap %,status
78.07194089889526,2.400699999999535,46.618000000000016,1841.8502936647244,2
time,best,best bound,gap %,status
79.29227089881897,4.332100000000255,46.618000000000016,976.1062764016821,2
