time,best,best bound,gap %,status
20.702582120895386,-83.2239999999992,1e+100,1.201576468326456e+100,2
time,best,best bound,gap %,status
29.546155214309692,18.19200000000156,31.08800000000116,70.8883025505634,2
time,best,best bound,gap %,status
29.56706428527832,19.976000000001562,20.07200000000156,0.4805766920303816,2
time,best,best bound,gap %,status
29.574096202850342,20.05600000000156,20.07200000000156,0.07977662544872853,2
