time,best,best bound,gap %,status
29.766669034957886,-6.02000000025749,1e+100,1.661129568035262e+101,2
time,best,best bound,gap %,status
120.10249280929565,298.93999999973266,319.8839999997327,7.006088178236017,2
time,best,best bound,gap %,status
120.16987800598145,302.05999999973267,319.8839999997327,5.900814407738789,2
