time,best,best bound,gap %,status
20.490588903427124,9.377499999999895,9.822499999999874,4.745401226339472,2
time,best,best bound,gap %,status
20.544437885284424,9.497499999999896,9.555499999999896,0.6106870229007683,2
time,best,best bound,gap %,status
20.55496382713318,9.498999999999896,9.555499999999896,0.5947994525739593,2
time,best,best bound,gap %,status
20.57275891304016,9.504499999999895,9.555499999999896,0.5365879320322028,2
time,best,best bound,gap %,status
20.615710973739624,9.519999999999895,9.547499999999895,0.2888655462184891,2
time,best,best bound,gap %,status
20.64885663986206,9.520999999999896,9.546999999999896,0.2730805587648365,2
time,best,best bound,gap %,status
20.676594734191895,9.521999999999895,9.546999999999896,0.26254988447805744,2
time,best,best bound,gap %,status
20.682708978652954,9.531999999999895,9.546999999999896,0.15736466638691496,2
time,best,best bound,gap %,status
20.765918970108032,9.532999999999895,9.545999999999895,0.13636840448966792,2
time,best,best bound,gap %,status
20.782164812088013,9.534999999999895,9.545499999999896,0.11012060828527019,2
