time,best,best bound,gap %,status
687.7944900989532,14.68650000000006,43.033,193.01058795492344,2
