time,best,best bound,gap %,status
39.64732599258423,-31.629600000005485,1e+100,3.1615954675361896e+100,2
time,best,best bound,gap %,status
56.87522888183594,-24.369600000000396,424.43989999965027,1841.6777460427884,2
time,best,best bound,gap %,status
68.28683280944824,-11.169599999998821,424.43989999965027,3899.956130924071,2
