time,best,best bound,gap %,status
4.801509141921997,-360.3600000000036,1e+100,2.775002775002747e+99,2
time,best,best bound,gap %,status
6.5786051750183105,-95.67400000000156,-71.35400000000199,25.419654242531063,2
time,best,best bound,gap %,status
6.586660146713257,-89.03400000000156,-89.03400000000156,0.0,2
