time,best,best bound,gap %,status
12.619854927062988,2.122500000004561,1e+100,4.711425206114729e+101,2
time,best,best bound,gap %,status
21.076396942138672,176.59299999999655,191.1449999999896,8.240417230577284,2
time,best,best bound,gap %,status
21.197906017303467,179.59299999999655,179.63699999999656,0.02449984130785275,2
time,best,best bound,gap %,status
21.208774089813232,179.63299999999654,179.63699999999656,0.002226762343232689,2
