time,best,best bound,gap %,status
92.48934316635132,-340.31999999998044,1e+100,2.938410907381457e+99,2
time,best,best bound,gap %,status
164.12503123283386,-61.26599999999018,-42.54599999999019,30.555283517779834,2
time,best,best bound,gap %,status
164.1971709728241,-59.15399999999018,-59.15399999999018,0.0,2
