time,best,best bound,gap %,status
20.25603485107422,-83.2239999999992,1e+100,1.201576468326456e+100,2
