time,best,best bound,gap %,status
8.946920156478882,-1e+100,60.16900000000063,100.0,2
time,best,best bound,gap %,status
9.004766464233398,2.1287500000000037,60.16900000000063,2726.49442160895,2
time,best,best bound,gap %,status
9.22019100189209,2.1287500000000037,13.890250000000144,552.5073399882617,2
time,best,best bound,gap %,status
9.298978090286255,13.852500000000013,13.890250000000144,0.27251398664595183,2
time,best,best bound,gap %,status
9.307340860366821,13.852500000000013,13.852500000000013,0.0,2
