time,best,best bound,gap %,status
19.051466464996338,10.178999999999542,24.59799999999992,141.65438648198278,2
time,best,best bound,gap %,status
19.102120399475098,12.144999999999571,12.548499999999917,3.3223548785538077,2
