time,best,best bound,gap %,status
1.2184100151062012,-249.81600000000086,1e+100,4.002946168379914e+99,2
time,best,best bound,gap %,status
1.315284013748169,-209.6960000000005,226.8,208.15656951014776,2
time,best,best bound,gap %,status
1.3529059886932373,-203.13600000000048,-203.13600000000048,0.0,2
