time,best,best bound,gap %,status
1.0608482360839844,-325.5840000000017,1e+100,3.071404000196554e+99,2
time,best,best bound,gap %,status
1.2492940425872803,-300.4040000000007,91.17600000000004,130.35112714877292,2
time,best,best bound,gap %,status
1.3110241889953613,-254.44400000000024,-254.44400000000024,0.0,2
