time,best,best bound,gap %,status
1.1051063537597656,-413.2800000000016,1e+100,2.419667053813386e+99,2
time,best,best bound,gap %,status
1.3598952293395996,-163.12500000000105,1e+100,6.130268199233677e+99,2
