time,best,best bound,gap %,status
3.0859837532043457,11.22600000000003,34.35049999999932,205.99055763405696,2
time,best,best bound,gap %,status
3.0869851112365723,11.22600000000003,34.35049999999932,205.99055763405696,2
time,best,best bound,gap %,status
3.1046597957611084,19.605500000000085,19.60550000000015,3.261780939961171e-13,2
