time,best,best bound,gap %,status
0.72397780418396,-281.62399999999946,1e+100,3.550833735761164e+99,2
time,best,best bound,gap %,status
0.7852389812469482,143.2120000000011,150.8920000000011,5.362679105102888,2
time,best,best bound,gap %,status
0.7883110046386719,144.3320000000011,144.3320000000011,0.0,2
