time,best,best bound,gap %,status
26.062026977539062,-22.27200000000043,1e+100,4.4899425287355465e+100,2
time,best,best bound,gap %,status
34.79955983161926,5.221999999999657,5.221999999999657,0.0,2
