time,best,best bound,gap %,status
37.18228316307068,-79.87199999999946,1e+100,1.2520032051282137e+100,2
time,best,best bound,gap %,status
54.53461313247681,18.828000000001897,34.72400000000147,84.42744848097499,2
time,best,best bound,gap %,status
54.558738231658936,23.268000000001898,23.332000000001898,0.27505587072371857,2
time,best,best bound,gap %,status
54.56743121147156,23.3240000000019,23.332000000001898,0.03429943405933145,2
