time,best,best bound,gap %,status
168.75758385658264,124.26600000000012,379.026,205.0118294626041,2
time,best,best bound,gap %,status
168.75982689857483,133.89700000000013,379.026,183.07280969700562,2
