time,best,best bound,gap %,status
1.8493201732635498,28.495499999999847,41.31200000000243,44.977277113939564,2
time,best,best bound,gap %,status
1.850344181060791,28.495499999999847,41.31200000000243,44.977277113939564,2
time,best,best bound,gap %,status
1.8991360664367676,35.54550000000234,35.54550000000235,1.9989667771168035e-14,2
