time,best,best bound,gap %,status
335.9956102371216,3.75735555555535,12.407033333332457,230.20652823202553,2
