time,best,best bound,gap %,status
52.582942962646484,1.2002999999997201,27.984333333347745,2231.4449165503847,2
time,best,best bound,gap %,status
53.52753210067749,3.033299999999844,27.984333333347745,822.5705776991786,2
time,best,best bound,gap %,status
3109.8677520751953,3.081399999999847,13.480389444371752,337.47612917415523,2
