time,best,best bound,gap %,status
10.54423189163208,-35.17440000000029,1e+100,2.8429767103347655e+100,2
time,best,best bound,gap %,status
13.511506795883179,-5.610399999999875,-5.610399999999875,0.0,2
