time,best,best bound,gap %,status
21.23737597465515,-0.08710000000000655,15.199000000000007,17550.057405279982,2
time,best,best bound,gap %,status
21.620636224746704,1.8899999999998998,15.199000000000007,704.1798941799372,2
time,best,best bound,gap %,status
8648.166401147842,5.471249999999771,8.356550000000004,52.735663696602295,2
