time,best,best bound,gap %,status
301.79617190361023,3.2069555555553713,10.780166666665803,236.14954993658853,2
time,best,best bound,gap %,status
6439.784548044205,3.2179555555553714,4.982462568354095,54.833169145314564,2
time,best,best bound,gap %,status
10227.22378396988,4.1510111111113694,4.871556946521593,17.35832104812912,2
