time,best,best bound,gap %,status
2.283905029296875,-1e+100,69.25000000000023,100.0,2
time,best,best bound,gap %,status
2.294768810272217,1.9337499999999914,69.25000000000023,3481.1247575953735,2
time,best,best bound,gap %,status
2.3725955486297607,1.9337499999999914,18.37628968253968,850.2929376878998,2
time,best,best bound,gap %,status
2.519756555557251,17.70472222222221,18.37628968253968,3.793154458388225,2
time,best,best bound,gap %,status
2.5337612628936768,17.70472222222221,18.059027777777796,2.0011924000190087,2
time,best,best bound,gap %,status
2.5945560932159424,18.036111111111094,18.059027777777796,0.12705991067323222,2
time,best,best bound,gap %,status
2.6224489212036133,18.036111111111094,18.05017361111112,0.07796858154950669,2
time,best,best bound,gap %,status
2.626438617706299,18.036111111111094,18.05017361111112,0.07796858154950669,2
time,best,best bound,gap %,status
2.626438617706299,18.036111111111094,18.05017361111112,0.07796858154950669,2
time,best,best bound,gap %,status
2.6862430572509766,18.03611111111115,18.05017361111112,0.07796858154919128,2
time,best,best bound,gap %,status
2.6862430572509766,18.03611111111115,18.05017361111112,0.07796858154919128,2
time,best,best bound,gap %,status
2.6872401237487793,18.03611111111115,18.05017361111112,0.07796858154919128,2
time,best,best bound,gap %,status
2.6944422721862793,18.03611111111115,18.05017361111112,0.07796858154919128,2
time,best,best bound,gap %,status
2.6972124576568604,18.03611111111115,18.043029194798738,0.03835684779811207,2
time,best,best bound,gap %,status
2.700205087661743,18.03611111111115,18.043029194798738,0.03835684779811207,2
time,best,best bound,gap %,status
2.701202869415283,18.03611111111115,18.03611111111115,0.0,2
