time,best,best bound,gap %,status
93.8353111743927,-183.12933333333223,1e+100,5.460621637167208e+99,2
time,best,best bound,gap %,status
169.2818250656128,-11.795444444435123,9.420555555564444,179.8660499817698,2
time,best,best bound,gap %,status
169.37974190711975,-9.66477777776846,-9.66477777776846,0.0,2
