time,best,best bound,gap %,status
1.9555234909057617,-281.5680000000001,1e+100,3.551539947721331e+99,2
time,best,best bound,gap %,status
4.138895273208618,-261.1280000000001,130.79199999999997,150.08731350142457,2
time,best,best bound,gap %,status
4.198263168334961,-258.32800000000015,-258.32800000000015,0.0,2
