time,best,best bound,gap %,status
301.47365498542786,7.7279000000003855,19.920199999992978,157.7698986787094,2
time,best,best bound,gap %,status
3069.83318901062,7.740800000000383,10.721008245248028,38.500003168244845,2
time,best,best bound,gap %,status
3072.238714694977,7.749950000000383,10.721008245248028,38.33648275469516,2
time,best,best bound,gap %,status
6809.717248916626,9.621750000000521,10.577069082845131,9.928745631975044,2
