time,best,best bound,gap %,status
0.807528018951416,-360.02400000000137,1e+100,2.777592604937438e+99,2
time,best,best bound,gap %,status
0.9303889274597168,-316.4240000000003,163.382,151.63388364978633,2
time,best,best bound,gap %,status
0.9714949131011963,-240.12399999999997,-240.12400000000002,2.3672527053025944e-14,2
