time,best,best bound,gap %,status
1.2994880676269531,-685.3949999999998,1e+100,1.4590126861153063e+99,2
time,best,best bound,gap %,status
1.5565330982208252,155.83000000000246,169.030000000002,8.470769428222631,2
time,best,best bound,gap %,status
1.5669879913330078,158.67000000000246,158.71000000000245,0.0252095544211202,2
time,best,best bound,gap %,status
1.5686569213867188,158.71000000000245,158.71000000000245,0.0,2
