time,best,best bound,gap %,status
3.2457780838012695,-62.103999999999466,1e+100,1.6102022414015339e+100,2
time,best,best bound,gap %,status
3.5297250747680664,-54.42399999999963,148.30400000000068,372.4974276054713,2
time,best,best bound,gap %,status
3.7134459018707275,-51.64799999999953,-51.64800000000021,1.3207114047585626e-12,2
