time,best,best bound,gap %,status
62.2477490901947,-0.4336499999999604,1e+100,2.3060071486223713e+102,2
time,best,best bound,gap %,status
111.50927019119263,-0.332249999999968,38.03575,11547.930775019913,2
