time,best,best bound,gap %,status
17.366140842437744,-47.79600000000426,1e+100,2.0922252908191287e+100,2
time,best,best bound,gap %,status
21.329447984695435,-30.64400000000025,266.19039999935984,968.6542226842372,2
time,best,best bound,gap %,status
22.892433166503906,-0.6879999999998168,-0.6879999999998168,0.0,2
