time,best,best bound,gap %,status
7.636908054351807,-54.13440000000152,1e+100,1.8472542412956864e+100,2
time,best,best bound,gap %,status
9.701776266098022,-38.94240000000019,125.58919999999793,422.4998972841872,2
time,best,best bound,gap %,status
10.88003921508789,-13.486400000000183,-13.486400000000183,0.0,2
