time,best,best bound,gap %,status
6.18646502494812,4.599999999999984,5.679999999999965,23.478260869564895,2
time,best,best bound,gap %,status
6.252289295196533,4.9849999999999834,5.016749007936491,0.636890831223832,2
time,best,best bound,gap %,status
6.303152322769165,4.994999999999983,5.009288690476174,0.28605986939320466,2
