time,best,best bound,gap %,status
1.3145091533660889,-360.02400000000137,1e+100,2.777592604937438e+99,2
time,best,best bound,gap %,status
1.6342642307281494,-245.6760000000018,-237.9960000000018,3.1260684804376293,2
time,best,best bound,gap %,status
1.6376821994781494,-244.5560000000018,-244.5560000000018,0.0,2
