time,best,best bound,gap %,status
1.8548648357391357,5.853999999999986,7.344999999999968,25.46976426375103,2
time,best,best bound,gap %,status
1.883965015411377,6.463499999999986,6.560993908382052,1.508376396411646,2
time,best,best bound,gap %,status
1.8881831169128418,6.539999999999985,6.560993908382052,0.32100777342610415,2
time,best,best bound,gap %,status
1.9613330364227295,6.540000001666652,6.545909090909076,0.09035304649722001,2
