time,best,best bound,gap %,status
0.8082365989685059,28.689000000000036,40.06399999999931,39.64934295374276,2
time,best,best bound,gap %,status
0.8082365989685059,28.689000000000036,40.06399999999931,39.64934295374276,2
time,best,best bound,gap %,status
0.8124606609344482,35.708999999999,35.70899999999902,5.969442457868773e-14,2
