time,best,best bound,gap %,status
59.81605815887451,-37.76266666666803,1e+100,2.6481180707576193e+100,2
time,best,best bound,gap %,status
89.17157101631165,2.5503111111115677,26.710311111110965,947.3354013451763,2
time,best,best bound,gap %,status
89.20922493934631,6.17697777777823,6.17697777777823,0.0,2
