time,best,best bound,gap %,status
30.310753107070923,7.474866669846814,7.5798666698468224,1.4047073297450565,2
time,best,best bound,gap %,status
30.347643852233887,7.505711114291258,7.5129199767251205,0.09604502923295816,2
time,best,best bound,gap %,status
30.37759804725647,7.507044447624592,7.509851809912394,0.03739637226592581,2
time,best,best bound,gap %,status
30.46532678604126,7.507400003180147,7.508370114172183,0.01292206345239043,2
