time,best,best bound,gap %,status
133.20606899261475,-229.58999999999025,1e+100,4.3555904002789424e+99,2
time,best,best bound,gap %,status
531.4267959594727,-26.3935000000002,-4.24150000000031,83.92975543220763,2
time,best,best bound,gap %,status
531.6984407901764,-23.513500000000242,-23.513500000000242,0.0,2
