time,best,best bound,gap %,status
41.72698473930359,-1e+100,121.93300000000089,100.0,2
time,best,best bound,gap %,status
41.732542753219604,35.72750000000091,121.93300000000089,241.28612413406415,2
time,best,best bound,gap %,status
41.742920875549316,35.72750000000091,37.163000000000885,4.017913372052171,2
