time,best,best bound,gap %,status
60.12578988075256,65.6039999997524,1e+100,1.524297298950939e+100,2
time,best,best bound,gap %,status
285.81481885910034,300.00999999972214,321.18999999972215,7.059764674517391,2
time,best,best bound,gap %,status
286.5087249279022,303.18399999972206,303.23399999972213,0.01649163544254118,2
time,best,best bound,gap %,status
286.5816957950592,303.2239999997221,303.23399999972213,0.0032978919874603967,2
