time,best,best bound,gap %,status
156.5028600692749,-35.85493333333485,1e+100,2.789016481227942e+100,2
time,best,best bound,gap %,status
316.33985590934753,30.60102222222108,47.74768888888775,56.03298655237582,2
time,best,best bound,gap %,status
316.4049301147461,35.07302222222109,35.073022222221084,2.0258953769599133e-14,2
