time,best,best bound,gap %,status
6.578089475631714,-1e+100,2.220499999999999,100.0,2
time,best,best bound,gap %,status
6.578089475631714,0.36999999999999994,2.220499999999999,500.13513513513493,2
time,best,best bound,gap %,status
6.578089475631714,0.9030000000000001,0.9030000000000001,0.0,2
