time,best,best bound,gap %,status
22.22427010536194,-51.61920000000252,1e+100,1.9372636538341377e+100,2
time,best,best bound,gap %,status
30.267266988754272,-1.2176000000000948,21.600599999999346,1874.0308804203075,2
time,best,best bound,gap %,status
30.296546936035156,5.0703999999999105,5.0703999999999105,0.0,2
