time,best,best bound,gap %,status
67.12770009040833,-61.585500000002185,1e+100,1.6237588393371241e+100,2
time,best,best bound,gap %,status
84.29250311851501,-55.81550000000186,515.1540000026631,1022.9586763580832,2
time,best,best bound,gap %,status
96.43116188049316,-45.993500000001795,-45.993500000001795,0.0,2
