time,best,best bound,gap %,status
0.5600986480712891,-281.5680000000006,1e+100,3.5515399477213244e+99,2
time,best,best bound,gap %,status
0.6127738952636719,-227.0720000000003,130.79199999999997,157.59935174746326,2
time,best,best bound,gap %,status
0.632072925567627,-205.50800000000004,-205.50800000000004,0.0,2
