time,best,best bound,gap %,status
59.854257345199585,-37.76266666666803,1e+100,2.6481180707576193e+100,2
time,best,best bound,gap %,status
87.25375604629517,30.675644444443765,42.75564444444377,39.379775775788254,2
time,best,best bound,gap %,status
87.2864100933075,32.488977777777095,32.488977777777095,0.0,2
