time,best,best bound,gap %,status
4.381608486175537,-1e+100,57.61255555555582,100.0,2
time,best,best bound,gap %,status
4.3972296714782715,1.1693333333333324,57.61255555555582,4826.957430634766,2
time,best,best bound,gap %,status
4.613175392150879,15.639999999999992,15.640000000000066,4.770267727289677e-13,2
