time,best,best bound,gap %,status
52.80823111534119,-0.27650000000001723,10.2615666666669,3811.235684146929,2
time,best,best bound,gap %,status
58.991780042648315,3.8950444444442076,4.259929100534597,9.367920220033735,2
time,best,best bound,gap %,status
61.97441101074219,3.9261444444442075,3.9801701523431587,1.3760499304961056,2
