time,best,best bound,gap %,status
8.174151182174683,12.011499999999948,14.55799999999994,21.200516172001848,2
time,best,best bound,gap %,status
8.243985176086426,12.498499999999948,12.975786438308708,3.8187497564408637,2
time,best,best bound,gap %,status
8.257681131362915,12.503999999999948,12.975786438308708,3.773084119551837,2
time,best,best bound,gap %,status
8.279122829437256,12.535499999999947,12.975786438308708,3.5123165275319073,2
time,best,best bound,gap %,status
8.281620979309082,12.641499999999947,12.975786438308708,2.6443573809181022,2
time,best,best bound,gap %,status
8.332340002059937,12.756499999999948,12.880119807397014,0.969073079583481,2
time,best,best bound,gap %,status
8.372085094451904,12.795999999999948,12.834233640552943,0.29879368984835614,2
time,best,best bound,gap %,status
8.374589920043945,12.821499999999947,12.834233640552943,0.09931474907769261,2
time,best,best bound,gap %,status
8.441001892089844,12.831499999999947,12.831499999999949,1.3843719279899138e-14,2
