time,best,best bound,gap %,status
22.444684982299805,4.81110000000004,4.8538500000000395,0.8885701814553738,2
time,best,best bound,gap %,status
22.471911191940308,4.82135000000004,4.82400000000004,0.05496385867028985,2
time,best,best bound,gap %,status
22.49289107322693,4.82285000000004,4.823400000000039,0.011404045325888257,2
