time,best,best bound,gap %,status
39.60243487358093,-154.37999999999928,1e+100,6.477522995206664e+99,2
time,best,best bound,gap %,status
58.14623999595642,-3.8520000000009804,18.25199999999868,573.8317757007798,2
time,best,best bound,gap %,status
58.16411805152893,-1.172000000000979,-1.1720000000009816,2.2734942483772612e-13,2
