time,best,best bound,gap %,status
17.70114493370056,-36.36800000000218,1e+100,2.7496700395950836e+100,2
time,best,best bound,gap %,status
24.508421897888184,-28.007999999999846,150.96099999960663,638.9924307326744,2
time,best,best bound,gap %,status
29.225417852401733,-12.963999999999219,-12.963999999999219,0.0,2
