time,best,best bound,gap %,status
1.3985190391540527,-237.04800000000134,1e+100,4.2185548918362284e+99,2
time,best,best bound,gap %,status
1.6462841033935547,-189.96800000000079,-189.9380000000008,0.015792133411928633,2
