time,best,best bound,gap %,status
10.44713020324707,-25.366399999999985,1e+100,3.942222782893909e+100,2
time,best,best bound,gap %,status
11.625735998153687,-20.31239999999954,124.75839999975317,714.1982237439003,2
time,best,best bound,gap %,status
13.08500623703003,-17.502399999999845,-17.502399999999845,0.0,2
