time,best,best bound,gap %,status
11.943455934524536,0.15484444444441814,12.364333333336184,7885.002870267262,2
time,best,best bound,gap %,status
12.105985879898071,0.44435555555561235,12.364333333336184,2682.5315063015464,2
time,best,best bound,gap %,status
12.321038961410522,1.7265444444443088,12.364333333336184,616.1317725195116,2
time,best,best bound,gap %,status
70.50793600082397,2.1170333333332056,6.912653605585825,226.52549663457867,2
time,best,best bound,gap %,status
113.92760682106018,4.939655555555884,6.8182952747962995,38.03179590381384,2
time,best,best bound,gap %,status
208.10075521469116,5.047355555555831,6.780329742337685,34.33429976761391,2
time,best,best bound,gap %,status
363.9807598590851,6.119833333333291,6.745106760457299,10.217164309333247,2
time,best,best bound,gap %,status
480.2991089820862,6.125344444444396,6.698584252821887,9.358490997145669,2
time,best,best bound,gap %,status
668.6437830924988,6.210122222222151,6.660555032139444,7.253203621427538,2
time,best,best bound,gap %,status
759.9263129234314,6.211044444444372,6.6342530108776705,6.81380676339948,2
time,best,best bound,gap %,status
924.660432100296,6.212377778388816,6.606533350729249,6.344681318505679,2
time,best,best bound,gap %,status
1080.3257539272308,6.217399999999925,6.591432012627895,6.015891089972897,2
time,best,best bound,gap %,status
1234.8263609409332,6.2193222225199225,6.579402580636358,5.789704170859619,2
time,best,best bound,gap %,status
1385.9552209377289,6.223577777970625,6.572533695856351,5.606998584012439,2
time,best,best bound,gap %,status
1445.2154190540314,6.252966666666585,6.571013538432388,5.086335634271853,2
time,best,best bound,gap %,status
1508.4284279346466,6.258322222222138,6.569860455290204,4.9779832678134,2
time,best,best bound,gap %,status
1568.5679850578308,6.263811111111026,6.568407815010733,4.862801551588942,2
time,best,best bound,gap %,status
1610.9795689582825,6.264477777777691,6.567231930513333,4.832871365744433,2
time,best,best bound,gap %,status
1660.733022928238,6.265555558075879,6.566225748046204,4.798779408839195,2
