time,best,best bound,gap %,status
5.890183925628662,-1346.519999999993,1e+100,7.426551406588875e+98,2
time,best,best bound,gap %,status
6.787906885147095,-1186.5999999999976,670.8149999996284,156.5325299173799,2
time,best,best bound,gap %,status
6.970979928970337,-905.7299999999973,-905.7299999999989,1.7572739426789762e-13,2
