time,best,best bound,gap %,status
81.01784992218018,-33.37840000000458,1e+100,2.99594947630762e+100,2
time,best,best bound,gap %,status
119.54083395004272,4.3697000000016235,32.581700000001376,645.6278463049929,2
time,best,best bound,gap %,status
119.61135005950928,12.005700000001504,12.005700000001504,0.0,2
