time,best,best bound,gap %,status
69.54165291786194,-47.79600000000426,1e+100,2.0922252908191287e+100,2
time,best,best bound,gap %,status
105.45033812522888,-0.41700000000019344,29.655999999998986,7211.750599516841,2
time,best,best bound,gap %,status
105.48510408401489,8.254999999999798,8.254999999999798,0.0,2
