time,best,best bound,gap %,status
22.811411142349243,3.712449999999282,18.740750000000002,404.8081455643477,2
time,best,best bound,gap %,status
52.44402313232422,4.462349999999325,10.1024,126.39192353808033,2
time,best,best bound,gap %,status
157.2776882648468,4.993700000000417,9.77645,95.77567735344903,2
time,best,best bound,gap %,status
309.27276396751404,8.839099999998869,9.6249,8.890045366623662,2
time,best,best bound,gap %,status
483.4268651008606,8.869550000209792,9.54645,7.631728777381015,2
time,best,best bound,gap %,status
669.6423571109772,8.899999999999048,9.51555,6.916292134842886,2
time,best,best bound,gap %,status
814.9457371234894,9.32085000000079,9.5087,2.0153741343245817,2
time,best,best bound,gap %,status
911.315591096878,9.323950000000808,9.50335,1.9240772419326095,2
time,best,best bound,gap %,status
1083.2110679149628,9.32605000000083,9.491597240523548,1.7751056505455534,2
time,best,best bound,gap %,status
1191.4297528266907,9.347100000000975,9.48695,1.4961859828076207,2
time,best,best bound,gap %,status
1284.8307950496674,9.348200000000976,9.47989665393526,1.40879157414551,2
time,best,best bound,gap %,status
1437.3947558403015,9.35005000000098,9.47015,1.284485109694682,2
time,best,best bound,gap %,status
1559.0000190734863,9.357550000001059,9.466099999999999,1.1600258614586967,2
time,best,best bound,gap %,status
1630.0902440547943,9.362650000001068,9.4631,1.07288000725138,2
time,best,best bound,gap %,status
1728.4571290016174,9.364850000001068,9.4631,1.0491358644177042,2
time,best,best bound,gap %,status
1747.9845080375671,9.367050000221465,9.4631,1.0254028725827804,2
