time,best,best bound,gap %,status
38.02761220932007,-77.48533333333168,1e+100,1.2905668169460302e+100,2
time,best,best bound,gap %,status
61.10391426086426,20.959333333337263,36.01800000000392,71.84706892711522,2
time,best,best bound,gap %,status
61.233997106552124,23.228666666670595,23.23933333333726,0.045920270929585665,2
