time,best,best bound,gap %,status
33.001744985580444,-90.17999999999327,1e+100,1.1088933244622695e+100,2
time,best,best bound,gap %,status
40.33041477203369,-78.07000000000237,497.1389999982682,736.7862174948804,2
time,best,best bound,gap %,status
45.201788902282715,-55.550000000002115,-55.550000000002115,0.0,2
