time,best,best bound,gap %,status
54.15921092033386,-183.12933333333223,1e+100,5.460621637167208e+99,2
time,best,best bound,gap %,status
131.54650592803955,-154.3533333333317,657.2165555538161,525.787083026275,2
time,best,best bound,gap %,status
139.7073037624359,-103.31800000000003,-103.31800000000003,0.0,2
