time,best,best bound,gap %,status
36.36164999008179,-79.87199999999946,1e+100,1.2520032051282137e+100,2
time,best,best bound,gap %,status
53.66328811645508,-44.622000000000824,1e+100,2.241047017166379e+100,2
