time,best,best bound,gap %,status
16.904457807540894,-41.50346666666837,1e+100,2.4094372839536913e+100,2
time,best,best bound,gap %,status
21.938968896865845,-25.91413333333323,195.36182222242778,853.8813654676028,2
time,best,best bound,gap %,status
25.03395390510559,0.6658666666654294,0.6658666666654294,0.0,2
