time,best,best bound,gap %,status
18.290385246276855,-65.15550000000177,1e+100,1.5347898488998978e+100,2
time,best,best bound,gap %,status
20.034520149230957,-38.12100000000076,420.72799999862514,1203.6646467789847,2
time,best,best bound,gap %,status
22.29701805114746,-26.63750000000029,-26.63750000000029,0.0,2
