time,best,best bound,gap %,status
15.208394050598145,-5140.0000000001855,1e+100,1.9455252918287234e+98,2
time,best,best bound,gap %,status
36.55283999443054,1020.7999999997987,1033.8399999997903,1.2774294670840636,2
time,best,best bound,gap %,status
36.57447385787964,1022.6799999997987,1022.7999999997987,0.011733875699146181,2
time,best,best bound,gap %,status
36.584582805633545,1022.7599999997988,1022.7999999997987,0.003910985959557618,2
