time,best,best bound,gap %,status
0.6622798442840576,-246.4560000000003,1e+100,4.057519394942703e+99,2
time,best,best bound,gap %,status
0.7716069221496582,-169.79600000000008,-169.79600000000008,0.0,2
