time,best,best bound,gap %,status
4.87083888053894,-1290.4499999999996,1e+100,7.74923476306715e+98,2
time,best,best bound,gap %,status
6.6054747104644775,-354.1649999999982,-332.3249999999982,6.1666172546694575,2
time,best,best bound,gap %,status
6.617996692657471,-351.6049999999982,-351.5249999999982,0.022752804994236285,2
time,best,best bound,gap %,status
6.62164306640625,-351.5249999999982,-351.5249999999982,0.0,2
