time,best,best bound,gap %,status
21.29584527015686,-161.60999999999916,1e+100,6.187735907431503e+99,2
time,best,best bound,gap %,status
29.727421283721924,-5.643000000001335,9.164999999998656,262.4136097819686,2
time,best,best bound,gap %,status
29.744115114212036,-4.195000000001334,-4.195000000001335,2.1172310362332365e-14,2
