time,best,best bound,gap %,status
0.703596830368042,0.31000000000000016,1.4999999999999971,383.87096774193424,2
time,best,best bound,gap %,status
0.7366976737976074,0.6785000000000005,0.7943095238095241,17.068463347018938,2
time,best,best bound,gap %,status
0.7408246994018555,0.7200000000000004,0.7943095238095241,10.320767195767177,2
