time,best,best bound,gap %,status
40.9644718170166,-50.517600000003625,1e+100,1.9795081318192636e+100,2
