time,best,best bound,gap %,status
101.63647890090942,13.224000000678364,14.646500000678305,10.756957047239636,2
time,best,best bound,gap %,status
101.76232600212097,13.493000000678364,13.730500000678365,1.76017194091796,2
time,best,best bound,gap %,status
101.79329109191895,13.499000000678365,13.730500000678365,1.7149418474580853,2
time,best,best bound,gap %,status
101.85200095176697,13.503000000678364,13.730500000678365,1.684810782704375,2
time,best,best bound,gap %,status
101.91177105903625,13.525500000678365,13.716000000678365,1.4084507041547127,2
time,best,best bound,gap %,status
101.96099710464478,13.546000000678367,13.716000000678365,1.254983020755092,2
time,best,best bound,gap %,status
102.03175806999207,13.604000000678369,13.716000000678365,0.8232872684093768,2
time,best,best bound,gap %,status
102.26348996162415,13.608000000678368,13.701999492509016,0.69076640083746,2
time,best,best bound,gap %,status
102.28974199295044,13.648000000678367,13.700500000678364,0.38467174675694005,2
time,best,best bound,gap %,status
102.47928428649902,13.656000000678368,13.696000000678364,0.2929115407001214,2
time,best,best bound,gap %,status
102.95577907562256,13.657000000678368,13.690000000678364,0.24163432670686646,2
time,best,best bound,gap %,status
103.37574696540833,13.659000000678368,13.687500000678364,0.2086536349555627,2
time,best,best bound,gap %,status
103.96023321151733,13.663000000678368,13.686500000678365,0.1719973651381832,2
time,best,best bound,gap %,status
106.65060019493103,13.666000000678368,13.685500000678365,0.1426898873044726,2
time,best,best bound,gap %,status
109.70616412162781,13.667000000678367,13.670000000678364,0.02195068412854068,2
