time,best,best bound,gap %,status
388.7009291648865,3.656050000000371,12.520424999993342,242.45770708803414,2
