time,best,best bound,gap %,status
6.293561697006226,-1e+100,64.24622222222258,100.0,2
time,best,best bound,gap %,status
6.331510066986084,2.415277777777755,64.24622222222258,2559.9930994825013,2
time,best,best bound,gap %,status
6.4391725063323975,2.415277777777755,18.317194444444482,658.3887291546953,2
time,best,best bound,gap %,status
6.526935815811157,18.02727777777776,18.317194444444482,1.608211013556933,2
time,best,best bound,gap %,status
6.562886953353882,18.02727777777776,18.11556944444447,0.4897670505501949,2
time,best,best bound,gap %,status
6.644663333892822,18.047277777777758,18.11556944444447,0.3784042530270309,2
time,best,best bound,gap %,status
6.730392217636108,18.047277777777758,18.079181578468805,0.1767790194393292,2
time,best,best bound,gap %,status
6.7353808879852295,18.047277777777758,18.079181578468805,0.1767790194393292,2
time,best,best bound,gap %,status
6.7353808879852295,18.047277777777758,18.079181578468805,0.1767790194393292,2
time,best,best bound,gap %,status
6.88597559928894,18.0472777777778,18.079181578468805,0.17677901943909255,2
time,best,best bound,gap %,status
6.88597559928894,18.0472777777778,18.079181578468805,0.17677901943909255,2
time,best,best bound,gap %,status
6.93089747428894,18.0472777777778,18.079181578468805,0.17677901943909255,2
time,best,best bound,gap %,status
6.9647650718688965,18.0472777777778,18.079181578468805,0.17677901943909255,2
time,best,best bound,gap %,status
6.980764865875244,18.0472777777778,18.076931356837626,0.16431053716222502,2
time,best,best bound,gap %,status
7.001668691635132,18.0472777777778,18.076931356837626,0.16431053716222502,2
time,best,best bound,gap %,status
7.005701065063477,18.0472777777778,18.070891737891756,0.13084499726065166,2
time,best,best bound,gap %,status
7.026599884033203,18.0472777777778,18.070891737891756,0.13084499726065166,2
time,best,best bound,gap %,status
7.029592037200928,18.069333333333354,18.069333333333354,0.0,2
