time,best,best bound,gap %,status
1.3692653179168701,-1e+100,21.507222222222286,100.0,2
time,best,best bound,gap %,status
1.3790974617004395,1.601527777777778,21.507222222222286,1242.9190876767013,2
time,best,best bound,gap %,status
1.38619065284729,1.601527777777778,5.720138888888895,257.16763507067935,2
