time,best,best bound,gap %,status
65.69264888763428,10.328250006573171,10.600300006573171,2.6340377104239376,2
time,best,best bound,gap %,status
65.74572896957397,10.41410000657317,10.438948921052079,0.23860837194980739,2
time,best,best bound,gap %,status
65.78413414955139,10.418250006573171,10.438948921052079,0.19867937960644544,2
time,best,best bound,gap %,status
65.84899497032166,10.42540000657317,10.43440000657317,0.08632762286651716,2
time,best,best bound,gap %,status
66.17622590065002,10.42640000657317,10.43095000657317,0.04363922348204149,2
time,best,best bound,gap %,status
66.19790005683899,10.42690000657317,10.43090000657317,0.038362312839654536,2
time,best,best bound,gap %,status
66.4945662021637,10.428200006700488,10.42940000657317,0.011507257934361765,2
time,best,best bound,gap %,status
67.9672269821167,10.4281999999996,10.42865000657317,0.004315285222465058,2
