time,best,best bound,gap %,status
20.231037855148315,-42.56124444444571,1e+100,2.3495553597011917e+100,2
time,best,best bound,gap %,status
27.410623788833618,32.62875555555509,40.67253333333512,24.652419747006153,2
time,best,best bound,gap %,status
27.474016904830933,33.906088888888426,34.071422222221756,0.4876213646319784,2
time,best,best bound,gap %,status
27.483784914016724,34.047422222221755,34.071422222221756,0.0704899179836787,2
