time,best,best bound,gap %,status
0.9135780334472656,-360.02400000000137,1e+100,2.777592604937438e+99,2
time,best,best bound,gap %,status
1.0436530113220215,-346.22400000000096,62.60999999999919,118.08366837654208,2
time,best,best bound,gap %,status
1.0720608234405518,-323.3440000000009,-323.3440000000009,0.0,2
