time,best,best bound,gap %,status
526.9965949058533,7.986422222224189,21.01160000000693,163.0915247823609,2
time,best,best bound,gap %,status
7609.862289905548,8.001633333335272,11.428922806563042,42.832373472419455,2
