time,best,best bound,gap %,status
106.98810410499573,-37.36817777777932,1e+100,2.6760737597289043e+100,2
