time,best,best bound,gap %,status
29.552907943725586,-381.2899999999998,1e+100,2.622675653701908e+99,2
time,best,best bound,gap %,status
50.47829604148865,-76.04499999999935,-56.58899999999935,25.584851075021582,2
time,best,best bound,gap %,status
50.50370812416077,-73.94099999999935,-73.94099999999935,0.0,2
