time,best,best bound,gap %,status
290.6256618499756,-106.47499999998549,1e+100,9.39187602723772e+99,2
time,best,best bound,gap %,status
826.5527558326721,12.081000000006236,34.697000000006234,187.2030461053582,2
time,best,best bound,gap %,status
872.090763092041,13.711000000006237,13.819000000006234,0.7876887170880889,2
time,best,best bound,gap %,status
872.5187349319458,13.787000000006238,13.819000000006234,0.2321027054470298,2
