time,best,best bound,gap %,status
78.66207599639893,1.796599999999684,23.4885,1207.386173884233,2
time,best,best bound,gap %,status
315.13637495040894,2.9138499999999024,12.17365,317.78574737891137,2
time,best,best bound,gap %,status
7069.84589099884,3.6644999999998453,11.863847461694956,223.75078350922243,2
