time,best,best bound,gap %,status
10.138399362564087,-1484.6999999999948,1e+100,6.735367414292473e+98,2
time,best,best bound,gap %,status
15.507135152816772,-418.28999999999775,-389.4099999999978,6.904300843912141,2
time,best,best bound,gap %,status
15.518076181411743,-414.08999999999776,-414.08999999999776,0.0,2
