time,best,best bound,gap %,status
1061.2532510757446,18.51950000000034,54.73599999999576,195.5587353869962,2
