time,best,best bound,gap %,status
4.908364772796631,-2093.300000000112,1e+100,4.77714613289995e+98,2
time,best,best bound,gap %,status
7.789639949798584,441.5399999998778,458.4599999998778,3.8320423970658823,2
time,best,best bound,gap %,status
7.803103923797607,443.4599999998778,443.4999999998778,0.009019979254041998,2
