time,best,best bound,gap %,status
581.5234327316284,3.6280500000003713,12.520424999993342,245.10067391552104,2
