time,best,best bound,gap %,status
12.934186935424805,18.886399999998485,1e+100,5.2948153168421734e+100,2
time,best,best bound,gap %,status
14.997673988342285,125.01659999998981,133.18029999999106,6.530092803677209,2
time,best,best bound,gap %,status
15.00633192062378,125.0717999999898,133.18029999999106,6.483076121077587,2
time,best,best bound,gap %,status
15.139104843139648,127.73989999998979,127.78389999998979,0.034444993302797676,2
time,best,best bound,gap %,status
15.153494834899902,127.75589999998978,127.78389999998979,0.02191679601490658,2
time,best,best bound,gap %,status
15.170951843261719,127.77189999998978,127.78389999998979,0.009391736367700108,2
