time,best,best bound,gap %,status
113.38654708862305,9.805000003929479,9.934100003929442,1.316675165203726,2
time,best,best bound,gap %,status
113.43178701400757,9.834850003929478,9.858950003929479,0.24504695028771778,2
time,best,best bound,gap %,status
113.46156597137451,9.839500003929478,9.858950003929479,0.19767264588884956,2
time,best,best bound,gap %,status
113.50863909721375,9.84200000392948,9.857750003929478,0.1600284494382294,2
time,best,best bound,gap %,status
113.57524108886719,9.84435000392948,9.856700003929479,0.1254526707712546,2
time,best,best bound,gap %,status
113.69159507751465,9.846150003929479,9.85420000392948,0.08175784440403733,2
time,best,best bound,gap %,status
113.7574851512909,9.84645000392948,9.85355000392948,0.07210720612165808,2
time,best,best bound,gap %,status
113.81309008598328,9.846950003929479,9.85260000392948,0.057378172913911216,2
time,best,best bound,gap %,status
113.91286206245422,9.84815000392948,9.852250003929479,0.04163218470843152,2
time,best,best bound,gap %,status
114.64162302017212,9.848300003929479,9.849998980693838,0.01725147247424915,2
time,best,best bound,gap %,status
116.35976600646973,9.84830000000206,9.849100003929479,0.008123269268991958,2
