time,best,best bound,gap %,status
1793.5677020549774,123.71685000000045,452.2555500000115,265.5569552571132,2
time,best,best bound,gap %,status
1832.9735267162323,132.9691500000117,133.00536428572752,0.027235103567877044,2
