time,best,best bound,gap %,status
23.109862089157104,12.86799999999938,28.209499999999622,119.22210133665668,2
time,best,best bound,gap %,status
23.14707589149475,15.890499999999454,16.10849999999964,1.3718888644170666,2
