time,best,best bound,gap %,status
14.812476873397827,35.45600000000005,142.86000000000013,302.921931407942,2
time,best,best bound,gap %,status
14.82207179069519,43.159000000000056,43.159000000000056,0.0,2
