time,best,best bound,gap %,status
40.82531213760376,-50.517600000003625,1e+100,1.9795081318192636e+100,2
time,best,best bound,gap %,status
57.755059242248535,28.65580000000092,42.60380000000081,48.674264895760864,2
time,best,best bound,gap %,status
57.80114197731018,32.487800000000924,42.60380000000081,31.13784251318833,2
