time,best,best bound,gap %,status
97.64807510375977,-45.38400000000508,1e+100,2.203419707385616e+100,2
time,best,best bound,gap %,status
155.26015281677246,27.240600000001,43.392600000000996,59.2938481531222,2
time,best,best bound,gap %,status
155.29697799682617,29.292600000001002,29.348600000001,0.19117456285886356,2
time,best,best bound,gap %,status
155.30575585365295,29.336600000001,29.348600000001,0.040904535631259405,2
