time,best,best bound,gap %,status
17.87668204307556,-45.08700000000132,1e+100,2.2179342160710868e+100,2
time,best,best bound,gap %,status
19.853924036026,-38.67300000000099,234.9274999991974,707.4716210254994,2
time,best,best bound,gap %,status
23.07848811149597,-35.53700000000111,-35.53700000000111,0.0,2
