time,best,best bound,gap %,status
51.33098483085632,-74.3199999999992,1e+100,1.345532831001091e+100,2
time,best,best bound,gap %,status
78.43025469779968,18.234000000001817,35.106000000001316,92.53043764394985,2
time,best,best bound,gap %,status
78.45691585540771,21.458000000001817,21.506000000001816,0.22369279522786004,2
time,best,best bound,gap %,status
78.46158599853516,21.49000000000182,21.506000000001816,0.07445323406232354,2
