time,best,best bound,gap %,status
1.0606720447540283,-325.5840000000017,1e+100,3.071404000196554e+99,2
time,best,best bound,gap %,status
1.2189760208129883,-280.5040000000006,111.07600000000014,139.5987222998602,2
time,best,best bound,gap %,status
1.2706272602081299,-202.3239999999998,-202.32399999999987,2.8095242710112528e-14,2
