time,best,best bound,gap %,status
6.803454399108887,-1e+100,43.117750000000214,100.0,2
time,best,best bound,gap %,status
6.842347860336304,3.435750000000007,43.117750000000214,1154.9734410245253,2
time,best,best bound,gap %,status
7.0577709674835205,3.435750000000007,12.423250000000117,261.58771738339783,2
time,best,best bound,gap %,status
7.132573843002319,11.893750000000018,12.423250000000117,4.451918024173178,2
time,best,best bound,gap %,status
7.142547130584717,12.401250000000015,12.401250000000115,8.021448080347861e-13,2
