time,best,best bound,gap %,status
714.5677230358124,-207.9449999999734,1e+100,4.80896390872648e+99,2
