time,best,best bound,gap %,status
152.74537301063538,-31.374999996662375,1e+100,3.1872509963549912e+100,2
time,best,best bound,gap %,status
1426.81112408638,901.2340000033436,924.0120000033435,2.527423510421866,2
time,best,best bound,gap %,status
1428.022045135498,903.7420000033436,903.7890000033436,0.005200599286063011,2
