time,best,best bound,gap %,status
28.566155910491943,5.751750000000152,5.806000000000152,0.9431912026774156,2
time,best,best bound,gap %,status
28.61435294151306,5.766500000000152,5.769100000000152,0.045088008323941546,2
time,best,best bound,gap %,status
28.628746032714844,5.766750000000152,5.769050000000152,0.03988381670784945,2
time,best,best bound,gap %,status
28.644956827163696,5.767500000000152,5.768400000000152,0.015604681404415347,2
