time,best,best bound,gap %,status
137.05774188041687,-31.629600000005485,1e+100,3.1615954675361896e+100,2
time,best,best bound,gap %,status
212.32292699813843,32.40240000000341,48.04640000000341,48.28037429325714,2
time,best,best bound,gap %,status
213.758465051651,36.92640000000333,36.95240000000341,0.07041032973718549,2
time,best,best bound,gap %,status
214.5238230228424,36.932400000003334,36.95240000000341,0.05415299303612106,2
