time,best,best bound,gap %,status
1.1938095092773438,2.1050000000000013,9.595000000000091,355.8194774346834,2
time,best,best bound,gap %,status
1.2037830352783203,2.130000000000001,9.595000000000091,350.4694835680792,2
time,best,best bound,gap %,status
2.274919271469116,4.855000000000002,5.166705658401064,6.42030192381177,2
time,best,best bound,gap %,status
2.3487229347229004,4.885000000000002,5.166705658401064,5.766748380779163,2
time,best,best bound,gap %,status
2.9710612297058105,4.965000000000002,5.106368780951016,2.8473067663849743,2
time,best,best bound,gap %,status
4.61865496635437,4.995000000000003,5.026429653679633,0.6292222958884996,2
time,best,best bound,gap %,status
32.6038613319397,4.995000003965375,5.019257575757555,0.48563707253098926,2
time,best,best bound,gap %,status
39.19623899459839,4.99500000808262,5.0188939393939185,0.4783569824351289,2
