time,best,best bound,gap %,status
0.7229351997375488,-246.4560000000003,1e+100,4.057519394942703e+99,2
time,best,best bound,gap %,status
0.8214049339294434,-223.5760000000001,-223.5760000000001,0.0,2
