"I","L","S","% Full accident coverage","% Partial1 accident coverage","% Partial2 accident coverage","% Partial3 accident coverage","% Null accident coverage"
168,100,100,12.7710349223218,0,81.5643736675569,0,5.66459141012128
270,100,100,14.0988983441034,0,76.8608804007257,0,9.04022125517088
500,100,100,18.2156384023177,0,77.9342566501946,0,3.85010494748775
900,100,100,21.4899457695236,0,75.271134510542,0,3.23891971993443
1500,100,100,25.1081782459002,0,72.5091591789876,0,2.3826625751122
