"I","L","S","% Full accident coverage","% Partial1 accident coverage","% Partial2 accident coverage","% Partial3 accident coverage","% Null accident coverage"
168,16,10,16.2831643285285,1.64734859461026,70.208247853697,1.35323094755143,9.49130998339269
270,16,10,16.2437198832309,2.51101578397404,69.8971181411023,1.71101578397404,9.63713040771864
500,16,10,23.4513552645398,2.21414141414141,66.3816287798032,2.18451178451178,5.36836275700373
900,16,10,20.6730214629151,1.56382978723404,72.5962442132655,0.25,4.91690453658539
1500,16,10,25.6660489859496,0.749341886620839,71.6930193952825,0.371517027863777,1.52007270428323
