"I","L","S","% Full accident coverage","% Partial1 accident coverage","% Partial2 accident coverage","% Partial3 accident coverage","% Null accident coverage","BLS ambulances","ALS ambulances"
168,30,10,12.9952812887595,1.28623188405797,84.8291587639414,0,0.454545454545455,35,20
270,30,10,19.8036359394118,1.54356060606061,77.0276577668819,0.3125,1.31264568764569,35,20
500,30,10,21.5830661922284,2.66580698838763,74.6289540656323,0.573300573300573,0.548872180451128,35,20
900,30,10,22.6828610198391,1.22229003244041,75.2326040497613,0,0.862244897959184,35,20
1500,30,10,30.0600315059578,1.71764638869902,67.2700078763681,0.227272727272727,0.725041501702331,35,20
