"I","L","S","% Full accident coverage","% Partial1 accident coverage","% Partial2 accident coverage","% Partial3 accident coverage","% Null accident coverage"
168,16,10,15.8664976618618,6.24229343471639,72.1840054436174,3.99373876358107,1.71346469622332
270,16,10,17.6476607699304,5.14727326337233,69.2743470124489,2.36078431372549,5.56993464052288
500,16,10,25.5522069183327,2.17710437710438,67.8275982787139,1.37710437710438,3.06598604874467
