"I","L","S","% Full accident coverage","% Partial1 accident coverage","% Partial2 accident coverage","% Partial3 accident coverage","% Null accident coverage","BLS ambulances","ALS ambulances"
168,16,10,14.1526224566073,6.0141298667308,56.0332265457503,18.2633619733666,4.89771392427939,10,6
168,16,10,16.2831643285285,3.53876040860272,75.4232527554454,3.04135781120012,1.71346469622332,20,11
168,16,10,15.8664976618618,6.24229343471639,72.1494432316359,4.02830097556264,1.71346469622332,35,20
