"I","L","S","% Full accident coverage","% Partial1 accident coverage","% Partial2 accident coverage","% Partial3 accident coverage","% Null accident coverage"
168,30,10,13.4300638974552,0.416666666666667,81.7783400174705,0,4.37492941840768
270,30,10,17.0413042895802,3.20286195286195,74.585864837589,2.57786195286195,2.2217365967366
500,30,10,17.7384914121697,6.51038176844628,71.4099902337653,3.79226440516763,0.548872180451128
900,30,10,21.397698306105,2.50745274617455,74.4850610522183,0.27027027027027,1.33951762523191
1500,30,10,29.8876177128544,1.89006018180247,67.127150733511,0.227272727272727,0.867898644559473
