"I","L","S","% Full accident coverage","% Partial1 accident coverage","% Partial2 accident coverage","% Partial3 accident coverage","% Null accident coverage"
168,100,100,13.3801231726171,0,83.9983820809589,0,2.62149474642393
270,100,100,15.3680391003358,0,82.8325247419522,0,1.79943615771202
500,100,100,18.841783686125,0,79.7272387527541,0,1.43097756112092
900,100,100,21.9499713227556,0,77.1464361642108,0,0.903592513033609
1500,100,100,25.4025226754193,0,73.6332701241835,0,0.964207200397202
