"I","L","S","% Full accident coverage","% Partial1 accident coverage","% Partial2 accident coverage","% Partial3 accident coverage","% Null accident coverage"
168,100,100,6.70737326430434,6.54124032099759,38.6535303950472,26.3531805792265,21.7446754404244
270,100,100,0,14.8374484973178,0,10.30178118993,74.8607703127522
500,100,100,0,0,0,0,100
900,100,100,0,0,0,0,100
1500,100,100,0,0,0,0,100
