"I","L","S","% Full accident coverage","% Partial1 accident coverage","% Partial2 accident coverage","% Partial3 accident coverage","% Null accident coverage","BLS ambulances","ALS ambulances"
168,100,100,6.70737326430434,6.54124032099759,38.6535303950472,26.3531805792265,21.7446754404244,10,6
270,100,100,0,14.8374484973178,0,10.30178118993,74.8607703127522,10,6
500,100,100,0,0,0,0,100,10,6
900,100,100,0,0,0,0,100,10,6
1500,100,100,0,0,0,0,100,10,6
