"I","L","S","% Full accident coverage","% Partial1 accident coverage","% Partial2 accident coverage","% Partial3 accident coverage","% Null accident coverage","BLS ambulances","ALS ambulances"
900,50,100,15.2383043025174,8.33977339171214,11.5951227213922,0.0922171666104932,64.7345824177678,10,6
900,50,100,22.7211327720798,5.69779272156693,29.4219511980382,2.13848932161272,40.0206339867024,20,11
900,50,100,29.6560874465619,13.7101402927102,18.7234949485884,15.8536515836776,22.0566257284619,35,20
900,50,100,15.2383043025174,8.33977339171214,11.5951227213922,0.0922171666104932,64.7345824177678,10,6
900,50,100,22.7211327720798,5.69779272156693,29.4219511980382,2.13848932161272,40.0206339867024,20,11
900,50,100,29.6560874465619,13.7101402927102,18.7234949485884,15.8536515836776,22.0566257284619,35,20
900,50,100,13.5452045456123,10.4808628154429,10.1478873438105,0.195839713391896,65.6302055817424,10,6
900,50,100,22.2194372253218,7.97968799888877,24.2847433146423,1.40968394128261,44.1064475198645,20,11
900,50,100,34.6536762875496,8.80406246944601,34.4703364913069,3.17346158320746,18.8984631684901,35,20
