"I","L","Amb 1","Amb 2","Mean % Full","Mean % P1","Mean % P2","Mean % P3","Mean % Null"
168,100,35,20,13.2961783874941,14.0674015762811,14.4058397397429,53.9765072977886,4.18510748145189
270,100,35,20,11.5260746077237,13.5933064750233,14.3480191005848,57.7507533458687,2.78184647079951
500,100,35,20,10.8567944728149,14.778469920859,11.3977835858848,58.9072605987571,4.05969142168413
900,100,35,20,12.8269631676111,15.572343471599,10.005344608973,49.6245129369548,11.9708358148621
1500,100,35,20,12.818066821048,18.3933772622179,10.3057484686175,40.5505235421303,17.9253873542623
