"I","L","Amb 1","Amb 2","Mean % Full","Mean % P1","Mean % P2","Mean % P3","Mean % Null"
10,100,35,20,36.7688046001148,7.74840806526695,46.6533161512119,7.48869904926897,1.22966102302634
50,100,35,20,24.5378830861472,15.7934405949254,18.5980717407062,38.0940563380301,2.97654824019112
100,100,35,20,0.972122505438833,15.15537504658,5.59831492838477,76.5441404340563,1.7300470855401
150,100,35,20,1.05702392695965,15.1981484451839,5.41806745641285,76.8108566865237,1.51590348491988
200,100,35,20,0.923721272472553,18.8493367338177,0,75.4560215860467,4.77092040766302
