"I","L","Amb 1","Amb 2","Mean % Full","Mean % P1","Mean % P2","Mean % P3","Mean % Null"
10,16,35,20,13.9960557042747,36.4612212215582,28.4194673711583,21.1232557030087,0
50,16,35,20,14.3155363573821,33.3292193194381,30.4389755870286,21.1979784555244,0.718290280626823
100,16,35,20,13.7105156468194,34.6764413850761,31.0170918424728,19.4870269955988,1.10892413003288
150,16,35,20,13.9909624946284,33.3583954858865,31.848695716067,19.6442299462439,1.08540581210997
200,16,35,20,14.2922448337613,33.1698115133949,32.6849739191378,18.5471432744976,1.2783267831205
