"I","L","Amb 1","Amb 2","Mean % Full","Mean % P1","Mean % P2","Mean % P3","Mean % Null"
10,100,35,20,17.4076202174341,1.69181582570792,52.280461677282,8.77016767773888,19.8499346018371
50,100,35,20,15.609180465027,2.64748095358175,45.869005896578,14.4545675419855,21.4197651428278
100,100,35,20,14.9714560611745,2.44556217821853,44.5363349281491,16.1606471570677,21.8859996753902
150,100,35,20,14.2381279690188,2.37783564536196,43.6271109896185,17.0243322855341,22.7325931104667
200,100,35,20,14.6465810398569,2.18050912094617,43.8705748883533,18.0346299189904,21.2677050318533
