"I","L","Amb 1","Amb 2","Mean % Full","Mean % P1","Mean % P2","Mean % P3","Mean % Null"
168,16,35,20,13.1260545969005,37.7726239095314,27.0741104055387,21.6200100803032,0.332201007726139
270,16,35,20,14.7733736766855,33.591311893766,30.1824119093939,20.8602402953105,0.531039649888163
500,16,35,20,19.7203135276161,25.4757031604331,32.9171003831045,18.907496503781,2.94505836825004
900,16,35,20,20.1260207437789,19.0384620218944,34.2982076839409,16.0611554877086,10.4134193916667
1500,16,35,20,23.2913431000493,17.0635276687904,29.8493754642972,8.57688432693834,21.0938694399247
