"I","L","Amb 1","Amb 2","Mean % Full","Mean % P1","Mean % P2","Mean % P3","Mean % Null"
168,100,35,20,30.7998764078946,20.2349776473286,43.6003357877421,4.92031238293302,0.25458463543292
270,100,35,20,31.6825208027191,14.4654811232982,45.5285220386191,7.22780718994012,1.00152872500741
500,100,35,20,34.2661563788416,9.91431948013706,42.2466024891647,7.19087848629388,6.3791019890922
900,100,35,20,36.656044126547,5.92496733434713,35.3757531250203,4.87721181156118,17.1660236025245
1500,100,35,20,40.2201841671129,4.88098967913844,24.3112751241832,3.59998225905035,26.9875687705151
