"I","L","Amb 1","Amb 2","Mean % Full","Mean % P1","Mean % P2","Mean % P3","Mean % Null"
168,16,35,20,12.9723037733991,37.9325102641684,27.121873073627,21.6509690239366,0.322343864868996
270,16,35,20,14.5556869254621,33.8592400333924,30.0426458009149,21.015154183208,0.523106390355933
500,16,35,20,19.1197737871436,26.1821751282684,33.2853423835684,18.5259203809955,2.87469368950853
900,16,35,20,19.97467626666,19.0162190976113,34.0758760544146,17.0347332276143,9.89632144065628
1500,16,35,20,23.1304906045465,17.0083224209671,29.854332283382,9.45865629105598,20.5263802182302
