"I","L","Amb 1","Amb 2","Mean % Full","Mean % P1","Mean % P2","Mean % P3","Mean % Null"
168,100,35,20,13.14454396503,14.5267237522957,15.5918815505206,56.5494913104311,0.18735942172256
270,100,35,20,10.3874597598879,14.1198417767278,13.7706375853982,60.6806809490965,0.985824373333986
500,100,35,20,9.75853528375184,15.7499208129993,10.7258278344452,58.9652287834816,4.8004872853221
900,100,35,20,9.31345895824499,17.2513537086868,5.90552644138424,56.1049216202774,11.4247392714066
