name,I size,L size,S size,model time,best obj,best bound,gap %,status,total time
Instance_168_16_,168,16,10,23.0746901,4.995000008,5.019060606,0.481693646,2,94.89004374
Instance_168_16_,168,16,100,423.12257,4.91145,4.9441,0.664773132,2,10804.22699
Instance_168_16_,168,16,200,5643.593997,4.84205,4.85945,0.359351923,2,10808.74663
Instance_500_16_,500,16,10,29.24442482,7.525000014,7.540483326,0.205758306,2,64.81945801
Instance_500_16_,500,16,100,10804.53819,7.47815,7.4824,0.056832238,2,10809.83684
Instance_500_16_,500,16,200,6041.147398,8.1495,8.1665,0.208601755,2,10810.9416
Instance_1500_16_,1500,16,10,21.04582095,9.990000001,10.0219188,0.319507486,2,48.13504672
Instance_1500_16_,1500,16,100,5078.451396,10.6797,10.69415,0.135303426,2,10808.24106
Instance_1500_16_,1500,16,200,10301.64897,11.0536,11.09665,0.389465875,2,10838.32562
