name,I size,L size,S size,model time,best obj,best bound,gap %,status,total time
Instance_168_100_,168,100,10,10594.95801,7.865,8.460341985,7.569510301,2,10802.61484
Instance_168_100_,168,100,100,30.76945186,1.8485,16.779,807.7089532,2,10817.48658
Instance_168_100_,168,100,200,65.42520809,1.93335,17.27875,793.7207438,2,10843.43668
Instance_500_100_,500,100,10,10737.33772,10.6315,11.61434048,9.244607796,2,10804.22544
Instance_500_100_,500,100,100,2979.726855,2.97905,13.6754416,359.0537788,2,10831.03703
Instance_500_100_,500,100,200,106.323396,2.78645,29.5205,959.4304581,2,10905.88789
Instance_1500_100_,1500,100,10,10645.50908,13.206,14.00244441,6.03092841,2,10809.18132
Instance_1500_100_,1500,100,100,10834.62553,8.8318,17.76234977,101.118116,2,10849.66586
Instance_1500_100_,1500,100,200,154.9713628,4.2533,46.74875,999.1171561,2,10910.063
